year,major,university,province,program_type,admission_category,capacity,gender,intake,source_id,source_page,code,source_title
1403,فوریت‌های پزشکی پیش‌بیمارستانی,دانشکده علوم پزشکی و خدمات بهداشتی درمانی سراب,آذربایجان شرقی,روزانه,سهمیه بهیاران,20,مرد,نیمسال اول,1403-booklet,50,31864,فوریت های پزشکی پیش بیمارستانی
1403,فوریت‌های پزشکی پیش‌بیمارستانی,دانشکده علوم پزشکی و خدمات بهداشتی درمانی سراب,آذربایجان شرقی,روزانه,سهمیه بهیاران,1,مرد,نیمسال اول,1403-booklet,50,31865,فوریت های پزشکی پیش بیمارستانی
1403,فوریت‌های پزشکی پیش‌بیمارستانی,دانشکده علوم پزشکی و خدمات بهداشتی درمانی سراب,آذربایجان شرقی,روزانه,بورسیه / شرایط خاص,5,مرد,نیمسال اول,1403-booklet,50,31866,فوریت های پزشکی پیش بیمارستانی
1403,فوریت‌های پزشکی پیش‌بیمارستانی,دانشکده علوم پزشکی و خدمات بهداشتی درمانی مراغه,آذربایجان شرقی,روزانه,سهمیه بهیاران,1,مرد,نیمسال دوم,1403-booklet,51,31877,فوریت های پزشکی پیش بیمارستانی
1403,فوریت‌های پزشکی پیش‌بیمارستانی,دانشکده علوم پزشکی و خدمات بهداشتی درمانی مراغه,آذربایجان شرقی,روزانه,بورسیه / شرایط خاص,15,مرد,نیمسال دوم,1403-booklet,51,31878,فوریت های پزشکی پیش بیمارستانی
1403,فوریت‌های پزشکی پیش‌بیمارستانی,دانشکده علوم پزشکی و خدمات بهداشتی درمانی مراغه,آذربایجان شرقی,شهریه‌پرداز,بورسیه / شرایط خاص,5,مرد,نیمسال دوم,1403-booklet,51,31888,فوریت های پزشکی پیش بیمارستانی
1403,فوریت‌های پزشکی پیش‌بیمارستانی,دانشگاه علوم پزشکی تبریز,آذربایجان شرقی,روزانه,سهمیه بهیاران,20,مرد,نیمسال اول,1403-booklet,49,31823,فوریت های پزشکی پیش بیمارستانی
1403,فوریت‌های پزشکی پیش‌بیمارستانی,دانشگاه علوم پزشکی تبریز,آذربایجان شرقی,روزانه,سهمیه بهیاران,1,مرد,نیمسال اول,1403-booklet,49,31824,فوریت های پزشکی پیش بیمارستانی
1403,فوریت‌های پزشکی پیش‌بیمارستانی,دانشکده علوم پزشکی و خدمات بهداشتی درمانی خوی,آذربایجان غربی,روزانه,سهمیه بهیاران,25,زن 5 نفر و مرد 20 نفر,نیمسال اول,1403-booklet,54,31943,فوریت های پزشکی پیش بیمارستانی
1403,فوریت‌های پزشکی پیش‌بیمارستانی,دانشکده علوم پزشکی و خدمات بهداشتی درمانی خوی,آذربایجان غربی,روزانه,سهمیه بهیاران,1,مرد,نیمسال اول,1403-booklet,54,31944,فوریت های پزشکی پیش بیمارستانی
1403,فوریت‌های پزشکی پیش‌بیمارستانی,دانشکده علوم پزشکی و خدمات بهداشتی درمانی خوی,آذربایجان غربی,شهریه‌پرداز,بورسیه / شرایط خاص,2,زن 1 نفر و مرد 1 نفر,نیمسال اول,1403-booklet,54,31950,فوریت های پزشکی پیش بیمارستانی
1403,فوریت‌های پزشکی پیش‌بیمارستانی,دانشگاه علوم پزشکی ارومیه,آذربایجان غربی,روزانه,سهمیه بهیاران,18,مرد,نیمسال اول,1403-booklet,52,31910,فوریت های پزشکی پیش بیمارستانی
1403,فوریت‌های پزشکی پیش‌بیمارستانی,دانشگاه علوم پزشکی ارومیه,آذربایجان غربی,روزانه,سهمیه بهیاران,1,زن و مرد,نیمسال اول,1403-booklet,52,31911,فوریت های پزشکی پیش بیمارستانی
1403,فوریت‌های پزشکی پیش‌بیمارستانی,دانشگاه علوم پزشکی ارومیه,آذربایجان غربی,روزانه,بورسیه / شرایط خاص,2,مرد,نیمسال اول,1403-booklet,52,31912,فوریت های پزشکی پیش بیمارستانی
1403,فوریت‌های پزشکی پیش‌بیمارستانی,دانشگاه علوم پزشکی ارومیه,آذربایجان غربی,روزانه,سهمیه بهیاران,1,زن و مرد,نیمسال اول,1403-booklet,52,31924,فوریت های پزشکی پیش بیمارستانی
1403,فوریت‌های پزشکی پیش‌بیمارستانی,دانشگاه علوم پزشکی ارومیه,آذربایجان غربی,روزانه,بورسیه / شرایط خاص,19,مرد,نیمسال دوم,1403-booklet,53,31925,فوریت های پزشکی پیش بیمارستانی
1403,فوریت‌های پزشکی پیش‌بیمارستانی,دانشگاه علوم پزشکی ارومیه,آذربایجان غربی,روزانه,سهمیه بهیاران,1,مرد,نیمسال دوم,1403-booklet,53,31930,فوریت های پزشکی پیش بیمارستانی
1403,فوریت‌های پزشکی پیش‌بیمارستانی,دانشگاه علوم پزشکی ارومیه,آذربایجان غربی,روزانه,بورسیه / شرایط خاص,15,مرد,نیمسال دوم,1403-booklet,53,31931,فوریت های پزشکی پیش بیمارستانی
1403,فوریت‌های پزشکی پیش‌بیمارستانی,دانشگاه علوم پزشکی اردبیل,اردبیل,روزانه,سهمیه بهیاران,27,زن 7 نفر و مرد 20 نفر,نیمسال اول,1403-booklet,55,31972,فوریت های پزشکی پیش بیمارستانی
1403,فوریت‌های پزشکی پیش‌بیمارستانی,دانشگاه علوم پزشکی اردبیل,اردبیل,روزانه,سهمیه بهیاران,2,زن 1 نفر و مرد 1 نفر,نیمسال اول,1403-booklet,55,31973,فوریت های پزشکی پیش بیمارستانی
1403,فوریت‌های پزشکی پیش‌بیمارستانی,دانشگاه علوم پزشکی اردبیل,اردبیل,روزانه,بورسیه / شرایط خاص,3,مرد,نیمسال اول,1403-booklet,55,31974,فوریت های پزشکی پیش بیمارستانی
1403,فوریت‌های پزشکی پیش‌بیمارستانی,دانشگاه علوم پزشکی اصفهان,اصفهان,روزانه,سهمیه بهیاران,15,مرد,نیمسال اول,1403-booklet,56,32016,فوریت های پزشکی پیش بیمارستانی
1403,فوریت‌های پزشکی پیش‌بیمارستانی,دانشگاه علوم پزشکی اصفهان,اصفهان,روزانه,سهمیه بهیاران,1,مرد,نیمسال اول,1403-booklet,56,32017,فوریت های پزشکی پیش بیمارستانی
1403,فوریت‌های پزشکی پیش‌بیمارستانی,دانشگاه علوم پزشکی اصفهان,اصفهان,شهریه‌پرداز,بورسیه / شرایط خاص,5,مرد,نیمسال اول,1403-booklet,57,32041,فوریت های پزشکی پیش بیمارستانی
1403,فوریت‌های پزشکی پیش‌بیمارستانی,دانشگاه علوم پزشکی کاشان,اصفهان,روزانه,سهمیه بهیاران,1,زن و مرد,نیمسال دوم,1403-booklet,58,32065,فوریت های پزشکی پیش بیمارستانی
1403,فوریت‌های پزشکی پیش‌بیمارستانی,دانشگاه علوم پزشکی کاشان,اصفهان,روزانه,بورسیه / شرایط خاص,3,زن و مرد,نیمسال دوم,1403-booklet,58,32066,فوریت های پزشکی پیش بیمارستانی
1403,فوریت‌های پزشکی پیش‌بیمارستانی,دانشگاه علوم پزشکی کاشان,اصفهان,روزانه,بورسیه / شرایط خاص,15,زن 3 نفر و مرد 12 نفر,نیمسال دوم,1403-booklet,58,32067,فوریت های پزشکی پیش بیمارستانی
1403,فوریت‌های پزشکی پیش‌بیمارستانی,دانشگاه علوم پزشکی کاشان,اصفهان,شهریه‌پرداز,بورسیه / شرایط خاص,2,زن 1 نفر و مرد 1 نفر,نیمسال دوم,1403-booklet,58,32082,فوریت های پزشکی پیش بیمارستانی
1403,فوریت‌های پزشکی پیش‌بیمارستانی,دانشگاه علوم پزشکی البرز -کرج,البرز,روزانه,سهمیه بهیاران,1,زن و مرد,نیمسال اول,1403-booklet,60,32109,فوریت های پزشکی پیش بیمارستانی
1403,فوریت‌های پزشکی پیش‌بیمارستانی,دانشگاه علوم پزشکی البرز -کرج,البرز,روزانه,بورسیه / شرایط خاص,17,زن 2 نفر و مرد 15 نفر,نیمسال اول,1403-booklet,60,32110,فوریت های پزشکی پیش بیمارستانی
1403,فوریت‌های پزشکی پیش‌بیمارستانی,دانشگاه علوم پزشکی البرز -کرج,البرز,روزانه,بورسیه / شرایط خاص,3,مرد,نیمسال اول,1403-booklet,60,32111,فوریت های پزشکی پیش بیمارستانی
1403,فوریت‌های پزشکی پیش‌بیمارستانی,دانشگاه علوم پزشکی البرز -کرج,البرز,شهریه‌پرداز,بورسیه / شرایط خاص,5,زن 2 نفر و مرد 3 نفر,نیمسال اول,1403-booklet,60,32126,فوریت های پزشکی پیش بیمارستانی
1403,فوریت‌های پزشکی پیش‌بیمارستانی,دانشگاه علوم پزشکی ایلام,ایلام,روزانه,سهمیه بهیاران,1,مرد,نیمسال دوم,1403-booklet,61,32142,فوریت های پزشکی پیش بیمارستانی
1403,فوریت‌های پزشکی پیش‌بیمارستانی,دانشگاه علوم پزشکی ایلام,ایلام,روزانه,بورسیه / شرایط خاص,3,مرد,نیمسال دوم,1403-booklet,61,32143,فوریت های پزشکی پیش بیمارستانی
1403,فوریت‌های پزشکی پیش‌بیمارستانی,دانشگاه علوم پزشکی ایلام,ایلام,روزانه,بورسیه / شرایط خاص,12,مرد,نیمسال دوم,1403-booklet,61,32144,فوریت های پزشکی پیش بیمارستانی
1403,فوریت‌های پزشکی پیش‌بیمارستانی,دانشگاه علوم پزشکی ایلام,ایلام,شهریه‌پرداز,بورسیه / شرایط خاص,5,زن و مرد,نیمسال دوم,1403-booklet,61,32157,فوریت های پزشکی پیش بیمارستانی
1403,فوریت‌های پزشکی پیش‌بیمارستانی,دانشگاه علوم پزشکی بوشهر,بوشهر,روزانه,سهمیه بهیاران,1,زن و مرد,نیمسال دوم,1403-booklet,62,32174,فوریت های پزشکی پیش بیمارستانی
1403,فوریت‌های پزشکی پیش‌بیمارستانی,دانشگاه علوم پزشکی بوشهر,بوشهر,روزانه,بورسیه / شرایط خاص,3,مرد,نیمسال دوم,1403-booklet,62,32175,فوریت های پزشکی پیش بیمارستانی
1403,فوریت‌های پزشکی پیش‌بیمارستانی,دانشگاه علوم پزشکی بوشهر,بوشهر,روزانه,بورسیه / شرایط خاص,22,زن 5 نفر و مرد 17 نفر,نیمسال دوم,1403-booklet,62,32176,فوریت های پزشکی پیش بیمارستانی
1403,فوریت‌های پزشکی پیش‌بیمارستانی,دانشگاه علوم پزشکی ایران,تهران,روزانه,سهمیه بهیاران,1,زن و مرد,نیمسال دوم,1403-booklet,66,32252,فوریت های پزشکی پیش بیمارستانی
1403,فوریت‌های پزشکی پیش‌بیمارستانی,دانشگاه علوم پزشکی ایران,تهران,روزانه,بورسیه / شرایط خاص,20,زن و مرد,نیمسال دوم,1403-booklet,66,32253,فوریت های پزشکی پیش بیمارستانی
1403,فوریت‌های پزشکی پیش‌بیمارستانی,دانشگاه علوم پزشکی تهران,تهران,روزانه,سهمیه بهیاران,18,زن 3 نفر و مرد 15 نفر,نیمسال اول,1403-booklet,70,32313,فوریت های پزشکی پیش بیمارستانی
1403,فوریت‌های پزشکی پیش‌بیمارستانی,دانشگاه علوم پزشکی تهران,تهران,روزانه,سهمیه بهیاران,1,زن و مرد,نیمسال اول,1403-booklet,70,32314,فوریت های پزشکی پیش بیمارستانی
1403,فوریت‌های پزشکی پیش‌بیمارستانی,دانشگاه علوم پزشکی تهران,تهران,روزانه,بورسیه / شرایط خاص,2,مرد,نیمسال اول,1403-booklet,70,32315,فوریت های پزشکی پیش بیمارستانی
1403,فوریت‌های پزشکی پیش‌بیمارستانی,دانشگاه علوم پزشکی شهید بهشتی -تهران,تهران,روزانه,سهمیه بهیاران,1,زن و مرد,نیمسال دوم,1403-booklet,71,32353,فوریت های پزشکی پیش بیمارستانی
1403,فوریت‌های پزشکی پیش‌بیمارستانی,دانشگاه علوم پزشکی شهید بهشتی -تهران,تهران,روزانه,بورسیه / شرایط خاص,25,زن 7 نفر و مرد 18 نفر,نیمسال دوم,1403-booklet,71,32354,فوریت های پزشکی پیش بیمارستانی
1403,فوریت‌های پزشکی پیش‌بیمارستانی,دانشگاه علوم پزشکی بیرجند,خراسان جنوبی,روزانه,سهمیه بهیاران,1,زن و مرد,نیمسال دوم,1403-booklet,74,32464,فوریت های پزشکی پیش بیمارستانی
1403,فوریت‌های پزشکی پیش‌بیمارستانی,دانشگاه علوم پزشکی بیرجند,خراسان جنوبی,روزانه,بورسیه / شرایط خاص,3,مرد,نیمسال دوم,1403-booklet,74,32465,فوریت های پزشکی پیش بیمارستانی
1403,فوریت‌های پزشکی پیش‌بیمارستانی,دانشگاه علوم پزشکی بیرجند,خراسان جنوبی,روزانه,بورسیه / شرایط خاص,12,زن 2 نفر و مرد 10 نفر,نیمسال دوم,1403-booklet,75,32466,فوریت های پزشکی پیش بیمارستانی
1403,فوریت‌های پزشکی پیش‌بیمارستانی,دانشگاه علوم پزشکی بیرجند,خراسان جنوبی,شهریه‌پرداز,بورسیه / شرایط خاص,3,زن 2 نفر و مرد 1 نفر,نیمسال دوم,1403-booklet,75,32480,فوریت های پزشکی پیش بیمارستانی
1403,فوریت‌های پزشکی پیش‌بیمارستانی,دانشگاه علوم پزشکی تربت حیدریه,خراسان رضوی,روزانه,سهمیه بهیاران,1,زن و مرد,نیمسال دوم,1403-booklet,77,32528,فوریت های پزشکی پیش بیمارستانی
1403,فوریت‌های پزشکی پیش‌بیمارستانی,دانشگاه علوم پزشکی تربت حیدریه,خراسان رضوی,روزانه,بورسیه / شرایط خاص,5,مرد,نیمسال دوم,1403-booklet,77,32529,فوریت های پزشکی پیش بیمارستانی
1403,فوریت‌های پزشکی پیش‌بیمارستانی,دانشگاه علوم پزشکی تربت حیدریه,خراسان رضوی,روزانه,بورسیه / شرایط خاص,15,زن 5 نفر و مرد 10 نفر,نیمسال دوم,1403-booklet,77,32530,فوریت های پزشکی پیش بیمارستانی
1403,فوریت‌های پزشکی پیش‌بیمارستانی,دانشگاه علوم پزشکی مشهد,خراسان رضوی,روزانه,سهمیه بهیاران,1,مرد,نیمسال دوم,1403-booklet,80,32632,فوریت های پزشکی پیش بیمارستانی
1403,فوریت‌های پزشکی پیش‌بیمارستانی,دانشگاه علوم پزشکی مشهد,خراسان رضوی,روزانه,بورسیه / شرایط خاص,5,مرد,نیمسال دوم,1403-booklet,80,32633,فوریت های پزشکی پیش بیمارستانی
1403,فوریت‌های پزشکی پیش‌بیمارستانی,دانشگاه علوم پزشکی مشهد,خراسان رضوی,روزانه,بورسیه / شرایط خاص,11,زن 3 نفر و مرد 8 نفر,نیمسال دوم,1403-booklet,80,32634,فوریت های پزشکی پیش بیمارستانی
1403,فوریت‌های پزشکی پیش‌بیمارستانی,دانشگاه علوم پزشکی مشهد,خراسان رضوی,شهریه‌پرداز,بورسیه / شرایط خاص,3,زن 1 نفر و مرد 2 نفر,نیمسال دوم,1403-booklet,80,32657,فوریت های پزشکی پیش بیمارستانی
1403,فوریت‌های پزشکی پیش‌بیمارستانی,دانشگاه علوم پزشکی مشهد,خراسان رضوی,روزانه,سهمیه بهیاران,1,مرد,نیمسال دوم,1403-booklet,81,32671,فوریت های پزشکی پیش بیمارستانی
1403,فوریت‌های پزشکی پیش‌بیمارستانی,دانشگاه علوم پزشکی مشهد,خراسان رضوی,روزانه,بورسیه / شرایط خاص,12,زن 3 نفر و مرد 9 نفر,نیمسال دوم,1403-booklet,81,32672,فوریت های پزشکی پیش بیمارستانی
1403,فوریت‌های پزشکی پیش‌بیمارستانی,دانشگاه علوم پزشکی نیشابور,خراسان رضوی,روزانه,بورسیه / شرایط خاص,15,زن 5 نفر و مرد 10 نفر,نیمسال اول,1403-booklet,82,32689,فوریت های پزشکی پیش بیمارستانی
1403,فوریت‌های پزشکی پیش‌بیمارستانی,دانشگاه علوم پزشکی نیشابور,خراسان رضوی,روزانه,سهمیه بهیاران,1,زن و مرد,نیمسال اول,1403-booklet,82,32690,فوریت های پزشکی پیش بیمارستانی
1403,فوریت‌های پزشکی پیش‌بیمارستانی,دانشگاه علوم پزشکی نیشابور,خراسان رضوی,شهریه‌پرداز,بورسیه / شرایط خاص,5,زن 2 نفر و مرد 3 نفر,نیمسال اول,1403-booklet,83,32702,فوریت های پزشکی پیش بیمارستانی
1403,فوریت‌های پزشکی پیش‌بیمارستانی,دانشگاه علوم پزشکی گناباد,خراسان رضوی,روزانه,سهمیه بهیاران,1,زن و مرد,نیمسال دوم,1403-booklet,79,32591,فوریت های پزشکی پیش بیمارستانی
1403,فوریت‌های پزشکی پیش‌بیمارستانی,دانشگاه علوم پزشکی گناباد,خراسان رضوی,روزانه,بورسیه / شرایط خاص,20,زن 4 نفر و مرد 16 نفر,نیمسال دوم,1403-booklet,79,32592,فوریت های پزشکی پیش بیمارستانی
1403,فوریت‌های پزشکی پیش‌بیمارستانی,دانشگاه علوم پزشکی گناباد,خراسان رضوی,شهریه‌پرداز,بورسیه / شرایط خاص,5,زن 1 نفر و مرد 4 نفر,نیمسال دوم,1403-booklet,79,32608,فوریت های پزشکی پیش بیمارستانی
1403,فوریت‌های پزشکی پیش‌بیمارستانی,دانشکده علوم پزشکی و خدمات بهداشتی درمانی اسفراین,خراسان شمالی,روزانه,سهمیه بهیاران,1,زن و مرد,نیمسال دوم,1403-booklet,85,32758,فوریت های پزشکی پیش بیمارستانی
1403,فوریت‌های پزشکی پیش‌بیمارستانی,دانشکده علوم پزشکی و خدمات بهداشتی درمانی اسفراین,خراسان شمالی,روزانه,بورسیه / شرایط خاص,25,زن 7 نفر و مرد 18 نفر,نیمسال دوم,1403-booklet,85,32759,فوریت های پزشکی پیش بیمارستانی
1403,فوریت‌های پزشکی پیش‌بیمارستانی,دانشگاه علوم پزشکی خراسان شمالی -بجنورد,خراسان شمالی,روزانه,بورسیه / شرایط خاص,17,مرد,نیمسال اول,1403-booklet,84,32749,فوریت های پزشکی پیش بیمارستانی
1403,فوریت‌های پزشکی پیش‌بیمارستانی,دانشگاه علوم پزشکی خراسان شمالی -بجنورد,خراسان شمالی,روزانه,سهمیه بهیاران,1,مرد,نیمسال اول,1403-booklet,84,32750,فوریت های پزشکی پیش بیمارستانی
1403,فوریت‌های پزشکی پیش‌بیمارستانی,دانشگاه علوم پزشکی خراسان شمالی -بجنورد,خراسان شمالی,روزانه,بورسیه / شرایط خاص,3,مرد,نیمسال اول,1403-booklet,84,32751,فوریت های پزشکی پیش بیمارستانی
1403,فوریت‌های پزشکی پیش‌بیمارستانی,دانشگاه علوم پزشکی خراسان شمالی -بجنورد,خراسان شمالی,شهریه‌پرداز,بورسیه / شرایط خاص,5,مرد,نیمسال اول,1403-booklet,84,32753,فوریت های پزشکی پیش بیمارستانی
1403,فوریت‌های پزشکی پیش‌بیمارستانی,دانشکده علوم پزشکی و خدمات بهداشتی درمانی شوشتر,خوزستان,روزانه,سهمیه بهیاران,1,زن و مرد,نیمسال دوم,1403-booklet,89,32888,فوریت های پزشکی پیش بیمارستانی
1403,فوریت‌های پزشکی پیش‌بیمارستانی,دانشکده علوم پزشکی و خدمات بهداشتی درمانی شوشتر,خوزستان,روزانه,بورسیه / شرایط خاص,12,زن 3 نفر و مرد 9 نفر,نیمسال دوم,1403-booklet,89,32889,فوریت های پزشکی پیش بیمارستانی
1403,فوریت‌های پزشکی پیش‌بیمارستانی,دانشکده علوم پزشکی و خدمات بهداشتی درمانی شوشتر,خوزستان,شهریه‌پرداز,بورسیه / شرایط خاص,3,زن 1 نفر و مرد 2 نفر,نیمسال دوم,1403-booklet,90,32898,فوریت های پزشکی پیش بیمارستانی
1403,فوریت‌های پزشکی پیش‌بیمارستانی,دانشگاه علوم پزشکی آبادان,خوزستان,روزانه,سهمیه بهیاران,20,زن 10 نفر و مرد 10 نفر,نیمسال اول,1403-booklet,90,32911,فوریت های پزشکی پیش بیمارستانی
1403,فوریت‌های پزشکی پیش‌بیمارستانی,دانشگاه علوم پزشکی آبادان,خوزستان,روزانه,سهمیه بهیاران,1,زن و مرد,نیمسال اول,1403-booklet,90,32912,فوریت های پزشکی پیش بیمارستانی
1403,فوریت‌های پزشکی پیش‌بیمارستانی,دانشگاه علوم پزشکی جندی شاپور -اهواز,خوزستان,روزانه,سهمیه بهیاران,1,زن و مرد,نیمسال دوم,1403-booklet,86,32787,فوریت های پزشکی پیش بیمارستانی
1403,فوریت‌های پزشکی پیش‌بیمارستانی,دانشگاه علوم پزشکی جندی شاپور -اهواز,خوزستان,روزانه,بورسیه / شرایط خاص,5,مرد,نیمسال دوم,1403-booklet,86,32788,فوریت های پزشکی پیش بیمارستانی
1403,فوریت‌های پزشکی پیش‌بیمارستانی,دانشگاه علوم پزشکی جندی شاپور -اهواز,خوزستان,روزانه,بورسیه / شرایط خاص,13,زن 3 نفر و مرد 10 نفر,نیمسال دوم,1403-booklet,86,32789,فوریت های پزشکی پیش بیمارستانی
1403,فوریت‌های پزشکی پیش‌بیمارستانی,دانشگاه علوم پزشکی جندی شاپور -اهواز,خوزستان,شهریه‌پرداز,بورسیه / شرایط خاص,5,زن 1 نفر و مرد 4 نفر,نیمسال دوم,1403-booklet,87,32817,فوریت های پزشکی پیش بیمارستانی
1403,فوریت‌های پزشکی پیش‌بیمارستانی,دانشگاه علوم پزشکی دزفول,خوزستان,روزانه,سهمیه بهیاران,1,مرد,نیمسال دوم,1403-booklet,88,32852,فوریت های پزشکی پیش بیمارستانی
1403,فوریت‌های پزشکی پیش‌بیمارستانی,دانشگاه علوم پزشکی دزفول,خوزستان,روزانه,بورسیه / شرایط خاص,20,مرد,نیمسال دوم,1403-booklet,88,32853,فوریت های پزشکی پیش بیمارستانی
1403,فوریت‌های پزشکی پیش‌بیمارستانی,دانشگاه علوم پزشکی زنجان,زنجان,روزانه,سهمیه بهیاران,1,مرد,نیمسال دوم,1403-booklet,91,32941,فوریت های پزشکی پیش بیمارستانی
1403,فوریت‌های پزشکی پیش‌بیمارستانی,دانشگاه علوم پزشکی زنجان,زنجان,روزانه,بورسیه / شرایط خاص,15,مرد,نیمسال دوم,1403-booklet,91,32942,فوریت های پزشکی پیش بیمارستانی
1403,فوریت‌های پزشکی پیش‌بیمارستانی,دانشگاه علوم پزشکی زنجان,زنجان,شهریه‌پرداز,بورسیه / شرایط خاص,5,مرد,نیمسال دوم,1403-booklet,92,32957,فوریت های پزشکی پیش بیمارستانی
1403,فوریت‌های پزشکی پیش‌بیمارستانی,دانشگاه علوم پزشکی زنجان,زنجان,روزانه,سهمیه بهیاران,1,زن و مرد,نیمسال اول,1403-booklet,92,32964,فوریت های پزشکی پیش بیمارستانی
1403,فوریت‌های پزشکی پیش‌بیمارستانی,دانشگاه علوم پزشکی زنجان,زنجان,روزانه,بورسیه / شرایط خاص,17,زن 3 نفر و مرد 14 نفر,نیمسال اول,1403-booklet,92,32965,فوریت های پزشکی پیش بیمارستانی
1403,فوریت‌های پزشکی پیش‌بیمارستانی,دانشگاه علوم پزشکی زنجان,زنجان,روزانه,بورسیه / شرایط خاص,3,مرد,نیمسال اول,1403-booklet,92,32966,فوریت های پزشکی پیش بیمارستانی
1403,فوریت‌های پزشکی پیش‌بیمارستانی,دانشگاه علوم پزشکی سمنان,سمنان,روزانه,سهمیه بهیاران,1,مرد,نیمسال دوم,1403-booklet,93,32993,فوریت های پزشکی پیش بیمارستانی
1403,فوریت‌های پزشکی پیش‌بیمارستانی,دانشگاه علوم پزشکی سمنان,سمنان,روزانه,بورسیه / شرایط خاص,3,مرد,نیمسال دوم,1403-booklet,93,32994,فوریت های پزشکی پیش بیمارستانی
1403,فوریت‌های پزشکی پیش‌بیمارستانی,دانشگاه علوم پزشکی سمنان,سمنان,روزانه,سهمیه بهیاران,22,مرد,نیمسال دوم,1403-booklet,94,32995,فوریت های پزشکی پیش بیمارستانی
1403,فوریت‌های پزشکی پیش‌بیمارستانی,دانشگاه علوم پزشکی شاهرود,سمنان,روزانه,سهمیه بهیاران,1,زن و مرد,نیمسال دوم,1403-booklet,94,33012,فوریت های پزشکی پیش بیمارستانی
1403,فوریت‌های پزشکی پیش‌بیمارستانی,دانشگاه علوم پزشکی شاهرود,سمنان,روزانه,بورسیه / شرایط خاص,20,زن 4 نفر و مرد 16 نفر,نیمسال دوم,1403-booklet,94,33013,فوریت های پزشکی پیش بیمارستانی
1403,فوریت‌های پزشکی پیش‌بیمارستانی,دانشگاه علوم پزشکی ایرانشهر,سیستان و بلوچستان,روزانه,سهمیه بهیاران,2,زن و مرد,نیمسال اول,1403-booklet,95,33031,فوریت های پزشکی پیش بیمارستانی
1403,فوریت‌های پزشکی پیش‌بیمارستانی,دانشگاه علوم پزشکی ایرانشهر,سیستان و بلوچستان,روزانه,بورسیه / شرایط خاص,5,مرد,نیمسال اول,1403-booklet,95,33032,فوریت های پزشکی پیش بیمارستانی
1403,فوریت‌های پزشکی پیش‌بیمارستانی,دانشگاه علوم پزشکی ایرانشهر,سیستان و بلوچستان,روزانه,بورسیه / شرایط خاص,25,زن 5 نفر و مرد 20 نفر,نیمسال اول,1403-booklet,95,33033,فوریت های پزشکی پیش بیمارستانی
1403,فوریت‌های پزشکی پیش‌بیمارستانی,دانشگاه علوم پزشکی زابل,سیستان و بلوچستان,روزانه,سهمیه بهیاران,12,زن 4 نفر و مرد 8 نفر,نیمسال اول,1403-booklet,96,33053,فوریت های پزشکی پیش بیمارستانی
1403,فوریت‌های پزشکی پیش‌بیمارستانی,دانشگاه علوم پزشکی زابل,سیستان و بلوچستان,روزانه,سهمیه بهیاران,1,زن و مرد,نیمسال اول,1403-booklet,96,33054,فوریت های پزشکی پیش بیمارستانی
1403,فوریت‌های پزشکی پیش‌بیمارستانی,دانشگاه علوم پزشکی زاهدان,سیستان و بلوچستان,روزانه,سهمیه بهیاران,1,زن و مرد,نیمسال دوم,1403-booklet,96,33083,فوریت های پزشکی پیش بیمارستانی
1403,فوریت‌های پزشکی پیش‌بیمارستانی,دانشگاه علوم پزشکی زاهدان,سیستان و بلوچستان,روزانه,بورسیه / شرایط خاص,20,زن 5 نفر و مرد 15 نفر,نیمسال دوم,1403-booklet,97,33084,فوریت های پزشکی پیش بیمارستانی
1403,فوریت‌های پزشکی پیش‌بیمارستانی,دانشکده علوم پزشکی و خدمات بهداشتی درمانی گراش,فارس,روزانه,سهمیه بهیاران,1,مرد,نیمسال دوم,1403-booklet,102,33238,فوریت های پزشکی پیش بیمارستانی
1403,فوریت‌های پزشکی پیش‌بیمارستانی,دانشکده علوم پزشکی و خدمات بهداشتی درمانی گراش,فارس,روزانه,بورسیه / شرایط خاص,20,مرد,نیمسال دوم,1403-booklet,102,33239,فوریت های پزشکی پیش بیمارستانی
1403,فوریت‌های پزشکی پیش‌بیمارستانی,دانشگاه علوم پزشکی جهرم,فارس,روزانه,سهمیه بهیاران,1,مرد,نیمسال دوم,1403-booklet,98,33138,فوریت های پزشکی پیش بیمارستانی
1403,فوریت‌های پزشکی پیش‌بیمارستانی,دانشگاه علوم پزشکی جهرم,فارس,روزانه,بورسیه / شرایط خاص,20,مرد,نیمسال دوم,1403-booklet,98,33139,فوریت های پزشکی پیش بیمارستانی
1403,فوریت‌های پزشکی پیش‌بیمارستانی,دانشگاه علوم پزشکی شیراز,فارس,روزانه,سهمیه بهیاران,18,زن 2 نفر و مرد 16 نفر,نیمسال اول,1403-booklet,99,33167,فوریت های پزشکی پیش بیمارستانی
1403,فوریت‌های پزشکی پیش‌بیمارستانی,دانشگاه علوم پزشکی شیراز,فارس,روزانه,سهمیه بهیاران,1,زن و مرد,نیمسال اول,1403-booklet,99,33168,فوریت های پزشکی پیش بیمارستانی
1403,فوریت‌های پزشکی پیش‌بیمارستانی,دانشگاه علوم پزشکی شیراز,فارس,روزانه,بورسیه / شرایط خاص,4,مرد,نیمسال اول,1403-booklet,100,33169,فوریت های پزشکی پیش بیمارستانی
1403,فوریت‌های پزشکی پیش‌بیمارستانی,دانشگاه علوم پزشکی شیراز,فارس,روزانه,سهمیه بهیاران,1,مرد,نیمسال دوم,1403-booklet,100,33193,فوریت های پزشکی پیش بیمارستانی
1403,فوریت‌های پزشکی پیش‌بیمارستانی,دانشگاه علوم پزشکی شیراز,فارس,روزانه,بورسیه / شرایط خاص,15,مرد,نیمسال دوم,1403-booklet,100,33194,فوریت های پزشکی پیش بیمارستانی
1403,فوریت‌های پزشکی پیش‌بیمارستانی,دانشگاه علوم پزشکی فسا,فارس,روزانه,سهمیه بهیاران,18,زن 5 نفر و مرد 13 نفر,نیمسال اول,1403-booklet,102,33227,فوریت های پزشکی پیش بیمارستانی
1403,فوریت‌های پزشکی پیش‌بیمارستانی,دانشگاه علوم پزشکی فسا,فارس,روزانه,سهمیه بهیاران,1,زن و مرد,نیمسال اول,1403-booklet,102,33228,فوریت های پزشکی پیش بیمارستانی
1403,فوریت‌های پزشکی پیش‌بیمارستانی,دانشگاه علوم پزشکی قزوین,قزوین,روزانه,سهمیه بهیاران,1,زن و مرد,نیمسال اول,1403-booklet,103,33270,فوریت های پزشکی پیش بیمارستانی
1403,فوریت‌های پزشکی پیش‌بیمارستانی,دانشگاه علوم پزشکی قزوین,قزوین,روزانه,بورسیه / شرایط خاص,12,زن 9 نفر و مرد 3 نفر,نیمسال اول,1403-booklet,103,33271,فوریت های پزشکی پیش بیمارستانی
1403,فوریت‌های پزشکی پیش‌بیمارستانی,دانشگاه علوم پزشکی قزوین,قزوین,روزانه,بورسیه / شرایط خاص,3,مرد,نیمسال اول,1403-booklet,103,33272,فوریت های پزشکی پیش بیمارستانی
1403,فوریت‌های پزشکی پیش‌بیمارستانی,دانشگاه علوم پزشکی قزوین,قزوین,شهریه‌پرداز,بورسیه / شرایط خاص,5,زن 1 نفر و مرد 4 نفر,نیمسال اول,1403-booklet,103,33288,فوریت های پزشکی پیش بیمارستانی
1403,فوریت‌های پزشکی پیش‌بیمارستانی,دانشگاه علوم پزشکی قم,قم,روزانه,بورسیه / شرایط خاص,2,مرد,نیمسال اول,1403-booklet,105,33308,فوریت های پزشکی پیش بیمارستانی
1403,فوریت‌های پزشکی پیش‌بیمارستانی,دانشگاه علوم پزشکی قم,قم,روزانه,بورسیه / شرایط خاص,16,زن 3 نفر و مرد 13 نفر,نیمسال اول,1403-booklet,105,33309,فوریت های پزشکی پیش بیمارستانی
1403,فوریت‌های پزشکی پیش‌بیمارستانی,دانشگاه علوم پزشکی لرستان -خرم آباد,لرستان,روزانه,سهمیه بهیاران,1,زن و مرد,نیمسال دوم,1403-booklet,117,33631,فوریت های پزشکی پیش بیمارستانی
1403,فوریت‌های پزشکی پیش‌بیمارستانی,دانشگاه علوم پزشکی لرستان -خرم آباد,لرستان,روزانه,سهمیه بهیاران,1,مرد,نیمسال دوم,1403-booklet,119,33650,فوریت های پزشکی پیش بیمارستانی
1403,فوریت‌های پزشکی پیش‌بیمارستانی,دانشگاه علوم پزشکی لرستان -خرم آباد,لرستان,روزانه,بورسیه / شرایط خاص,18,مرد,نیمسال دوم,1403-booklet,119,33651,فوریت های پزشکی پیش بیمارستانی
1403,فوریت‌های پزشکی پیش‌بیمارستانی,دانشگاه علوم پزشکی لرستان -خرم آباد,لرستان,روزانه,سهمیه بهیاران,1,مرد,نیمسال دوم,1403-booklet,120,33655,فوریت های پزشکی پیش بیمارستانی
1403,فوریت‌های پزشکی پیش‌بیمارستانی,دانشگاه علوم پزشکی لرستان -خرم آباد,لرستان,روزانه,بورسیه / شرایط خاص,20,مرد,نیمسال دوم,1403-booklet,120,33656,فوریت های پزشکی پیش بیمارستانی
1403,فوریت‌های پزشکی پیش‌بیمارستانی,دانشگاه علوم پزشکی لرستان -خرم آباد,لرستان,روزانه,بورسیه / شرایط خاص,3,مرد,نیمسال دوم,1403-booklet,118,33678,فوریت های پزشکی پیش بیمارستانی
1403,فوریت‌های پزشکی پیش‌بیمارستانی,دانشگاه علوم پزشکی لرستان -خرم آباد,لرستان,روزانه,بورسیه / شرایط خاص,17,زن 5 نفر و مرد 12 نفر,نیمسال دوم,1403-booklet,118,33679,فوریت های پزشکی پیش بیمارستانی
1403,فوریت‌های پزشکی پیش‌بیمارستانی,دانشگاه علوم پزشکی بابل,مازندران,روزانه,سهمیه بهیاران,20,مرد,نیمسال اول,1403-booklet,120,33712,فوریت های پزشکی پیش بیمارستانی
1403,فوریت‌های پزشکی پیش‌بیمارستانی,دانشگاه علوم پزشکی بابل,مازندران,روزانه,سهمیه بهیاران,1,مرد,نیمسال اول,1403-booklet,120,33713,فوریت های پزشکی پیش بیمارستانی
1403,فوریت‌های پزشکی پیش‌بیمارستانی,دانشگاه علوم پزشکی مازندران -ساری,مازندران,روزانه,سهمیه بهیاران,12,زن 6 نفر و مرد 6 نفر,نیمسال اول,1403-booklet,121,33743,فوریت های پزشکی پیش بیمارستانی
1403,فوریت‌های پزشکی پیش‌بیمارستانی,دانشگاه علوم پزشکی مازندران -ساری,مازندران,روزانه,سهمیه بهیاران,1,زن و مرد,نیمسال اول,1403-booklet,121,33744,فوریت های پزشکی پیش بیمارستانی
1403,فوریت‌های پزشکی پیش‌بیمارستانی,دانشگاه علوم پزشکی مازندران -ساری,مازندران,شهریه‌پرداز,بورسیه / شرایط خاص,3,زن 1 نفر و مرد 2 نفر,نیمسال اول,1403-booklet,121,33757,فوریت های پزشکی پیش بیمارستانی
1403,فوریت‌های پزشکی پیش‌بیمارستانی,دانشگاه علوم پزشکی مازندران -ساری,مازندران,روزانه,سهمیه بهیاران,1,زن و مرد,نیمسال اول,1403-booklet,122,33763,فوریت های پزشکی پیش بیمارستانی
1403,فوریت‌های پزشکی پیش‌بیمارستانی,دانشگاه علوم پزشکی مازندران -ساری,مازندران,روزانه,بورسیه / شرایط خاص,25,زن 5 نفر و مرد 20 نفر,نیمسال اول,1403-booklet,122,33769,فوریت های پزشکی پیش بیمارستانی
1403,فوریت‌های پزشکی پیش‌بیمارستانی,دانشکده علوم پزشکی و خدمات بهداشتی درمانی خمین,مرکزی,روزانه,سهمیه بهیاران,1,مرد,نیمسال دوم,1403-booklet,124,33833,فوریت های پزشکی پیش بیمارستانی
1403,فوریت‌های پزشکی پیش‌بیمارستانی,دانشکده علوم پزشکی و خدمات بهداشتی درمانی خمین,مرکزی,روزانه,بورسیه / شرایط خاص,15,زن 3 نفر و مرد 12 نفر,نیمسال دوم,1403-booklet,124,33834,فوریت های پزشکی پیش بیمارستانی
1403,فوریت‌های پزشکی پیش‌بیمارستانی,دانشکده علوم پزشکی و خدمات بهداشتی درمانی خمین,مرکزی,شهریه‌پرداز,بورسیه / شرایط خاص,5,زن 1 نفر و مرد 4 نفر,نیمسال دوم,1403-booklet,125,33844,فوریت های پزشکی پیش بیمارستانی
1403,فوریت‌های پزشکی پیش‌بیمارستانی,دانشکده علوم پزشکی و خدمات بهداشتی درمانی ساوه,مرکزی,روزانه,سهمیه بهیاران,1,زن و مرد,نیمسال دوم,1403-booklet,125,33853,فوریت های پزشکی پیش بیمارستانی
1403,فوریت‌های پزشکی پیش‌بیمارستانی,دانشکده علوم پزشکی و خدمات بهداشتی درمانی ساوه,مرکزی,روزانه,بورسیه / شرایط خاص,20,زن 5 نفر و مرد 15 نفر,نیمسال دوم,1403-booklet,125,33854,فوریت های پزشکی پیش بیمارستانی
1403,فوریت‌های پزشکی پیش‌بیمارستانی,دانشکده علوم پزشکی و خدمات بهداشتی درمانی ساوه,مرکزی,شهریه‌پرداز,بورسیه / شرایط خاص,5,زن 1 نفر و مرد 4 نفر,نیمسال دوم,1403-booklet,125,33862,فوریت های پزشکی پیش بیمارستانی
1403,فوریت‌های پزشکی پیش‌بیمارستانی,دانشگاه علوم پزشکی اراک,مرکزی,روزانه,سهمیه بهیاران,1,زن و مرد,نیمسال دوم,1403-booklet,123,33799,فوریت های پزشکی پیش بیمارستانی
1403,فوریت‌های پزشکی پیش‌بیمارستانی,دانشگاه علوم پزشکی اراک,مرکزی,روزانه,بورسیه / شرایط خاص,3,مرد,نیمسال دوم,1403-booklet,123,33800,فوریت های پزشکی پیش بیمارستانی
1403,فوریت‌های پزشکی پیش‌بیمارستانی,دانشگاه علوم پزشکی اراک,مرکزی,روزانه,بورسیه / شرایط خاص,17,زن 5 نفر و مرد 12 نفر,نیمسال دوم,1403-booklet,123,33801,فوریت های پزشکی پیش بیمارستانی
1403,فوریت‌های پزشکی پیش‌بیمارستانی,دانشگاه علوم پزشکی بندرعباس,هرمزگان,روزانه,سهمیه بهیاران,12,زن 2 نفر و مرد 10 نفر,نیمسال اول,1403-booklet,126,33888,فوریت های پزشکی پیش بیمارستانی
1403,فوریت‌های پزشکی پیش‌بیمارستانی,دانشگاه علوم پزشکی بندرعباس,هرمزگان,روزانه,سهمیه بهیاران,1,زن و مرد,نیمسال اول,1403-booklet,126,33889,فوریت های پزشکی پیش بیمارستانی
1403,فوریت‌های پزشکی پیش‌بیمارستانی,دانشگاه علوم پزشکی بندرعباس,هرمزگان,روزانه,بورسیه / شرایط خاص,3,مرد,نیمسال اول,1403-booklet,126,33890,فوریت های پزشکی پیش بیمارستانی
1403,فوریت‌های پزشکی پیش‌بیمارستانی,دانشگاه علوم پزشکی بندرعباس,هرمزگان,شهریه‌پرداز,بورسیه / شرایط خاص,5,مرد,نیمسال اول,1403-booklet,127,33909,فوریت های پزشکی پیش بیمارستانی
1403,فوریت‌های پزشکی پیش‌بیمارستانی,دانشکده علوم پزشکی و خدمات بهداشتی درمانی اسدآباد)استان همدان,همدان,روزانه,سهمیه بهیاران,1,زن و مرد,نیمسال اول,1403-booklet,130,33995,فوریت های پزشکی پیش بیمارستانی
1403,فوریت‌های پزشکی پیش‌بیمارستانی,دانشکده علوم پزشکی و خدمات بهداشتی درمانی اسدآباد)استان همدان,همدان,روزانه,بورسیه / شرایط خاص,12,زن 2 نفر و مرد 10 نفر,نیمسال اول,1403-booklet,130,33996,فوریت های پزشکی پیش بیمارستانی
1403,فوریت‌های پزشکی پیش‌بیمارستانی,دانشگاه علوم پزشکی همدان,همدان,روزانه,سهمیه بهیاران,12,زن 4 نفر و مرد 8 نفر,نیمسال اول,1403-booklet,128,33944,فوریت های پزشکی پیش بیمارستانی
1403,فوریت‌های پزشکی پیش‌بیمارستانی,دانشگاه علوم پزشکی همدان,همدان,روزانه,سهمیه بهیاران,2,مرد,نیمسال اول,1403-booklet,128,33945,فوریت های پزشکی پیش بیمارستانی
1403,فوریت‌های پزشکی پیش‌بیمارستانی,دانشگاه علوم پزشکی همدان,همدان,روزانه,بورسیه / شرایط خاص,3,مرد,نیمسال دوم,1403-booklet,128,33946,فوریت های پزشکی پیش بیمارستانی
1403,فوریت‌های پزشکی پیش‌بیمارستانی,دانشگاه علوم پزشکی همدان,همدان,روزانه,بورسیه / شرایط خاص,13,زن 4 نفر و مرد 9 نفر,نیمسال دوم,1403-booklet,129,33947,فوریت های پزشکی پیش بیمارستانی
1403,فوریت‌های پزشکی پیش‌بیمارستانی,دانشگاه علوم پزشکی همدان,همدان,شهریه‌پرداز,بورسیه / شرایط خاص,5,زن 2 نفر و مرد 3 نفر,نیمسال اول,1403-booklet,129,33973,فوریت های پزشکی پیش بیمارستانی
1403,فوریت‌های پزشکی پیش‌بیمارستانی,دانشگاه علوم پزشکی همدان,همدان,روزانه,سهمیه بهیاران,1,زن و مرد,نیمسال دوم,1403-booklet,130,33989,فوریت های پزشکی پیش بیمارستانی
1403,فوریت‌های پزشکی پیش‌بیمارستانی,دانشگاه علوم پزشکی همدان,همدان,روزانه,بورسیه / شرایط خاص,24,زن 4 نفر و مرد 20 نفر,نیمسال دوم,1403-booklet,130,33990,فوریت های پزشکی پیش بیمارستانی
1403,فوریت‌های پزشکی پیش‌بیمارستانی,دانشگاه علوم پزشکی شهرکرد,چهارمحال و بختیاری,روزانه,سهمیه بهیاران,1,زن و مرد,نیمسال اول,1403-booklet,73,32442,فوریت های پزشکی پیش بیمارستانی
1403,فوریت‌های پزشکی پیش‌بیمارستانی,دانشگاه علوم پزشکی شهرکرد,چهارمحال و بختیاری,روزانه,بورسیه / شرایط خاص,17,زن 3 نفر و مرد 14 نفر,نیمسال اول,1403-booklet,74,32443,فوریت های پزشکی پیش بیمارستانی
1403,فوریت‌های پزشکی پیش‌بیمارستانی,دانشگاه علوم پزشکی شهرکرد,چهارمحال و بختیاری,روزانه,بورسیه / شرایط خاص,3,مرد,نیمسال اول,1403-booklet,74,32444,فوریت های پزشکی پیش بیمارستانی
1403,فوریت‌های پزشکی پیش‌بیمارستانی,دانشگاه علوم پزشکی کردستان -سنندج,کردستان,روزانه,سهمیه بهیاران,1,زن و مرد,نیمسال دوم,1403-booklet,106,33342,فوریت های پزشکی پیش بیمارستانی
1403,فوریت‌های پزشکی پیش‌بیمارستانی,دانشگاه علوم پزشکی کردستان -سنندج,کردستان,روزانه,بورسیه / شرایط خاص,5,مرد,نیمسال دوم,1403-booklet,106,33343,فوریت های پزشکی پیش بیمارستانی
1403,فوریت‌های پزشکی پیش‌بیمارستانی,دانشگاه علوم پزشکی کردستان -سنندج,کردستان,روزانه,بورسیه / شرایط خاص,15,زن 3 نفر و مرد 12 نفر,نیمسال دوم,1403-booklet,106,33344,فوریت های پزشکی پیش بیمارستانی
1403,فوریت‌های پزشکی پیش‌بیمارستانی,دانشگاه علوم پزشکی کردستان -سنندج,کردستان,شهریه‌پرداز,بورسیه / شرایط خاص,4,زن 1 نفر و مرد 3 نفر,نیمسال دوم,1403-booklet,107,33358,فوریت های پزشکی پیش بیمارستانی
1403,فوریت‌های پزشکی پیش‌بیمارستانی,دانشکده علوم پزشکی و خدمات بهداشتی درمانی سیرجان,کرمان,روزانه,سهمیه بهیاران,1,مرد,نیمسال دوم,1403-booklet,111,33461,فوریت های پزشکی پیش بیمارستانی
1403,فوریت‌های پزشکی پیش‌بیمارستانی,دانشکده علوم پزشکی و خدمات بهداشتی درمانی سیرجان,کرمان,روزانه,بورسیه / شرایط خاص,20,زن 6 نفر و مرد 14 نفر,نیمسال دوم,1403-booklet,111,33462,فوریت های پزشکی پیش بیمارستانی
1403,فوریت‌های پزشکی پیش‌بیمارستانی,دانشگاه علوم پزشکی بم,کرمان,روزانه,سهمیه بهیاران,1,مرد,نیمسال دوم,1403-booklet,107,33371,فوریت های پزشکی پیش بیمارستانی
1403,فوریت‌های پزشکی پیش‌بیمارستانی,دانشگاه علوم پزشکی بم,کرمان,روزانه,بورسیه / شرایط خاص,20,مرد,نیمسال دوم,1403-booklet,107,33372,فوریت های پزشکی پیش بیمارستانی
1403,فوریت‌های پزشکی پیش‌بیمارستانی,دانشگاه علوم پزشکی رفسنجان,کرمان,روزانه,سهمیه بهیاران,1,زن و مرد,نیمسال اول,1403-booklet,109,33408,فوریت های پزشکی پیش بیمارستانی
1403,فوریت‌های پزشکی پیش‌بیمارستانی,دانشگاه علوم پزشکی رفسنجان,کرمان,روزانه,بورسیه / شرایط خاص,25,زن 5 نفر و مرد 20 نفر,نیمسال اول,1403-booklet,109,33409,فوریت های پزشکی پیش بیمارستانی
1403,فوریت‌های پزشکی پیش‌بیمارستانی,دانشگاه علوم پزشکی کرمان,کرمان,روزانه,سهمیه بهیاران,21,مرد,نیمسال اول,1403-booklet,110,33434,فوریت های پزشکی پیش بیمارستانی
1403,فوریت‌های پزشکی پیش‌بیمارستانی,دانشگاه علوم پزشکی کرمان,کرمان,روزانه,سهمیه بهیاران,1,مرد,نیمسال اول,1403-booklet,110,33435,فوریت های پزشکی پیش بیمارستانی
1403,فوریت‌های پزشکی پیش‌بیمارستانی,دانشگاه علوم پزشکی کرمان,کرمان,روزانه,بورسیه / شرایط خاص,4,مرد,نیمسال اول,1403-booklet,110,33436,فوریت های پزشکی پیش بیمارستانی
1403,فوریت‌های پزشکی پیش‌بیمارستانی,دانشگاه علوم پزشکی کرمانشاه,کرمانشاه,روزانه,سهمیه بهیاران,1,زن و مرد,نیمسال دوم,1403-booklet,112,33490,فوریت های پزشکی پیش بیمارستانی
1403,فوریت‌های پزشکی پیش‌بیمارستانی,دانشگاه علوم پزشکی کرمانشاه,کرمانشاه,روزانه,بورسیه / شرایط خاص,5,مرد,نیمسال دوم,1403-booklet,112,33491,فوریت های پزشکی پیش بیمارستانی
1403,فوریت‌های پزشکی پیش‌بیمارستانی,دانشگاه علوم پزشکی کرمانشاه,کرمانشاه,روزانه,بورسیه / شرایط خاص,11,زن 2 نفر و مرد 9 نفر,نیمسال دوم,1403-booklet,112,33492,فوریت های پزشکی پیش بیمارستانی
1403,فوریت‌های پزشکی پیش‌بیمارستانی,دانشگاه علوم پزشکی کرمانشاه,کرمانشاه,شهریه‌پرداز,بورسیه / شرایط خاص,4,زن 1 نفر و مرد 3 نفر,نیمسال دوم,1403-booklet,113,33516,فوریت های پزشکی پیش بیمارستانی
1403,فوریت‌های پزشکی پیش‌بیمارستانی,دانشگاه علوم پزشکی گلستان -گرگان,گلستان,روزانه,سهمیه بهیاران,1,زن و مرد,نیمسال دوم,1403-booklet,114,33564,فوریت های پزشکی پیش بیمارستانی
1403,فوریت‌های پزشکی پیش‌بیمارستانی,دانشگاه علوم پزشکی گلستان -گرگان,گلستان,روزانه,بورسیه / شرایط خاص,5,مرد,نیمسال دوم,1403-booklet,114,33565,فوریت های پزشکی پیش بیمارستانی
1403,فوریت‌های پزشکی پیش‌بیمارستانی,دانشگاه علوم پزشکی گلستان -گرگان,گلستان,روزانه,بورسیه / شرایط خاص,15,زن 3 نفر و مرد 12 نفر,نیمسال دوم,1403-booklet,114,33566,فوریت های پزشکی پیش بیمارستانی
1403,فوریت‌های پزشکی پیش‌بیمارستانی,دانشگاه علوم پزشکی گیلان -رشت,گیلان,روزانه,سهمیه بهیاران,1,زن و مرد,نیمسال دوم,1403-booklet,115,33606,فوریت های پزشکی پیش بیمارستانی
1403,فوریت‌های پزشکی پیش‌بیمارستانی,دانشگاه علوم پزشکی گیلان -رشت,گیلان,روزانه,بورسیه / شرایط خاص,3,مرد,نیمسال دوم,1403-booklet,115,33607,فوریت های پزشکی پیش بیمارستانی
1403,فوریت‌های پزشکی پیش‌بیمارستانی,دانشگاه علوم پزشکی گیلان -رشت,گیلان,روزانه,بورسیه / شرایط خاص,9,زن 2 نفر و مرد 7 نفر,نیمسال دوم,1403-booklet,115,33608,فوریت های پزشکی پیش بیمارستانی
1403,فوریت‌های پزشکی پیش‌بیمارستانی,دانشگاه علوم پزشکی گیلان -رشت,گیلان,شهریه‌پرداز,بورسیه / شرایط خاص,4,زن 1 نفر و مرد 3 نفر,نیمسال دوم,1403-booklet,116,33613,فوریت های پزشکی پیش بیمارستانی
1403,فوریت‌های پزشکی پیش‌بیمارستانی,دانشگاه علوم پزشکی یزد,یزد,روزانه,سهمیه بهیاران,1,زن و مرد,نیمسال اول,1403-booklet,131,34010,فوریت های پزشکی پیش بیمارستانی
1403,فوریت‌های پزشکی پیش‌بیمارستانی,دانشگاه علوم پزشکی یزد,یزد,روزانه,بورسیه / شرایط خاص,17,زن 3 نفر و مرد 14 نفر,نیمسال اول,1403-booklet,131,34029,فوریت های پزشکی پیش بیمارستانی
1403,فوریت‌های پزشکی پیش‌بیمارستانی,دانشگاه علوم پزشکی یزد,یزد,روزانه,بورسیه / شرایط خاص,3,مرد,نیمسال اول,1403-booklet,131,34030,فوریت های پزشکی پیش بیمارستانی
1403,فوریت‌های پزشکی پیش‌بیمارستانی,دانشگاه علوم پزشکی یزد,یزد,شهریه‌پرداز,بورسیه / شرایط خاص,2,مرد,نیمسال اول,1403-booklet,132,34035,فوریت های پزشکی پیش بیمارستانی
1403,مامایی,دانشگاه علوم پزشکی تبریز,آذربایجان شرقی,روزانه,عادی,24,زن,نیمسال اول,1403-booklet,49,31829,مامایی
1403,مامایی,دانشگاه علوم پزشکی ارومیه,آذربایجان غربی,روزانه,بورسیه / شرایط خاص,20,زن,نیمسال اول,1403-booklet,52,31913,مامایی
1403,مامایی,دانشگاه علوم پزشکی اردبیل,اردبیل,روزانه,بورسیه / شرایط خاص,20,زن,نیمسال اول,1403-booklet,55,31975,مامایی
1403,مامایی,دانشگاه علوم پزشکی اصفهان,اصفهان,روزانه,عادی,25,زن,نیمسال اول,1403-booklet,56,32023,مامایی
1403,مامایی,دانشگاه علوم پزشکی اصفهان,اصفهان,شهریه‌پرداز,عادی,5,زن,نیمسال اول,1403-booklet,57,32045,مامایی
1403,مامایی,دانشگاه علوم پزشکی کاشان,اصفهان,روزانه,عادی,15,زن,نیمسال اول,1403-booklet,58,32068,مامایی
1403,مامایی,دانشگاه علوم پزشکی کاشان,اصفهان,شهریه‌پرداز,عادی,3,زن,نیمسال اول,1403-booklet,59,32083,مامایی
1403,مامایی,دانشگاه علوم پزشکی ایلام,ایلام,روزانه,عادی,18,زن,نیمسال اول,1403-booklet,61,32145,مامایی
1403,مامایی,دانشگاه علوم پزشکی بوشهر,بوشهر,روزانه,عادی,15,زن,نیمسال اول,1403-booklet,62,32178,مامایی
1403,مامایی,دانشگاه علوم پزشکی بوشهر,بوشهر,شهریه‌پرداز,عادی,5,زن,نیمسال اول,1403-booklet,62,32194,مامایی
1403,مامایی,دانشگاه علوم پزشکی ایران,تهران,روزانه,سهمیه بهیاران,15,زن,نیمسال اول,1403-booklet,66,32258,مامایی
1403,مامایی,دانشگاه علوم پزشکی تهران,تهران,روزانه,عادی,25,زن,نیمسال اول,1403-booklet,70,32319,مامایی
1403,مامایی,دانشگاه علوم پزشکی تهران,تهران,شهریه‌پرداز,سهمیه بهیاران,5,زن,نیمسال اول,1403-booklet,70,32328,مامایی
1403,مامایی,دانشگاه علوم پزشکی شهید بهشتی -تهران,تهران,روزانه,سهمیه بهیاران,15,زن,نیمسال اول,1403-booklet,71,32358,مامایی
1403,مامایی,دانشگاه علوم پزشکی شهید بهشتی -تهران,تهران,شهریه‌پرداز,عادی,2,زن,نیمسال اول,1403-booklet,72,32385,مامایی
1403,مامایی,دانشگاه علوم پزشکی بیرجند,خراسان جنوبی,روزانه,عادی,15,زن,نیمسال اول,1403-booklet,75,32467,مامایی
1403,مامایی,دانشگاه علوم پزشکی بیرجند,خراسان جنوبی,روزانه,عادی,1,زن,نیمسال اول,1403-booklet,75,32468,مامایی
1403,مامایی,دانشگاه علوم پزشکی بیرجند,خراسان جنوبی,شهریه‌پرداز,عادی,3,زن,نیمسال اول,1403-booklet,75,32481,مامایی
1403,مامایی,دانشگاه علوم پزشکی بیرجند,خراسان جنوبی,روزانه,سهمیه بهیاران,15,زن,نیمسال اول,1403-booklet,76,32506,مامایی
1403,مامایی,دانشگاه علوم پزشکی تربت حیدریه,خراسان رضوی,روزانه,عادی,15,زن,نیمسال اول,1403-booklet,77,32531,مامایی
1403,مامایی,دانشگاه علوم پزشکی تربت حیدریه,خراسان رضوی,شهریه‌پرداز,عادی,2,زن,نیمسال اول,1403-booklet,77,32542,مامایی
1403,مامایی,دانشگاه علوم پزشکی سبزوار,خراسان رضوی,روزانه,سهمیه بهیاران,15,زن,نیمسال اول,1403-booklet,78,32558,مامایی
1403,مامایی,دانشگاه علوم پزشکی سبزوار,خراسان رضوی,شهریه‌پرداز,عادی,3,زن,نیمسال اول,1403-booklet,78,32572,مامایی
1403,مامایی,دانشگاه علوم پزشکی مشهد,خراسان رضوی,روزانه,عادی,20,زن,نیمسال اول,1403-booklet,80,32639,مامایی
1403,مامایی,دانشگاه علوم پزشکی مشهد,خراسان رضوی,شهریه‌پرداز,عادی,5,زن,نیمسال اول,1403-booklet,81,32661,مامایی
1403,مامایی,دانشگاه علوم پزشکی گناباد,خراسان رضوی,روزانه,عادی,15,زن,نیمسال اول,1403-booklet,79,32593,مامایی
1403,مامایی,دانشگاه علوم پزشکی گناباد,خراسان رضوی,شهریه‌پرداز,عادی,5,زن,نیمسال اول,1403-booklet,79,32609,مامایی
1403,مامایی,دانشگاه علوم پزشکی خراسان شمالی -بجنورد,خراسان شمالی,روزانه,سهمیه بهیاران,20,زن,نیمسال اول,1403-booklet,84,32731,مامایی
1403,مامایی,دانشگاه علوم پزشکی خراسان شمالی -بجنورد,خراسان شمالی,روزانه,بورسیه / شرایط خاص,15,زن,نیمسال دوم,1403-booklet,85,32744,مامایی
1403,مامایی,دانشکده علوم پزشکی و خدمات بهداشتی درمانی شوشتر,خوزستان,روزانه,بورسیه / شرایط خاص,15,زن,نیمسال اول,1403-booklet,89,32890,مامایی
1403,مامایی,دانشکده علوم پزشکی و خدمات بهداشتی درمانی شوشتر,خوزستان,شهریه‌پرداز,عادی,2,زن,نیمسال اول,1403-booklet,90,32899,مامایی
1403,مامایی,دانشگاه علوم پزشکی جندی شاپور -اهواز,خوزستان,روزانه,عادی,22,زن,نیمسال اول,1403-booklet,86,32795,مامایی
1403,مامایی,دانشگاه علوم پزشکی جندی شاپور -اهواز,خوزستان,شهریه‌پرداز,عادی,5,زن,نیمسال اول,1403-booklet,87,32821,مامایی
1403,مامایی,دانشگاه علوم پزشکی زنجان,زنجان,روزانه,عادی,16,زن,نیمسال اول,1403-booklet,91,32944,مامایی
1403,مامایی,دانشگاه علوم پزشکی زنجان,زنجان,شهریه‌پرداز,عادی,2,زن,نیمسال اول,1403-booklet,92,32959,مامایی
1403,مامایی,دانشگاه علوم پزشکی شاهرود,سمنان,روزانه,عادی,17,زن,نیمسال اول,1403-booklet,94,33014,مامایی
1403,مامایی,دانشکده علوم پزشکی و خدمات بهداشتی درمانی چابهار,سیستان و بلوچستان,روزانه,سهمیه بهیاران,14,زن,نیمسال دوم,1403-booklet,98,33122,مامایی
1403,مامایی,دانشگاه علوم پزشکی ایرانشهر,سیستان و بلوچستان,روزانه,عادی,25,زن,نیمسال اول,1403-booklet,95,33034,مامایی
1403,مامایی,دانشگاه علوم پزشکی زابل,سیستان و بلوچستان,روزانه,عادی,15,زن,نیمسال اول,1403-booklet,96,33055,مامایی
1403,مامایی,دانشگاه علوم پزشکی زابل,سیستان و بلوچستان,روزانه,عادی,15,زن,نیمسال دوم,1403-booklet,96,33056,مامایی
1403,مامایی,دانشگاه علوم پزشکی زاهدان,سیستان و بلوچستان,روزانه,عادی,20,زن,نیمسال اول,1403-booklet,97,33090,مامایی
1403,مامایی,دانشگاه علوم پزشکی زاهدان,سیستان و بلوچستان,روزانه,سهمیه بهیاران,15,زن,نیمسال دوم,1403-booklet,97,33091,مامایی
1403,مامایی,دانشگاه علوم پزشکی زاهدان,سیستان و بلوچستان,شهریه‌پرداز,عادی,5,زن,نیمسال اول,1403-booklet,97,33109,مامایی
1403,مامایی,دانشگاه علوم پزشکی شیراز,فارس,روزانه,عادی,25,زن,نیمسال اول,1403-booklet,100,33174,مامایی
1403,مامایی,دانشگاه علوم پزشکی قزوین,قزوین,روزانه,بورسیه / شرایط خاص,18,زن,نیمسال اول,1403-booklet,103,33273,مامایی
1403,مامایی,دانشگاه علوم پزشکی قزوین,قزوین,شهریه‌پرداز,عادی,2,زن,نیمسال اول,1403-booklet,103,33289,مامایی
1403,مامایی,دانشگاه علوم پزشکی قم,قم,روزانه,عادی,15,زن,نیمسال اول,1403-booklet,105,33310,مامایی
1403,مامایی,دانشگاه علوم پزشکی قم,قم,شهریه‌پرداز,عادی,3,زن,نیمسال اول,1403-booklet,106,33323,مامایی
1403,مامایی,دانشگاه علوم پزشکی لرستان -خرم آباد,لرستان,روزانه,سهمیه بهیاران,15,زن,نیمسال اول,1403-booklet,120,33652,مامایی
1403,مامایی,دانشگاه علوم پزشکی لرستان -خرم آباد,لرستان,روزانه,عادی,18,زن,نیمسال اول,1403-booklet,117,33660,مامایی
1403,مامایی,دانشگاه علوم پزشکی بابل,مازندران,روزانه,عادی,18,زن,نیمسال اول,1403-booklet,120,33716,مامایی
1403,مامایی,دانشگاه علوم پزشکی مازندران -ساری,مازندران,روزانه,عادی,20,زن,نیمسال اول,1403-booklet,121,33746,مامایی
1403,مامایی,دانشگاه علوم پزشکی مازندران -ساری,مازندران,شهریه‌پرداز,عادی,5,زن,نیمسال اول,1403-booklet,121,33758,مامایی
1403,مامایی,دانشگاه علوم پزشکی اراک,مرکزی,روزانه,عادی,18,زن,نیمسال اول,1403-booklet,123,33804,مامایی
1403,مامایی,دانشگاه علوم پزشکی بندرعباس,هرمزگان,روزانه,بورسیه / شرایط خاص,20,زن,نیمسال اول,1403-booklet,126,33891,مامایی
1403,مامایی,دانشگاه علوم پزشکی بندرعباس,هرمزگان,شهریه‌پرداز,عادی,2,زن,نیمسال اول,1403-booklet,127,33910,مامایی
1403,مامایی,دانشکده علوم پزشکی و خدمات بهداشتی درمانی اسدآباد)استان همدان,همدان,روزانه,بورسیه / شرایط خاص,12,زن,نیمسال اول,1403-booklet,130,33997,مامایی
1403,مامایی,دانشگاه علوم پزشکی همدان,همدان,روزانه,عادی,25,زن,نیمسال اول,1403-booklet,129,33953,مامایی
1403,مامایی,دانشگاه علوم پزشکی همدان,همدان,شهریه‌پرداز,عادی,5,زن,نیمسال اول,1403-booklet,129,33977,مامایی
1403,مامایی,دانشگاه علوم پزشکی شهرکرد,چهارمحال و بختیاری,روزانه,بورسیه / شرایط خاص,18,زن,نیمسال اول,1403-booklet,73,32429,مامایی
1403,مامایی,دانشگاه علوم پزشکی کردستان -سنندج,کردستان,روزانه,عادی,20,زن,نیمسال اول,1403-booklet,106,33345,مامایی
1403,مامایی,دانشگاه علوم پزشکی کردستان -سنندج,کردستان,شهریه‌پرداز,عادی,2,زن,نیمسال اول,1403-booklet,107,33359,مامایی
1403,مامایی,دانشگاه علوم پزشکی بم,کرمان,روزانه,عادی,20,زن,نیمسال اول,1403-booklet,107,33373,مامایی
1403,مامایی,دانشگاه علوم پزشکی جیرفت,کرمان,روزانه,عادی,20,زن,نیمسال اول,1403-booklet,108,33387,مامایی
1403,مامایی,دانشگاه علوم پزشکی رفسنجان,کرمان,روزانه,عادی,20,زن,نیمسال اول,1403-booklet,109,33410,مامایی
1403,مامایی,دانشگاه علوم پزشکی رفسنجان,کرمان,شهریه‌پرداز,عادی,3,زن,نیمسال اول,1403-booklet,109,33421,مامایی
1403,مامایی,دانشگاه علوم پزشکی کرمان,کرمان,روزانه,عادی,20,زن,نیمسال اول,1403-booklet,110,33449,مامایی
1403,مامایی,دانشگاه علوم پزشکی کرمانشاه,کرمانشاه,روزانه,عادی,15,زن,نیمسال اول,1403-booklet,112,33497,مامایی
1403,مامایی,دانشگاه علوم پزشکی کرمانشاه,کرمانشاه,شهریه‌پرداز,عادی,4,زن,نیمسال اول,1403-booklet,113,33520,مامایی
1403,مامایی,دانشگاه علوم پزشکی یاسوج,کهگیلویه و بویراحمد,روزانه,عادی,18,زن,نیمسال اول,1403-booklet,114,33545,مامایی
1403,مامایی,دانشگاه علوم پزشکی گلستان -گرگان,گلستان,روزانه,عادی,15,زن,نیمسال اول,1403-booklet,114,33567,مامایی
1403,مامایی,دانشگاه علوم پزشکی گلستان -گرگان,گلستان,شهریه‌پرداز,عادی,5,زن,نیمسال اول,1403-booklet,115,33578,مامایی
1403,مامایی,دانشگاه علوم پزشکی گیلان -رشت,گیلان,روزانه,عادی,15,زن,نیمسال اول,1403-booklet,116,33609,مامایی
1403,مامایی,دانشگاه علوم پزشکی گیلان -رشت,گیلان,شهریه‌پرداز,عادی,5,زن,نیمسال اول,1403-booklet,116,33614,مامایی
1403,مامایی,دانشگاه علوم پزشکی گیلان -رشت,گیلان,روزانه,عادی,15,زن,نیمسال دوم,1403-booklet,117,33617,مامایی
1403,مامایی,دانشگاه علوم پزشکی گیلان -رشت,گیلان,شهریه‌پرداز,عادی,5,زن,نیمسال دوم,1403-booklet,117,33619,مامایی
1403,مامایی,دانشگاه علوم پزشکی یزد,یزد,روزانه,عادی,18,زن,نیمسال اول,1403-booklet,132,34046,مامایی
