پیام تلگرام,سال,گروه آزمایشی,رتبه کشوری,رتبه در سهمیه,سهمیه,جنسیت,رشته قبولی,دانشگاه قبولی,نوع دوره قبولی,عبارت خام قبولی,وضعیت رتبه,یادداشت
634,1401,تجربی,,,منطقه 2,,پزشکی,دانشگاه علوم پزشکی ارتش,نامشخص,پزشکی علوم پزشکی ارتش,رتبه در متن موجود نیست,
634,1401,تجربی,,,سهمیه 5٪,,علوم تغذیه,مؤسسه آموزش عالی غیرانتفاعی وارستگان - مشهد,غیرانتفاعی,علوم تغذیه دانشگاه غیر انتفاعی وارستگان مشهد,رتبه در متن موجود نیست,
639,1401,تجربی,,,منطقه 3,,هوشبری,دانشگاه آزاد اسلامی واحد گنبدکاووس,آزاد,هوشبری گنبد کاووس آزاد,رتبه در متن موجود نیست,
639,1401,تجربی,,,منطقه 3,,فوریت‌های پزشکی - کارشناسی,دانشکده علوم پزشکی ایرانشهر,تعهدی,کارشناسی فوریت پزشکی ایرانشهر-تعهدی,رتبه در متن موجود نیست,
641,1401,تجربی,,,سهمیه 5٪,,شنوایی‌شناسی,دانشگاه علوم پزشکی شهید بهشتی - تهران,نامشخص,شنوایی سنجی شهید بهشتی,رتبه در متن موجود نیست,
641,1401,تجربی,,,منطقه 2,,فوریت‌های پزشکی - کاردانی,دانشگاه علوم پزشکی مازندران - محل آمل,نامشخص,کاردانی فوریت پزشکی آمل,رتبه در متن موجود نیست,
646,1401,تجربی,,,منطقه 2,,اتاق عمل,دانشگاه علوم پزشکی بیرجند,روزانه,اتاق عمل روزانه بیرجند,رتبه در متن موجود نیست,
646,1401,تجربی,,,سهمیه 5٪,,پرستاری,دانشگاه آزاد اسلامی واحد الیگودرز,آزاد خودگردان,پرستاری خودگردان آزاد الیگودرز,رتبه در متن موجود نیست,شهریه ترم اول: 16 میلیون تومان
654,1401,تجربی,,,منطقه 2,پسر,آموزش ابتدایی,دانشگاه فرهنگیان - اردبیل,فرهنگیان,آموزش ابتدایی فرهنگیان (پسر) اردبیل,رتبه در متن موجود نیست,
654,1401,تجربی,,,منطقه 1,,پرستاری,دانشگاه آزاد اسلامی واحد طبس,آزاد,پرستاری آزاد طبس,رتبه در متن موجود نیست,
659,1401,تجربی,,,منطقه 2,پسر,فوریت‌های پزشکی - کاردانی,دانشگاه علوم پزشکی بوشهر,نامشخص,کاردانی فوریت های پزشکی بوشهر (پسر),رتبه در متن موجود نیست,
659,1401,تجربی,,,سهمیه 5٪,,پزشکی,دانشگاه علوم پزشکی زاهدان,شهریه‌پرداز,پزشکی شهریه پرداز زاهدان,رتبه در متن موجود نیست,
660,1401,تجربی,,,منطقه 2,پسر,پزشکی,دانشگاه آزاد اسلامی واحد تبریز,آزاد,پزشکی آزاد تبریز (پسر),رتبه در متن موجود نیست,
660,1401,تجربی,,,سهمیه 5٪,,پرستاری,دانشکده علوم پزشکی خمین,شهریه‌پرداز,پرستاری خمین شهریه پرداز (پردیس),رتبه در متن موجود نیست,
663,1401,تجربی,,,سهمیه 5٪,,پزشکی,دانشگاه علوم پزشکی زنجان,روزانه,پزشکی روزانه زنجان,رتبه در متن موجود نیست,
663,1401,تجربی,,,منطقه 3,,مامایی,دانشگاه آزاد اسلامی واحد مسجدسلیمان,آزاد,مامایی مسجد سلیمان (آزاد),رتبه در متن موجود نیست,معدل کتبی: 18.24
665,1401,تجربی,,,سهمیه 25٪,,دندانپزشکی,دانشگاه علوم پزشکی شهرکرد,شهریه‌پرداز,دندانپزشکی شهریه پرداز شهرکرد,رتبه در متن موجود نیست,
665,1401,تجربی,,,منطقه 3,,بهداشت عمومی,دانشگاه آزاد اسلامی واحد شهر قدس,آزاد,بهداشت عمومی شهر قدس (آزاد),رتبه در متن موجود نیست,
692,1401,تجربی,,,منطقه 1,,پزشکی,دانشکده علوم پزشکی بم,روزانه,پزشکی روزانه بَم,رتبه در متن موجود نیست,
692,1401,تجربی,,,منطقه 2,,دندانپزشکی,دانشگاه آزاد اسلامی واحد اصفهان (خوراسگان),آزاد خودگردان,دندانپزشکی آزاد خودگردان خوراسگان اصفهان,رتبه در متن موجود نیست,
702,1401,تجربی,,,منطقه 3,,دندانپزشکی,دانشگاه علوم پزشکی بابل,پردیس,دندانپزشکی پردیس بابل,رتبه در متن موجود نیست,
702,1401,تجربی,,,منطقه 2,,پرستاری,دانشگاه آزاد اسلامی واحد رشت,آزاد خودگردان,پرستاری آزاد خودگردان رشت,رتبه در متن موجود نیست,
721,1401,تجربی,,,منطقه 1,پسر,پزشکی,دانشگاه علوم پزشکی مشهد,روزانه,پزشکی روزانه مشهد,رتبه در متن موجود نیست,عدم قبولی طبق کارنامه سبز: پزشکی روزانه تهران، شهید بهشتی و ایران
726,1401,تجربی,,,سهمیه 25٪,دختر,داروسازی,دانشگاه علوم پزشکی تهران,روزانه,داروسازی روزانه تهران,رتبه در متن موجود نیست,
743,1401,تجربی,,,منطقه 1,پسر,پزشکی,دانشگاه علوم پزشکی شیراز,تعهدی,پزشکی تعهدی شیراز,رتبه در متن موجود نیست,
745,1401,تجربی,,8196,منطقه 3,,پرستاری,دانشگاه علوم پزشکی کرمانشاه - محل اسلام‌آباد غرب,روزانه,پرستاری روزانه اسلام آباد,رتبه در متن موجود,
745,1401,تجربی,,5092,منطقه 2,,پزشکی,دانشگاه علوم پزشکی تهران,تعهدی,پزشکی تعهدی تهران,رتبه در متن موجود,
751,1401,تجربی,,,نامشخص,,هوشبری,دانشگاه آزاد اسلامی واحد گنبدکاووس,آزاد تمام‌وقت,هوشبری آزاد تمام وقت گنبدکاووس,رتبه در متن موجود نیست,پست مقایسه دو کارنامه مشابه
763,1401,تجربی,,1212,سهمیه 25٪,,پزشکی,دانشگاه علوم پزشکی شهید صدوقی یزد,شهریه‌پرداز,پزشکی شهریه پرداز یزد,رتبه در متن موجود,
771,1401,تجربی,,,منطقه 3,,پزشکی,دانشگاه علوم پزشکی زابل,تعهدی,پزشکی تعهدی زابل,رتبه در متن موجود نیست,
771,1401,تجربی,,,منطقه 2,,هوشبری,دانشگاه آزاد اسلامی واحد گنبدکاووس,آزاد تمام‌وقت,هوشبری آزاد تمام وقت گنبد,رتبه در متن موجود نیست,
772,1401,تجربی,,,منطقه 3,,داروسازی,دانشگاه علوم پزشکی بقیه‌الله,بورسیه,داروسازی بقیة ... (بورسیه ناجا),رتبه در متن موجود نیست,بورسیه ناجا طبق متن منبع
772,1401,تجربی,,,سهمیه 5٪,,پرستاری,دانشکده علوم پزشکی مراغه,شهریه‌پرداز,پرستاری شهریه پرداز مراغه,رتبه در متن موجود نیست,
773,1401,تجربی,,,منطقه 1,,پزشکی,دانشگاه علوم پزشکی شیراز,تعهدی,پزشکی تعهدی شیراز,رتبه در متن موجود نیست,
773,1401,تجربی,,,سهمیه 5٪,,فوریت‌های پزشکی - کارشناسی,دانشگاه علوم پزشکی ارومیه,نامشخص,کارشناسی فوریت ارومیه,رتبه در متن موجود نیست,
774,1401,تجربی,,,سهمیه 5٪,,پزشکی,دانشگاه علوم پزشکی گیلان - رشت,پردیس,پزشکی پردیس رشت,رتبه در متن موجود نیست,
774,1401,تجربی,,,منطقه 2,,پرستاری,دانشگاه آزاد اسلامی واحد خلخال,آزاد,پرستاری آزاد خلخال,رتبه در متن موجود نیست,
783,1401,تجربی,,,منطقه 2,,پزشکی,دانشگاه علوم پزشکی مشهد,روزانه,پزشکی روزانه مشهد,رتبه در متن موجود نیست,
783,1401,تجربی,,,سهمیه 5٪,پسر,فوریت‌های پزشکی - کاردانی,دانشکده علوم پزشکی خوی,نامشخص,کاردانی فوریت خوی,رتبه در متن موجود نیست,
784,1401,تجربی,,,منطقه 1,,مامایی,دانشگاه آزاد اسلامی واحد نیشابور,آزاد,مامایی آزاد نیشابور,رتبه در متن موجود نیست,
784,1401,تجربی,,,سهمیه 5٪,پسر,پزشکی,دانشگاه علوم پزشکی تهران,تعهدی,پزشکی تعهدی تهران,رتبه در متن موجود نیست,
786,1401,تجربی,,,منطقه 2,,داروسازی,دانشگاه علوم پزشکی زابل,شهریه‌پرداز,داروسازی شهریه پرداز زابل,رتبه در متن موجود نیست,
786,1401,تجربی,,,منطقه 3,,پرستاری,دانشگاه آزاد اسلامی واحد اهواز,آزاد,پرستاری آزاد اهواز,رتبه در متن موجود نیست,
