سال,گروه آزمایشی,شناسه داوطلب,پیام تلگرام,فایل تصویر,رتبه کشوری,رتبه در سهمیه,سهمیه,تراز کل,قبولی,عدم قبولی
1404,تجربی,help-2349-001,2349,IMG_20261001_063726_816.jpg,917,184,منطقه 3,10454,پزشکی روزانه ایران (بومی - زن),پزشکی روزانه تهران و بهشتی
1404,تجربی,help-2349-002,2349,IMG_20261001_063726_816.jpg,1347,273,منطقه 3,10270,پزشکی شهریه پرداز بهشتی (مرد),پزشکی روزانه تهران و بهشتی و ایران
1404,تجربی,help-2349-003,2349,IMG_20261001_063726_816.jpg,1389,450,منطقه 1,10255,پزشکی شهریه پرداز بهشتی (زن),پزشکی روزانه تهران و بهشتی و ایران
1404,تجربی,help-2349-004,2349,IMG_20261001_063726_816.jpg,1690,552,منطقه 1,10167,پزشکی آزاد تهران1,پزشکی پردیس بهشتی و ایران
1404,تجربی,help-2349-005,2349,IMG_20261001_063726_816.jpg,2199,1024,منطقه 2,10043,پزشکی روزانه کرج (بومی - مرد),پزشکی روزانه تهران و بهشتی و ایران
1404,تجربی,help-2349-006,2349,IMG_20261001_063726_816.jpg,3108,1030,منطقه 1,9875,پزشکی شهریه پرداز تبریز2 (زن),پزشکی پردیس بهشتی و ایران
1404,تجربی,help-2349-007,2349,IMG_20261001_063726_816.jpg,3350,1540,منطقه 2,9835,پزشکی روزانه ارومیه1 (بومی - زن),پزشکی روزانه تبریز
1404,تجربی,help-2349-008,2349,IMG_20261001_063726_816.jpg,4061,1873,منطقه 2,9741,پزشکی روزانه اهواز (بومی - زن),پزشکی روزانه اصفهان
1404,تجربی,help-2349-009,2349,IMG_20261001_063726_816.jpg,4170,1915,منطقه 2,9725,پزشکی شهریه پرداز تبریز2 (پسر),پزشکی روزانه تبریز
1404,تجربی,help-2349-010,2349,IMG_20261001_063726_816.jpg,5013,2324,منطقه 2,9632,پزشکی روزانه اهواز (بومی - زن),پزشکی روزانه اصفهان
1404,تجربی,help-2349-011,2349,IMG_20261001_063726_816.jpg,5228,2433,منطقه 2,9609,پزشکی شهریه پرداز ارومیه (پسر),پزشکی روزانه ارومیه
1404,تجربی,help-2349-012,2349,IMG_20261001_063726_816.jpg,5553,2582,منطقه 2,9576,پزشکی روزانه کرمانشاه (بومی - زن),پزشکی روزانه کرج و تبریز
1404,تجربی,help-2349-013,2349,IMG_20261001_063726_816.jpg,5513,1234,منطقه 3,9580,پزشکی روزانه اهواز (بومی - دختر),پزشکی روزانه اصفهان
1404,تجربی,help-2349-014,2349,IMG_20261001_063726_816.jpg,5784,1791,منطقه 1,9555,پزشکی روزانه جهرم (بومی - مرد),پزشکی روزانه فسا
1404,تجربی,help-2351-015,2351,IMG_20261001_063722_652.jpg,5835,1321,منطقه 3,9550,پزشکی شهریه پرداز تبریز2 (مرد),پزشکی روزانه تبریز
1404,تجربی,help-2351-016,2351,IMG_20261001_063722_652.jpg,5927,2756,منطقه 2,9540,پزشکی شهریه پرداز بابل2,دندان آزاد بروجرد - دندان تعهدی شهرکرد
1404,تجربی,help-2351-017,2351,IMG_20261001_063722_652.jpg,5988,1854,منطقه 1,9534,پزشکی شهریه پرداز شهرکرد (زن),پزشکی روزانه کاشان و شهرکرد
1404,تجربی,help-2351-018,2351,IMG_20261001_063722_652.jpg,6718,2064,منطقه 1,9468,پزشکی روزانه کرمانشاه (غیربومی - زن),پزشکی روزانه اردبیل و زنجان و همدان و بابل
1404,تجربی,help-2351-019,2351,IMG_20261001_063722_652.jpg,7540,1779,منطقه 3,9398,پزشکی روزانه سبزوار2 (بومی - زن),پزشکی روزانه بجنورد + دندان تعهدی بجنورد
1404,تجربی,help-2351-020,2351,IMG_20261001_063722_652.jpg,7802,3539,منطقه 2,9377,پزشکی شهریه پرداز اراک1 (مرد),پزشکی پردیس زنجان و قزوین
1404,تجربی,help-2351-021,2351,IMG_20261001_063722_652.jpg,7802,3539,منطقه 2,9377,پزشکی شهریه پرداز رامسر (مرد),پزشکی پردیس بابل + روزانه شاهرود
1404,تجربی,help-2351-022,2351,IMG_20261001_063722_652.jpg,8072,3647,منطقه 2,9356,پزشکی روزانه تربت حیدریه (غیربومی - مرد),پزشکی روزانه ساوه و شاهرود و سبزوار
1404,تجربی,help-2351-023,2351,IMG_20261001_063722_652.jpg,8226,2002,منطقه 3,9345,پزشکی روزانه یاسوج (بومی - مرد),پزشکی روزانه بوشهر
1404,تجربی,help-2351-024,2351,IMG_20261001_063722_652.jpg,8511,2600,منطقه 1,9324,پزشکی روزانه آبادان (بومی - زن),پزشکی روزانه بیرجند و بجنورد و ایلام و سنندج
1404,تجربی,help-2351-025,2351,IMG_20261001_063722_652.jpg,8959,4027,منطقه 2,9293,پزشکی روزانه کاشان (بومی - زن),پزشکی روزانه فسا و جهرم و آبادان و ایلام و سنندج
1404,تجربی,help-2351-026,2351,IMG_20261001_063722_652.jpg,9006,4048,منطقه 2,9290,پزشکی روزانه سیرجان (غیربومی - مرد),پزشکی روزانه ساوه و خمین و شاهرود و گناباد و تربت
1404,تجربی,help-2351-027,2351,IMG_20261001_063722_652.jpg,9095,2775,منطقه 1,9284,پزشکی آزاد نجف آباد,پزشکی آزاد تهران
1404,تجربی,help-2351-028,2351,IMG_20261001_063722_652.jpg,9258,471,سهمیه 5٪,9274,پزشکی روزانه تبریز (بومی - مرد),پزشکی روزانه بهشتی
1404,تجربی,help-2352-029,2352,IMG_20261001_063717_784.jpg,9621,2919,منطقه 1,9250,پزشکی شهریه پرداز ایلام (زن),پزشکی پردیس شاهرود و سنندج + روزانه گناباد و تربت حیدریه
1404,تجربی,help-2352-030,2352,IMG_20261001_063717_784.jpg,9676,4352,منطقه 2,9246,پزشکی روزانه جیرفت1 (بومی - مرد),پزشکی روزانه کرمان و رفسنجان و سیرجان
1404,تجربی,help-2352-031,2352,IMG_20261001_063717_784.jpg,10013,2487,منطقه 3,9223,پزشکی شهریه پرداز شهرکرد (زن),پزشکی پردیس دزفول
1404,تجربی,help-2352-032,2352,IMG_20261001_063717_784.jpg,12114,5433,منطقه 2,9096,پزشکی آزاد مشهد,پزشکی آزاد تهران
1404,تجربی,help-2352-033,2352,IMG_20261001_063717_784.jpg,12393,3174,منطقه 3,9079,پزشکی روزانه زاهدان (بومی - زن),پزشکی پردیس بندرعباس + روزانه کرمان و رفسنجان
1404,تجربی,help-2352-034,2352,IMG_20261001_063717_784.jpg,13263,3910,منطقه 1,9026,پزشکی آزاد زاهدان,پزشکی آزاد بجنورد و بیرجند و کارون و شاهرود و همه داروها
1404,تجربی,help-2352-035,2352,IMG_20261001_063717_784.jpg,14045,3683,منطقه 3,8984,پزشکی آزاد یزد,پزشکی آزاد تهران + پزشکی تعهدی شیراز
1404,تجربی,help-2352-036,2352,IMG_20261001_063717_784.jpg,15736,4189,منطقه 3,8900,پزشکی آزاد نجف آباد,پزشکی تعهدی اصفهان - بینایی سنجی روزانه مشهد و ساری - پروتز دندان
1404,تجربی,help-2352-037,2352,IMG_20261001_063717_784.jpg,17541,4732,منطقه 3,8813,پزشکی آزاد قم,پزشکی های بورسیه ارتش و فراجا و سایر موارد بورسیه
1404,تجربی,help-2352-038,2352,IMG_20261001_063717_784.jpg,18778,5099,منطقه 3,8755,پزشکی آزاد شاهرود,پزشکی پردیس ایرانشهر و دارو پردیس زابل - دارو آزاد دامغان
1404,تجربی,help-2352-039,2352,IMG_20261001_063717_784.jpg,19654,1181,سهمیه 5٪,8717,پزشکی روزانه کرمانشاه (غیربومی - مرد),پزشکی پردیس اهواز
1404,تجربی,help-2352-040,2352,IMG_20261001_063717_784.jpg,19902,5440,منطقه 3,8705,پزشکی آزاد زاهدان,کل داروها
1404,تجربی,help-2352-041,2352,IMG_20261001_063717_784.jpg,19924,1204,سهمیه 5٪,8704,پزشکی روزانه رشت,پزشکی روزانه تبریز
1404,تجربی,help-2363-042,2363,IMG_20261001_063651_640.jpg,637,221,منطقه 1,10619,دندانپزشکی روزانه تبریز (بومی),دندان روزانه تهران و بهشتی
1404,تجربی,help-2363-043,2363,IMG_20261001_063651_640.jpg,863,399,منطقه 2,10481,دندانپزشکی شهریه پرداز اصفهان,دندان روزانه اصفهان
1404,تجربی,help-2363-044,2363,IMG_20261001_063651_640.jpg,1184,398,منطقه 1,10325,دندانپزشکی روزانه شهرکرد (بومی),دندان روزانه اصفهان
1404,تجربی,help-2363-045,2363,IMG_20261001_063651_640.jpg,1331,269,منطقه 3,10275,دندانپزشکی روزانه کرج (بومی),دندان روزانه تهران و بهشتی
1404,تجربی,help-2363-046,2363,IMG_20261001_063651_640.jpg,1482,706,منطقه 2,10228,دندانپزشکی روزانه قزوین (بومی),دندان روزانه مشهد و رشت
1404,تجربی,help-2363-047,2363,IMG_20261001_063651_640.jpg,1933,901,منطقه 2,10102,دندانپزشکی شهریه پرداز شاهد تهران,دندان روزانه اراک
1404,تجربی,help-2363-048,2363,IMG_20261001_063651_640.jpg,1989,656,منطقه 1,10090,دندانپزشکی روزانه کرمان (غیربومی),دندان روزانه گرگان و سمنان و کاشان و لرستان و زنجان و شهرکرد
1404,تجربی,help-2363-049,2363,IMG_20261001_063651_640.jpg,2071,960,منطقه 2,10072,دندانپزشکی روزانه اردبیل (بومی),دندان روزانه ارومیه و زنجان و گرگان و همدان
1404,تجربی,help-2363-050,2363,IMG_20261001_063651_640.jpg,2525,514,منطقه 3,,دندانپزشکی شهریه پرداز بندرانزلی,دندان روزانه زنجان و قزوین و رشت
1404,تجربی,help-2363-051,2363,IMG_20261001_063651_640.jpg,2353,1093,منطقه 2,10009,دندانپزشکی روزانه زاهدان (غیربومی),دندان روزانه کرمان و رفسنجان
1404,تجربی,help-2363-052,2363,IMG_20261001_063651_640.jpg,2596,1200,منطقه 2,9963,دندانپزشکی آزاد تبریز1,دندان روزانه همدان
1404,تجربی,help-2363-053,2363,IMG_20261001_063651_640.jpg,3922,1261,منطقه 1,9758,دندانپزشکی آزاد بروجرد,دندان آزاد تهران و شیراز و خوراسگان و تبریز
1404,تجربی,help-2364-054,2364,IMG_20261001_063647_558.jpg,5399,2517,منطقه 2,9592,دندانپزشکی آزاد بروجرد,دندان آزاد تهران و شیراز و خوراسگان و تبریز
1404,تجربی,help-2364-055,2364,IMG_20261001_063647_558.jpg,33967,181,سهمیه 25٪,8181,دندانپزشکی آزاد تهران,دندان پردیس تهران و کرج
1404,تجربی,help-2364-056,2364,IMG_20261001_063647_558.jpg,87364,690,سهمیه 25٪,6927,دندانپزشکی آزاد خوراسگان,دندان پردیس همدان + آزاد تهران و شیراز و خوراسگان و تبریز
1404,تجربی,help-2358-057,2358,IMG_20261001_063713_305.jpg,24976,11048,منطقه 2,8498,پرستاری روزانه همدان1 (بومی - زن),پرستاری روزانه تهران و اصفهان و پروتز دندان آزاد خوراسگان
1404,تجربی,help-2358-058,2358,IMG_20261001_063713_305.jpg,30124,8503,منطقه 3,8311,پرستاری روزانه فسا (بومی),گفتار درمانی روزانه زاهدان
1404,تجربی,help-2358-059,2358,IMG_20261001_063713_305.jpg,30974,13625,منطقه 2,8281,پرستاری روزانه مرند (بومی),پرستاری روزانه تبریز
1404,تجربی,help-2358-060,2358,IMG_20261001_063713_305.jpg,36738,10588,منطقه 3,8089,پرستاری شهریه پرداز رشت,پرستاری روزانه تبریز و ارومیه و رشت
1404,تجربی,help-2358-061,2358,IMG_20261001_063713_305.jpg,34952,15328,منطقه 2,8147,پرستاری روزانه دورود (بومی - زن),پرستاری روزانه خرم آباد و بروجرد و ملایر
1404,تجربی,help-2358-062,2358,IMG_20261001_063713_305.jpg,37050,16279,منطقه 2,8080,پرستاری روزانه کاشمر2 (بومی - زن),پرستاری روزانه رشت و بابل و آمل و لنگرود و بهشهر و رامسر
1404,تجربی,help-2358-063,2358,IMG_20261001_063713_305.jpg,42129,3043,سهمیه 5٪,7930,پرستاری روزانه تبریز,کل بینایی سنجی های کشور
1404,تجربی,help-2358-064,2358,IMG_20261001_063713_305.jpg,42542,12531,منطقه 3,7918,پرستاری روزانه آبادان1 (بومی - زن),پرستاری روزانه اهواز
1404,تجربی,help-2358-065,2358,IMG_20261001_063713_305.jpg,48677,21175,منطقه 2,7751,پرستاری آزاد کرج,تغذیه و اتاق عمل و هوشبری آزاد تهران
1404,تجربی,help-2358-066,2358,IMG_20261001_063713_305.jpg,54634,14341,منطقه 1,7598,پرستاری آزاد قزوین,پرستاری آزاد شهرقدس و کرج
1404,تجربی,help-2358-067,2358,IMG_20261001_063713_305.jpg,54540,23635,منطقه 2,7600,پرستاری آزاد یزد + پرستاری روزانه ایرانشهر,پرستاری روزانه استان فارس
1404,تجربی,help-2359-068,2359,IMG_20261001_063706_514.jpg,62393,19422,منطقه 3,7418,پرستاری آزاد اهواز,اتاق عمل آزاد خوراسگان و نجف آباد
1404,تجربی,help-2359-069,2359,IMG_20261001_063706_514.jpg,62910,27048,منطقه 2,7407,پرستاری آزاد اهواز,پرستاری آزاد اراک
1404,تجربی,help-2359-070,2359,IMG_20261001_063706_514.jpg,63802,19922,منطقه 3,7387,پرستاری آزاد فلاورجان,پرستاری آزاد نجف آباد
1404,تجربی,help-2359-071,2359,IMG_20261001_063706_514.jpg,64209,27586,منطقه 2,7378,پرستاری آزاد خودگردان قزوین,پرستاری آزاد ورامین
1404,تجربی,help-2359-072,2359,IMG_20261001_063706_514.jpg,67801,17397,منطقه 1,7301,پرستاری آزاد زنجان,کل تغذیه آزاد + پرستاری آزاد ارومیه و تبریز
1404,تجربی,help-2359-073,2359,IMG_20261001_063706_514.jpg,68004,21447,منطقه 3,7297,پرستاری آزاد بندرعباس,پرستاری آزاد شیراز
1404,تجربی,help-2359-074,2359,IMG_20261001_063706_514.jpg,69109,21862,منطقه 3,7275,پرستاری آزاد تنکابن,پرستاری آزاد ساری و بابل و چالوس
1404,تجربی,help-2359-075,2359,IMG_20261001_063706_514.jpg,70266,17929,منطقه 1,7250,پرستاری آزاد کاشان,پرستاری آزاد خمین و شهرقدس و خوراسگان و نجف آباد
1404,تجربی,help-2359-076,2359,IMG_20261001_063706_514.jpg,70754,22474,منطقه 3,7240,پرستاری آزاد تویسرکان,پرستاری آزاد همدان
1404,تجربی,help-2359-077,2359,IMG_20261001_063706_514.jpg,72149,22992,منطقه 3,7211,پرستاری آزاد خودگردان ایلام,پرستاری آزاد ایلام
1404,تجربی,help-2359-078,2359,IMG_20261001_063706_514.jpg,73416,31337,منطقه 2,7185,پرستاری آزاد خودگردان مهاباد,پرستاری آزاد ارومیه و خوی
1404,تجربی,help-2359-079,2359,IMG_20261001_063706_514.jpg,80544,5880,سهمیه 5٪,7050,پرستاری روزانه زنجان1 (غیربومی - زن),پرستاری روزانه تبریز و ارومیه
1404,تجربی,help-2360-080,2360,IMG_20261001_063701_349.jpg,84475,35863,منطقه 2,6978,پرستاری آزاد لارستان,پرستاری آزاد جهرم و ممید و فردوس و گناباد و کاشمر و بندرگز
1404,تجربی,help-2360-081,2360,IMG_20261001_063701_349.jpg,97446,7129,سهمیه 5٪,6752,پرستاری روزانه بروجرد,پرستاری روزانه شهرکرد
1404,تجربی,help-2360-082,2360,IMG_20261001_063701_349.jpg,98138,41335,منطقه 2,6741,پرستاری آزاد خودگردان قشم,پرستاری آزاد قم و جیرفت و لارستان
1404,تجربی,help-2360-083,2360,IMG_20261001_063701_349.jpg,98383,33107,منطقه 3,6737,پرستاری آزاد خودگردان قشم,همه اتاق عمل ها
1404,تجربی,help-2360-084,2360,IMG_20261001_063701_349.jpg,114863,8402,سهمیه 5٪,6484,پرستاری روزانه مسجدسلیمان,پرستاری روزانه و پردیس دزفول و آبادان و شوشتر
1404,تجربی,help-2360-085,2360,IMG_20261001_063701_349.jpg,121867,8963,سهمیه 5٪,6382,پرستاری شهریه پرداز بستان,پرستاری روزانه و پردیس بندرماهشهر و آبادان و شوشتر و دهلران و ایوان
1404,تجربی,help-2360-086,2360,IMG_20261001_063701_349.jpg,140865,10415,سهمیه 5٪,6120,پرستاری روزانه تربت جام,پرستاری روزانه سراوان و ایرانشهر و تربت حیدریه و گناباد و کاشمر و قوچان
1404,تجربی,help-2360-087,2360,IMG_20261001_063701_349.jpg,205733,15165,سهمیه 5٪,5353,پرستاری روزانه میناب (بومی),پرستاری روزانه خمین و ابهر و نقده و ایوان و سقز و پلدختر
1404,تجربی,help-2367-088,2367,IMG_20261001_063642_756.jpg,2553,853,منطقه 1,9972,داروسازی روزانه بهشتی (بومی),دارو روزانه تهران
1404,تجربی,help-2367-089,2367,IMG_20261001_063642_756.jpg,2868,595,منطقه 3,9913,داروسازی روزانه تبریز (بومی),دندان روزانه ایلام و اردبیل و سنندج + پردیس ارومیه
1404,تجربی,help-2367-090,2367,IMG_20261001_063642_756.jpg,4374,1395,منطقه 1,9701,داروسازی روزانه مشهد (بومی),دندان تعهدی مشهد
1404,تجربی,help-2367-091,2367,IMG_20261001_063642_756.jpg,8655,3897,منطقه 2,9314,داروسازی شهریه پرداز بندرعباس,دارو روزانه بیرجند و بندرعباس
1404,تجربی,help-2367-092,2367,IMG_20261001_063642_756.jpg,9129,467,سهمیه 5٪,9282,داروسازی شهریه پرداز تهران,دارو روزانه تهران
1404,تجربی,help-2367-093,2367,IMG_20261001_063642_756.jpg,13601,3540,منطقه 3,9009,داروسازی آزاد تهران,دارو و فیزیوتراپی شهریه پرداز کل کشور
1404,تجربی,help-2367-094,2367,IMG_20261001_063642_756.jpg,16300,947,سهمیه 5٪,8869,داروسازی شهریه پرداز مشهد,دارو روزانه ایران
1404,تجربی,help-2367-095,2367,IMG_20261001_063642_756.jpg,18065,1066,سهمیه 5٪,8787,داروسازی روزانه تبریز (بومی),دارو روزانه شیراز
1404,تجربی,help-2367-096,2367,IMG_20261001_063642_756.jpg,18476,1098,سهمیه 5٪,8769,داروسازی روزانه بیرجند (بومی),دارو روزانه مشهد
1404,تجربی,help-2367-097,2367,IMG_20261001_063642_756.jpg,25253,1651,سهمیه 5٪,8488,داروسازی شهریه پرداز زنجان,دارو روزانه زنجان و رشت + شهریه پرداز رشت
1404,تجربی,help-2367-098,2367,IMG_20261001_063642_756.jpg,26511,1760,سهمیه 5٪,8439,داروسازی شهریه پرداز رامسر,دارو شهریه پرداز اردبیل و ارومیه و زنجان
1404,تجربی,help-2367-099,2367,IMG_20261001_063642_756.jpg,107150,976,سهمیه 25٪,6601,داروسازی آزاد تهران,دندان روزانه کرج و ارومیه
1404,تجربی,help-2367-100,2367,IMG_20261001_063642_756.jpg,114026,1083,سهمیه 25٪,6497,داروسازی آزاد آمل,فیزیوتراپی همه جا
1404,تجربی,help-2368-101,2368,IMG_20261001_063638_831.jpg,6967,2152,منطقه 1,9447,فیزیوتراپی شهریه پرداز توانبخشی تهران,فیزیوتراپی روزانه بهشتی و ایران و توانبخشی + شهریه پرداز بهشتی
1404,تجربی,help-2368-102,2368,IMG_20261001_063638_831.jpg,8160,3684,منطقه 2,9350,فیزیوتراپی شهریه پرداز اصفهان,فیزیوتراپی روزانه اصفهان
1404,تجربی,help-2368-103,2368,IMG_20261001_063638_831.jpg,10101,3049,منطقه 1,9216,فیزیوتراپی روزانه زاهدان (غیربومی),فیزیوتراپی روزانه کرمان و سمنان و همدان و شهرکرد و اهواز و رشت
1404,تجربی,help-2368-104,2368,IMG_20261001_063638_831.jpg,21539,1327,سهمیه 5٪,8636,فیزیوتراپی شهریه پرداز شیراز,فیزیوتراپی روزانه اصفهان و توانبخشی + شهریه پرداز اصفهان
1404,تجربی,help-2368-105,2368,IMG_20261001_063638_831.jpg,28570,1932,سهمیه 5٪,8365,فیزیوتراپی شهریه پرداز بابل,فیزیوتراپی روزانه بابل
1404,تجربی,help-2368-106,2368,IMG_20261001_063638_831.jpg,28834,1946,سهمیه 5٪,8356,فیزیوتراپی شهریه پرداز کرمانشاه,فیزیوتراپی روزانه کرمانشاه و بابل و همدان و رشت
1404,تجربی,help-2368-107,2368,IMG_20261001_063638_831.jpg,,2164,سهمیه 5٪,,فیزیوتراپی شهریه پرداز اهواز,فیزیوتراپی روزانه کرمانشاه و بابل و همدان و رشت و سمنان و شهرکرد
1404,تجربی,help-2368-108,2368,IMG_20261001_063638_831.jpg,15408,4494,منطقه 1,8916,دامپزشکی آزاد کرج,دامپزشکی روزانه و شبانه تهران و آزاد علوم تحقیقات
1404,تجربی,help-2368-109,2368,IMG_20261001_063638_831.jpg,15812,6993,منطقه 2,8896,دامپزشکی آزاد علوم تحقیقات,دامپزشکی روزانه و شبانه تهران
1404,تجربی,help-2368-110,2368,IMG_20261001_063638_831.jpg,21581,6103,منطقه 1,8634,دامپزشکی آزاد سنندج,دامپزشکی روزانه و شبانه اهواز و همدان و آزاد بابل
1404,تجربی,help-2368-111,2368,IMG_20261001_063638_831.jpg,68619,5042,سهمیه 5٪,7284,دامپزشکی آزاد تبریز (مرد),دامپزشکی روزانه تبریز و ارومیه و شیراز و کرمانشاه و همدان
1404,تجربی,help-2368-112,2368,IMG_20261001_063638_831.jpg,91224,6653,سهمیه 5٪,6859,دامپزشکی آزاد شوشتر (مرد),دامپزشکی روزانه و شبانه اهواز
1404,تجربی,help-2369-113,2369,IMG_20261001_063631_053.jpg,23177,1466,سهمیه 5٪,8567,پزشکی روزانه زنجان (بومی - مرد),پزشکی روزانه قزوین
1404,تجربی,help-2369-114,2369,IMG_20261001_063631_053.jpg,24364,1565,سهمیه 5٪,8522,پزشکی روزانه بهبهان (بومی - زن),دارو روزانه اهواز
1404,تجربی,help-2369-115,2369,IMG_20261001_063631_053.jpg,26796,1784,سهمیه 5٪,8429,پزشکی روزانه همدان (بومی - مرد),پزشکی روزانه کرمانشاه
1404,تجربی,help-2369-116,2369,IMG_20261001_063631_053.jpg,33181,2300,سهمیه 5٪,8208,پزشکی روزانه زاهدان2 (بومی - غیربومی),پزشکی روزانه لارستان و گراش و سراوان و خوی و ایلام و آبادان
1404,تجربی,help-2369-117,2369,IMG_20261001_063631_053.jpg,34310,2394,سهمیه 5٪,8170,پزشکی شهریه پرداز ساوه (زن),پزشکی روزانه ساوه
1404,تجربی,help-2369-118,2369,IMG_20261001_063631_053.jpg,35337,2477,سهمیه 5٪,8134,پزشکی روزانه تربت حیدریه (غیربومی),پزشکی روزانه آبادان و ایلام و سبزوار
1404,تجربی,help-2369-119,2369,IMG_20261001_063631_053.jpg,36263,2556,سهمیه 5٪,8104,پزشکی روزانه زاهدان1 (غیربومی),پزشکی روزانه جیرفت و بم
1404,تجربی,help-2369-120,2369,IMG_20261001_063631_053.jpg,38289,2731,سهمیه 5٪,8042,پزشکی آزاد خودگردان تهران1,پزشکی آزاد تمام وقت تهران
1404,تجربی,help-2369-121,2369,IMG_20261001_063631_053.jpg,41858,3028,سهمیه 5٪,7938,پزشکی آزاد ارومیه1,پزشکی آزاد تبریز
1404,تجربی,help-2369-122,2369,IMG_20261001_063631_053.jpg,105041,930,سهمیه 25٪,6633,پزشکی روزانه شاهرود2 (غیربومی),پزشکی روزانه گرگان و ساری و بابل
1404,تجربی,help-2369-123,2369,IMG_20261001_063631_053.jpg,107553,984,سهمیه 25٪,6595,پزشکی روزانه بهبهان (زن),پزشکی روزانه دزفول و شاهرود و بجنورد
1404,تجربی,help-2370-124,2370,IMG_20261001_063625_490.jpg,17292,7658,منطقه 2,8825,اتاق عمل شهریه پرداز بهشتی,رادیولوژی پردیس بهشتی
1404,تجربی,help-2370-125,2370,IMG_20261001_063625_490.jpg,28834,8093,منطقه 3,8356,اتاق عمل روزانه کرج (بومی تهران - زن),اتاق عمل روزانه تهران و ایران و بهشتی
1404,تجربی,help-2370-126,2370,IMG_20261001_063625_490.jpg,41990,18373,منطقه 2,7934,اتاق عمل روزانه بندرعباس (بومی فارس - زن),پرستاری روزانه فسا و جهرم
1404,تجربی,help-2370-127,2370,IMG_20261001_063625_490.jpg,47295,14114,منطقه 3,7786,اتاق عمل روزانه بهبهان (بومی - مرد),اتاق عمل روزانه اهواز و دزفول و آبادان و رادیولوژی های خوزستان
1404,تجربی,help-2370-128,2370,IMG_20261001_063625_490.jpg,114476,8364,سهمیه 5٪,6490,اتاق عمل روزانه مهاباد (زن),اتاق عمل روزانه تبریز و مراغه و ارومیه
1404,تجربی,help-2370-129,2370,IMG_20261001_063625_490.jpg,156634,11588,سهمیه 5٪,5921,اتاق عمل روزانه چابهار (زن),پرستاری روزانه چابهار
1404,تجربی,help-2372-130,2372,IMG_20261001_063619_820.jpg,17030,4928,منطقه 1,8837,علوم تغذیه شهریه پرداز همدان,علوم تغذیه پردیس بهشتی و کاشان
1404,تجربی,help-2372-131,2372,IMG_20261001_063619_820.jpg,19555,8667,منطقه 2,8721,علوم تغذیه شهریه پرداز تبریز,علوم تغذیه پردیس بهشتی و همدان
1404,تجربی,help-2372-132,2372,IMG_20261001_063619_820.jpg,21894,6185,منطقه 1,8621,علوم تغذیه روزانه گرگان,علوم تغذیه روزانه اصفهان و شیراز و تبریز و ساری و کاشان
1404,تجربی,help-2372-133,2372,IMG_20261001_063619_820.jpg,24201,10693,منطقه 2,8528,رادیولوژی روزانه اراک (بومی - مرد),رادیولوژی روزانه و شهریه پرداز اصفهان و قم
1404,تجربی,help-2372-134,2372,IMG_20261001_063619_820.jpg,26078,11534,منطقه 2,8455,رادیولوژی روزانه شاهرود (بومی - زن),رادیولوژی روزانه اصفهان و قم
1404,تجربی,help-2372-135,2372,IMG_20261001_063619_820.jpg,27585,7708,منطقه 3,8401,رادیولوژی روزانه قم2 (بومی - زن),کل کاردرمانی ها
1404,تجربی,help-2372-136,2372,IMG_20261001_063619_820.jpg,28222,7901,منطقه 3,8377,علوم تغذیه شهریه پرداز همدان,علوم تغذیه روزانه زنجان و همدان
1404,تجربی,help-2372-137,2372,IMG_20261001_063619_820.jpg,28622,8032,منطقه 3,8363,رادیولوژی شهریه پرداز اهواز,رادیولوژی روزانه اهواز
1404,تجربی,help-2372-138,2372,IMG_20261001_063619_820.jpg,30034,8475,منطقه 3,8314,رادیولوژی شهریه پرداز شهرکرد,رادیولوژی پردیس همدان و کرمانشاه و کاشان
1404,تجربی,help-2372-139,2372,IMG_20261001_063619_820.jpg,32185,9115,منطقه 3,8240,علوم تغذیه روزانه یاسوج,علوم تغذیه روزانه اهواز و ساری و کاشان
1404,تجربی,help-2372-140,2372,IMG_20261001_063619_820.jpg,46908,20398,منطقه 2,7796,علوم تغذیه آزاد قوچان,علوم تغذیه آزاد مرند
1404,تجربی,help-2372-141,2372,IMG_20261001_063619_820.jpg,49393,3619,سهمیه 5٪,7717,رادیولوژی روزانه تبریز,شنوایی شناسی روزانه تبریز
1404,تجربی,help-2372-142,2372,IMG_20261001_063619_820.jpg,51202,3715,سهمیه 5٪,7684,رادیولوژی روزانه اهواز,رادیولوژی روزانه اصفهان
1404,تجربی,help-2372-143,2372,IMG_20261001_063619_820.jpg,66519,20880,منطقه 3,7329,علوم تغذیه غیرانتفاعی وارستگان مشهد,علوم تغذیه آزاد سروستان و قوچان و مرند و مراغه
1404,تجربی,help-2372-144,2372,IMG_20261001_063619_820.jpg,65614,4823,سهمیه 5٪,7347,علوم تغذیه شهریه پرداز زنجان,علوم تغذیه روزانه تبریز
1404,تجربی,help-2372-145,2372,IMG_20261001_063619_820.jpg,85674,6250,سهمیه 5٪,6956,رادیولوژی شهریه پرداز بهبهان (مرد),رادیولوژی روزانه بهبهان
1403,تجربی,help-2373-146,2373,IMG_20261001_063617_166.jpg,16849,7429,منطقه 2,8982,علوم تغذیه روزانه اصفهان,علوم تغذیه روزانه بهشتی
1403,تجربی,help-2373-147,2373,IMG_20261001_063617_166.jpg,23223,6274,منطقه 3,8716,رادیولوژی روزانه زنجان (بومی - دختر),رادیولوژی روزانه تبریز و ایران
1403,تجربی,help-2373-148,2373,IMG_20261001_063617_166.jpg,23582,6401,منطقه 3,8702,رادیولوژی روزانه اردبیل (بومی - دختر),شنوایی شناسی روزانه تبریز
1403,تجربی,help-2373-149,2373,IMG_20261001_063617_166.jpg,27147,7559,منطقه 3,8578,رادیولوژی روزانه اردبیل (بومی - دختر),رادیولوژی روزانه ارومیه
1403,تجربی,help-2373-150,2373,IMG_20261001_063617_166.jpg,31686,8945,منطقه 3,8427,علوم تغذیه روزانه اراک,علوم تغذیه روزانه یزد
1403,تجربی,help-2373-151,2373,IMG_20261001_063617_166.jpg,32869,9313,منطقه 3,8390,رادیولوژی روزانه بوشهر (بومی - دختر),رادیولوژی روزانه شیراز
1403,تجربی,help-2373-152,2373,IMG_20261001_063617_166.jpg,34452,9853,منطقه 3,8341,علوم تغذیه روزانه کرمان,کل کاردرمانی های کشور
1403,تجربی,help-2373-153,2373,IMG_20261001_063617_166.jpg,36093,15696,منطقه 2,8293,علوم تغذیه روزانه زابل,علوم تغذیه روزانه کرمان و سمنان و زنجان و بوشهر و خلخال
1403,تجربی,help-2373-154,2373,IMG_20261001_063617_166.jpg,36347,15797,منطقه 2,8286,علوم تغذیه آزاد قوچان,علوم تغذیه آزاد علوم تحقیقات
1403,تجربی,help-2373-155,2373,IMG_20261001_063617_166.jpg,48315,3953,سهمیه 5٪,7964,رادیولوژی روزانه ارومیه (بومی - دختر),رادیولوژی روزانه تبریز
1403,تجربی,help-2373-156,2373,IMG_20261001_063617_166.jpg,56147,4664,سهمیه 5٪,7774,رادیولوژی روزانه بندرعباس (بومی - دختر),شنوایی شناسی پردیس زاهدان - رادیولوژی روزانه بوشهر
1403,تجربی,help-2373-157,2373,IMG_20261001_063617_166.jpg,66759,5611,سهمیه 5٪,7549,رادیولوژی روزانه لنگرود (غیربومی - پسر),کل کاردرمانی - اعضای مصنوعی های کشور - رادیولوژی روزانه خرم آباد و اهواز و زنجان و یزد و کرمانشاه
1403,تجربی,help-2373-158,2373,IMG_20261001_063617_166.jpg,113009,9593,سهمیه 5٪,6803,علوم تغذیه غیرانتفاعی وارستگان,علوم تغذیه پردیس کاشان و اهواز