سال,گروه آزمایشی,شناسه داوطلب,پیام تلگرام,رتبه کشوری,رتبه منطقه,منطقه,رتبه سهمیه ویژه,سهمیه ویژه,نتیجه,رشته,دانشگاه یا دامنه,نوع دوره,عبارت خام
1403,تجربی,help-2373-16849-0,2373,16849,7429,منطقه 2,,,قبولی,علوم تغذیه,علوم تغذیه روزانه اصفهان,روزانه,علوم تغذیه روزانه اصفهان
1403,تجربی,help-2373-16849-0,2373,16849,7429,منطقه 2,,,عدم قبولی,علوم تغذیه,علوم تغذیه روزانه بهشتی,روزانه,علوم تغذیه روزانه بهشتی
1403,تجربی,help-2373-23223-1,2373,23223,6274,منطقه 3,,,قبولی,رادیولوژی,رادیولوژی روزانه زنجان,روزانه,رادیولوژی روزانه زنجان
1403,تجربی,help-2373-23223-1,2373,23223,6274,منطقه 3,,,عدم قبولی,رادیولوژی,رادیولوژی روزانه تبریز و ایران,روزانه,رادیولوژی روزانه تبریز و ایران
1403,تجربی,help-2373-23582-2,2373,23582,6401,منطقه 3,,,قبولی,رادیولوژی,رادیولوژی روزانه اردبیل,روزانه,رادیولوژی روزانه اردبیل
1403,تجربی,help-2373-23582-2,2373,23582,6401,منطقه 3,,,عدم قبولی,شنوایی‌شناسی,شنوایی شناسی روزانه تبریز,روزانه,شنوایی شناسی روزانه تبریز
1403,تجربی,help-2373-27147-3,2373,27147,7559,منطقه 3,,,قبولی,رادیولوژی,رادیولوژی روزانه اردبیل,روزانه,رادیولوژی روزانه اردبیل
1403,تجربی,help-2373-27147-3,2373,27147,7559,منطقه 3,,,عدم قبولی,رادیولوژی,رادیولوژی روزانه ارومیه,روزانه,رادیولوژی روزانه ارومیه
1403,تجربی,help-2373-31686-4,2373,31686,8945,منطقه 3,,,قبولی,علوم تغذیه,علوم تغذیه روزانه اراک,روزانه,علوم تغذیه روزانه اراک
1403,تجربی,help-2373-31686-4,2373,31686,8945,منطقه 3,,,عدم قبولی,علوم تغذیه,علوم تغذیه روزانه یزد,روزانه,علوم تغذیه روزانه یزد
1403,تجربی,help-2373-32869-5,2373,32869,9313,منطقه 3,,,قبولی,رادیولوژی,رادیولوژی روزانه بوشهر,روزانه,رادیولوژی روزانه بوشهر
1403,تجربی,help-2373-32869-5,2373,32869,9313,منطقه 3,,,عدم قبولی,رادیولوژی,رادیولوژی روزانه شیراز,روزانه,رادیولوژی روزانه شیراز
1403,تجربی,help-2373-34452-6,2373,34452,9853,منطقه 3,,,قبولی,علوم تغذیه,علوم تغذیه روزانه کرمان,روزانه,علوم تغذیه روزانه کرمان
1403,تجربی,help-2373-34452-6,2373,34452,9853,منطقه 3,,,عدم قبولی,کاردرمانی,کل کاردرمانی های کشور,نامشخص,کل کاردرمانی های کشور
1403,تجربی,help-2373-36093-7,2373,36093,15696,منطقه 2,,,قبولی,علوم تغذیه,علوم تغذیه روزانه زابل,روزانه,علوم تغذیه روزانه زابل
1403,تجربی,help-2373-36093-7,2373,36093,15696,منطقه 2,,,عدم قبولی,علوم تغذیه,علوم تغذیه روزانه کرمان و سمنان و زنجان و بوشهر و خلخال,روزانه,علوم تغذیه روزانه کرمان و سمنان و زنجان و بوشهر و خلخال
1403,تجربی,help-2373-36347-8,2373,36347,15797,منطقه 2,,,قبولی,علوم تغذیه,علوم تغذیه آزاد قوچان,آزاد,علوم تغذیه آزاد قوچان
1403,تجربی,help-2373-36347-8,2373,36347,15797,منطقه 2,,,عدم قبولی,علوم تغذیه,علوم تغذیه آزاد علوم تحقیقات,آزاد,علوم تغذیه آزاد علوم تحقیقات
1403,تجربی,help-2373-48315-9,2373,48315,,,3953,سهمیه 5٪,قبولی,رادیولوژی,رادیولوژی روزانه ارومیه,روزانه,رادیولوژی روزانه ارومیه
1403,تجربی,help-2373-48315-9,2373,48315,,,3953,سهمیه 5٪,عدم قبولی,رادیولوژی,رادیولوژی روزانه تبریز,روزانه,رادیولوژی روزانه تبریز
1403,تجربی,help-2373-56147-10,2373,56147,,,4664,سهمیه 5٪,قبولی,رادیولوژی,رادیولوژی روزانه بندرعباس,روزانه,رادیولوژی روزانه بندرعباس
1403,تجربی,help-2373-56147-10,2373,56147,,,4664,سهمیه 5٪,عدم قبولی,ترکیبی,شنوایی شناسی پردیس زاهدان - رادیولوژی روزانه بوشهر,ترکیبی,شنوایی شناسی پردیس زاهدان - رادیولوژی روزانه بوشهر
1403,تجربی,help-2373-66759-11,2373,66759,,,5611,سهمیه 5٪,قبولی,رادیولوژی,رادیولوژی روزانه لنگرود,روزانه,رادیولوژی روزانه لنگرود
1403,تجربی,help-2373-66759-11,2373,66759,,,5611,سهمیه 5٪,عدم قبولی,ترکیبی,کل کاردرمانی - اعضای مصنوعی های کشور - رادیولوژی روزانه خرم آباد و اهواز و زنجان و کرمانشاه,روزانه,کل کاردرمانی - اعضای مصنوعی های کشور - رادیولوژی روزانه خرم آباد و اهواز و زنجان و کرمانشاه
1403,تجربی,help-2373-113009-12,2373,113009,,,9593,سهمیه 5٪,قبولی,علوم تغذیه,علوم تغذیه غیرانتفاعی وارستگان,غیرانتفاعی,علوم تغذیه غیرانتفاعی وارستگان
1403,تجربی,help-2373-113009-12,2373,113009,,,9593,سهمیه 5٪,عدم قبولی,علوم تغذیه,علوم تغذیه پردیس کاشان و اهواز,پردیس,علوم تغذیه پردیس کاشان و اهواز
1404,تجربی,help-2349-917-0,2349,917,184,منطقه 3,,,قبولی,پزشکی,پزشکی روزانه ایران,روزانه,پزشکی روزانه ایران
1404,تجربی,help-2349-917-0,2349,917,184,منطقه 3,,,عدم قبولی,پزشکی,پزشکی روزانه تهران و بهشتی,روزانه,پزشکی روزانه تهران و بهشتی
1404,تجربی,help-2349-1347-1,2349,1347,273,منطقه 3,,,قبولی,پزشکی,پزشکی شهریه پرداز بهشتی,شهریه‌پرداز,پزشکی شهریه پرداز بهشتی
1404,تجربی,help-2349-1347-1,2349,1347,273,منطقه 3,,,عدم قبولی,پزشکی,پزشکی روزانه تهران و بهشتی و ایران,روزانه,پزشکی روزانه تهران و بهشتی و ایران
1404,تجربی,help-2349-1389-2,2349,1389,450,منطقه 1,,,قبولی,پزشکی,پزشکی شهریه پرداز بهشتی,شهریه‌پرداز,پزشکی شهریه پرداز بهشتی
1404,تجربی,help-2349-1389-2,2349,1389,450,منطقه 1,,,عدم قبولی,پزشکی,پزشکی روزانه تهران و بهشتی و ایران,روزانه,پزشکی روزانه تهران و بهشتی و ایران
1404,تجربی,help-2349-1690-3,2349,1690,552,منطقه 1,,,قبولی,پزشکی,پزشکی آزاد تهران1,آزاد,پزشکی آزاد تهران1
1404,تجربی,help-2349-1690-3,2349,1690,552,منطقه 1,,,عدم قبولی,پزشکی,پزشکی پردیس بهشتی و ایران,پردیس,پزشکی پردیس بهشتی و ایران
1404,تجربی,help-2349-2199-4,2349,2199,1024,منطقه 2,,,قبولی,پزشکی,پزشکی روزانه کرج,روزانه,پزشکی روزانه کرج
1404,تجربی,help-2349-2199-4,2349,2199,1024,منطقه 2,,,عدم قبولی,پزشکی,پزشکی روزانه تهران و بهشتی و ایران,روزانه,پزشکی روزانه تهران و بهشتی و ایران
1404,تجربی,help-2349-3108-5,2349,3108,1030,منطقه 1,,,قبولی,پزشکی,پزشکی شهریه پرداز تبریز2,شهریه‌پرداز,پزشکی شهریه پرداز تبریز2
1404,تجربی,help-2349-3108-5,2349,3108,1030,منطقه 1,,,عدم قبولی,پزشکی,پزشکی پردیس بهشتی و ایران,پردیس,پزشکی پردیس بهشتی و ایران
1404,تجربی,help-2349-3350-6,2349,3350,1540,منطقه 2,,,قبولی,پزشکی,پزشکی روزانه ارومیه1,روزانه,پزشکی روزانه ارومیه1
1404,تجربی,help-2349-3350-6,2349,3350,1540,منطقه 2,,,عدم قبولی,پزشکی,پزشکی روزانه تبریز,روزانه,پزشکی روزانه تبریز
1404,تجربی,help-2349-4061-7,2349,4061,1873,منطقه 2,,,قبولی,پزشکی,پزشکی روزانه اهواز,روزانه,پزشکی روزانه اهواز
1404,تجربی,help-2349-4061-7,2349,4061,1873,منطقه 2,,,عدم قبولی,پزشکی,پزشکی روزانه اصفهان,روزانه,پزشکی روزانه اصفهان
1404,تجربی,help-2349-4170-8,2349,4170,1915,منطقه 2,,,قبولی,پزشکی,پزشکی شهریه پرداز تبریز2,شهریه‌پرداز,پزشکی شهریه پرداز تبریز2
1404,تجربی,help-2349-4170-8,2349,4170,1915,منطقه 2,,,عدم قبولی,پزشکی,پزشکی روزانه تبریز,روزانه,پزشکی روزانه تبریز
1404,تجربی,help-2349-5013-9,2349,5013,2324,منطقه 2,,,قبولی,پزشکی,پزشکی روزانه اهواز,روزانه,پزشکی روزانه اهواز
1404,تجربی,help-2349-5013-9,2349,5013,2324,منطقه 2,,,عدم قبولی,پزشکی,پزشکی روزانه اصفهان,روزانه,پزشکی روزانه اصفهان
1404,تجربی,help-2349-5228-10,2349,5228,2433,منطقه 2,,,قبولی,پزشکی,پزشکی شهریه پرداز ارومیه,شهریه‌پرداز,پزشکی شهریه پرداز ارومیه
1404,تجربی,help-2349-5228-10,2349,5228,2433,منطقه 2,,,عدم قبولی,پزشکی,پزشکی روزانه ارومیه,روزانه,پزشکی روزانه ارومیه
1404,تجربی,help-2349-5553-11,2349,5553,2582,منطقه 2,,,قبولی,پزشکی,پزشکی روزانه کرمانشاه,روزانه,پزشکی روزانه کرمانشاه
1404,تجربی,help-2349-5553-11,2349,5553,2582,منطقه 2,,,عدم قبولی,پزشکی,پزشکی روزانه کرج و تبریز,روزانه,پزشکی روزانه کرج و تبریز
1404,تجربی,help-2349-5513-12,2349,5513,1234,منطقه 3,,,قبولی,پزشکی,پزشکی روزانه اهواز,روزانه,پزشکی روزانه اهواز
1404,تجربی,help-2349-5513-12,2349,5513,1234,منطقه 3,,,عدم قبولی,پزشکی,پزشکی روزانه اصفهان,روزانه,پزشکی روزانه اصفهان
1404,تجربی,help-2349-5784-13,2349,5784,1791,منطقه 1,,,قبولی,پزشکی,پزشکی روزانه جهرم,روزانه,پزشکی روزانه جهرم
1404,تجربی,help-2349-5784-13,2349,5784,1791,منطقه 1,,,عدم قبولی,پزشکی,پزشکی روزانه فسا,روزانه,پزشکی روزانه فسا
1404,تجربی,help-2351-5835-14,2351,5835,1321,منطقه 3,,,قبولی,پزشکی,پزشکی شهریه پرداز تبریز2,شهریه‌پرداز,پزشکی شهریه پرداز تبریز2
1404,تجربی,help-2351-5835-14,2351,5835,1321,منطقه 3,,,عدم قبولی,پزشکی,پزشکی روزانه تبریز,روزانه,پزشکی روزانه تبریز
1404,تجربی,help-2351-5927-15,2351,5927,2756,منطقه 2,,,قبولی,پزشکی,پزشکی شهریه پرداز بابل2,شهریه‌پرداز,پزشکی شهریه پرداز بابل2
1404,تجربی,help-2351-5927-15,2351,5927,2756,منطقه 2,,,عدم قبولی,دندانپزشکی,دندان آزاد بروجرد - دندان تعهدی شهرکرد,ترکیبی,دندان آزاد بروجرد - دندان تعهدی شهرکرد
1404,تجربی,help-2351-5988-16,2351,5988,1854,منطقه 1,,,قبولی,پزشکی,پزشکی شهریه پرداز شهرکرد,شهریه‌پرداز,پزشکی شهریه پرداز شهرکرد
1404,تجربی,help-2351-5988-16,2351,5988,1854,منطقه 1,,,عدم قبولی,پزشکی,پزشکی روزانه کاشان و شهرکرد,روزانه,پزشکی روزانه کاشان و شهرکرد
1404,تجربی,help-2351-6718-17,2351,6718,2064,منطقه 1,,,قبولی,پزشکی,پزشکی روزانه کرمانشاه,روزانه,پزشکی روزانه کرمانشاه
1404,تجربی,help-2351-6718-17,2351,6718,2064,منطقه 1,,,عدم قبولی,پزشکی,پزشکی روزانه اردبیل و زنجان و همدان و بابل,روزانه,پزشکی روزانه اردبیل و زنجان و همدان و بابل
1404,تجربی,help-2351-7540-18,2351,7540,1779,منطقه 3,,,قبولی,پزشکی,پزشکی روزانه سبزوار2,روزانه,پزشکی روزانه سبزوار2
1404,تجربی,help-2351-7540-18,2351,7540,1779,منطقه 3,,,عدم قبولی,ترکیبی,پزشکی روزانه بجنورد + دندان تعهدی بجنورد,ترکیبی,پزشکی روزانه بجنورد + دندان تعهدی بجنورد
1404,تجربی,help-2351-7802-19,2351,7802,3539,منطقه 2,,,قبولی,پزشکی,پزشکی شهریه پرداز اراک1,شهریه‌پرداز,پزشکی شهریه پرداز اراک1
1404,تجربی,help-2351-7802-19,2351,7802,3539,منطقه 2,,,عدم قبولی,پزشکی,پزشکی پردیس زنجان و قزوین,پردیس,پزشکی پردیس زنجان و قزوین
1404,تجربی,help-2351-7802-20,2351,7802,3539,منطقه 2,,,قبولی,پزشکی,پزشکی شهریه پرداز رامسر,شهریه‌پرداز,پزشکی شهریه پرداز رامسر
1404,تجربی,help-2351-7802-20,2351,7802,3539,منطقه 2,,,عدم قبولی,پزشکی,پزشکی پردیس بابل + روزانه شاهرود,ترکیبی,پزشکی پردیس بابل + روزانه شاهرود
1404,تجربی,help-2351-8072-21,2351,8072,3647,منطقه 2,,,قبولی,پزشکی,پزشکی روزانه تربت حیدریه,روزانه,پزشکی روزانه تربت حیدریه
1404,تجربی,help-2351-8072-21,2351,8072,3647,منطقه 2,,,عدم قبولی,پزشکی,پزشکی روزانه ساوه و شاهرود و سبزوار,روزانه,پزشکی روزانه ساوه و شاهرود و سبزوار
1404,تجربی,help-2351-8226-22,2351,8226,2002,منطقه 3,,,قبولی,پزشکی,پزشکی روزانه یاسوج,روزانه,پزشکی روزانه یاسوج
1404,تجربی,help-2351-8226-22,2351,8226,2002,منطقه 3,,,عدم قبولی,پزشکی,پزشکی روزانه بوشهر,روزانه,پزشکی روزانه بوشهر
1404,تجربی,help-2351-8511-23,2351,8511,2600,منطقه 1,,,قبولی,پزشکی,پزشکی روزانه آبادان,روزانه,پزشکی روزانه آبادان
1404,تجربی,help-2351-8511-23,2351,8511,2600,منطقه 1,,,عدم قبولی,پزشکی,پزشکی روزانه بیرجند و بجنورد و ایلام و سنندج,روزانه,پزشکی روزانه بیرجند و بجنورد و ایلام و سنندج
1404,تجربی,help-2351-8959-24,2351,8959,4027,منطقه 2,,,قبولی,پزشکی,پزشکی روزانه گراش,روزانه,پزشکی روزانه گراش
1404,تجربی,help-2351-8959-24,2351,8959,4027,منطقه 2,,,عدم قبولی,پزشکی,پزشکی روزانه فسا و جهرم و آبادان و ایلام و سنندج,روزانه,پزشکی روزانه فسا و جهرم و آبادان و ایلام و سنندج
1404,تجربی,help-2351-9006-25,2351,9006,4048,منطقه 2,,,قبولی,پزشکی,پزشکی روزانه سیرجان,روزانه,پزشکی روزانه سیرجان
1404,تجربی,help-2351-9006-25,2351,9006,4048,منطقه 2,,,عدم قبولی,پزشکی,پزشکی روزانه ساوه و خمین و شاهرود و گناباد و تربت,روزانه,پزشکی روزانه ساوه و خمین و شاهرود و گناباد و تربت
1404,تجربی,help-2351-9095-26,2351,9095,2775,منطقه 1,,,قبولی,پزشکی,پزشکی آزاد نجف آباد,آزاد,پزشکی آزاد نجف آباد
1404,تجربی,help-2351-9095-26,2351,9095,2775,منطقه 1,,,عدم قبولی,پزشکی,پزشکی آزاد تهران,آزاد,پزشکی آزاد تهران
1404,تجربی,help-2351-9258-27,2351,9258,,,471,سهمیه 5٪,قبولی,پزشکی,پزشکی روزانه تبریز,روزانه,پزشکی روزانه تبریز
1404,تجربی,help-2351-9258-27,2351,9258,,,471,سهمیه 5٪,عدم قبولی,پزشکی,پزشکی روزانه بهشتی,روزانه,پزشکی روزانه بهشتی
1404,تجربی,help-2352-9621-28,2352,9621,2919,منطقه 1,,,قبولی,پزشکی,پزشکی شهریه پرداز ایلام,شهریه‌پرداز,پزشکی شهریه پرداز ایلام
1404,تجربی,help-2352-9621-28,2352,9621,2919,منطقه 1,,,عدم قبولی,پزشکی,پزشکی پردیس شاهرود و سنندج + روزانه گناباد و تربت حیدریه,ترکیبی,پزشکی پردیس شاهرود و سنندج + روزانه گناباد و تربت حیدریه
1404,تجربی,help-2352-9676-29,2352,9676,4352,منطقه 2,,,قبولی,پزشکی,پزشکی روزانه جیرفت1,روزانه,پزشکی روزانه جیرفت1
1404,تجربی,help-2352-9676-29,2352,9676,4352,منطقه 2,,,عدم قبولی,پزشکی,پزشکی روزانه کرمان و رفسنجان و سیرجان,روزانه,پزشکی روزانه کرمان و رفسنجان و سیرجان
1404,تجربی,help-2352-10013-30,2352,10013,2487,منطقه 3,,,قبولی,پزشکی,پزشکی شهریه پرداز شهرکرد,شهریه‌پرداز,پزشکی شهریه پرداز شهرکرد
1404,تجربی,help-2352-10013-30,2352,10013,2487,منطقه 3,,,عدم قبولی,پزشکی,پزشکی پردیس دزفول,پردیس,پزشکی پردیس دزفول
1404,تجربی,help-2352-12114-31,2352,12114,5433,منطقه 2,,,قبولی,پزشکی,پزشکی آزاد مشهد,آزاد,پزشکی آزاد مشهد
1404,تجربی,help-2352-12114-31,2352,12114,5433,منطقه 2,,,عدم قبولی,پزشکی,پزشکی آزاد تهران,آزاد,پزشکی آزاد تهران
1404,تجربی,help-2352-12393-32,2352,12393,3174,منطقه 3,,,قبولی,پزشکی,پزشکی روزانه زاهدان,روزانه,پزشکی روزانه زاهدان
1404,تجربی,help-2352-12393-32,2352,12393,3174,منطقه 3,,,عدم قبولی,پزشکی,پزشکی پردیس بندرعباس + روزانه کرمان و رفسنجان,ترکیبی,پزشکی پردیس بندرعباس + روزانه کرمان و رفسنجان
1404,تجربی,help-2352-13263-33,2352,13263,3910,منطقه 1,,,قبولی,پزشکی,پزشکی آزاد زاهدان,آزاد,پزشکی آزاد زاهدان
1404,تجربی,help-2352-13263-33,2352,13263,3910,منطقه 1,,,عدم قبولی,ترکیبی,پزشکی آزاد بجنورد و بیرجند و کارون و شاهرود و همه دارو ها,آزاد,پزشکی آزاد بجنورد و بیرجند و کارون و شاهرود و همه دارو ها
1404,تجربی,help-2352-14045-34,2352,14045,3683,منطقه 3,,,قبولی,پزشکی,پزشکی آزاد یزد,آزاد,پزشکی آزاد یزد
1404,تجربی,help-2352-14045-34,2352,14045,3683,منطقه 3,,,عدم قبولی,پزشکی,پزشکی آزاد تهران + پزشکی تعهدی شمال,ترکیبی,پزشکی آزاد تهران + پزشکی تعهدی شمال
1404,تجربی,help-2352-15736-35,2352,15736,4189,منطقه 3,,,قبولی,پزشکی,پزشکی آزاد نجف آباد,آزاد,پزشکی آزاد نجف آباد
1404,تجربی,help-2352-15736-35,2352,15736,4189,منطقه 3,,,عدم قبولی,ترکیبی,پزشکی تعهدی اصفهان - بینایی سنجی روزانه مشهد و ساری - پروتز دندان,ترکیبی,پزشکی تعهدی اصفهان - بینایی سنجی روزانه مشهد و ساری - پروتز دندان
1404,تجربی,help-2352-17541-36,2352,17541,4732,منطقه 3,,,قبولی,پزشکی,پزشکی آزاد قم,آزاد,پزشکی آزاد قم
1404,تجربی,help-2352-17541-36,2352,17541,4732,منطقه 3,,,عدم قبولی,ترکیبی,پزشک های بورسیه ارتش و فراجا و ...,نامشخص,پزشک های بورسیه ارتش و فراجا و ...
1404,تجربی,help-2352-18778-37,2352,18778,5099,منطقه 3,,,قبولی,پزشکی,پزشکی آزاد شاهرود,آزاد,پزشکی آزاد شاهرود
1404,تجربی,help-2352-18778-37,2352,18778,5099,منطقه 3,,,عدم قبولی,ترکیبی,پزشکی پردیس ایرانشهر و دارو پردیس زابل - دارو آزاد دامغان,ترکیبی,پزشکی پردیس ایرانشهر و دارو پردیس زابل - دارو آزاد دامغان
1404,تجربی,help-2352-19654-38,2352,19654,,,1181,سهمیه 5٪,قبولی,پزشکی,پزشکی روزانه کرمانشاه,روزانه,پزشکی روزانه کرمانشاه
1404,تجربی,help-2352-19654-38,2352,19654,,,1181,سهمیه 5٪,عدم قبولی,پزشکی,پزشکی روزانه اهواز,روزانه,پزشکی روزانه اهواز
1404,تجربی,help-2352-19902-39,2352,19902,5440,منطقه 3,,,قبولی,پزشکی,پزشکی آزاد زاهدان,آزاد,پزشکی آزاد زاهدان
1404,تجربی,help-2352-19902-39,2352,19902,5440,منطقه 3,,,عدم قبولی,داروسازی,کل داروها,نامشخص,کل داروها
1404,تجربی,help-2352-19924-40,2352,19924,,,1204,سهمیه 5٪,قبولی,پزشکی,پزشکی روزانه رشت,روزانه,پزشکی روزانه رشت
1404,تجربی,help-2352-19924-40,2352,19924,,,1204,سهمیه 5٪,عدم قبولی,پزشکی,پزشکی روزانه تبریز,روزانه,پزشکی روزانه تبریز
1404,تجربی,help-2369-23177-41,2369,23177,,,1466,سهمیه 5٪,قبولی,پزشکی,پزشکی روزانه زنجان,روزانه,پزشکی روزانه زنجان
1404,تجربی,help-2369-23177-41,2369,23177,,,1466,سهمیه 5٪,عدم قبولی,پزشکی,پزشکی روزانه قزوین,روزانه,پزشکی روزانه قزوین
1404,تجربی,help-2369-24364-42,2369,24364,,,1565,سهمیه 5٪,قبولی,پزشکی,پزشکی روزانه بهبهان,روزانه,پزشکی روزانه بهبهان
1404,تجربی,help-2369-24364-42,2369,24364,,,1565,سهمیه 5٪,عدم قبولی,داروسازی,دارو روزانه اهواز,روزانه,دارو روزانه اهواز
1404,تجربی,help-2369-26796-43,2369,26796,,,1784,سهمیه 5٪,قبولی,پزشکی,پزشکی روزانه همدان,روزانه,پزشکی روزانه همدان
1404,تجربی,help-2369-26796-43,2369,26796,,,1784,سهمیه 5٪,عدم قبولی,پزشکی,پزشکی روزانه کرمانشاه,روزانه,پزشکی روزانه کرمانشاه
1404,تجربی,help-2369-33181-44,2369,33181,,,2300,سهمیه 5٪,قبولی,پزشکی,پزشکی روزانه رفسنجان1,روزانه,پزشکی روزانه رفسنجان1
1404,تجربی,help-2369-33181-44,2369,33181,,,2300,سهمیه 5٪,عدم قبولی,پزشکی,پزشکی روزانه لارستان و گراش و سراب و خوی و ایلام و آبادان,روزانه,پزشکی روزانه لارستان و گراش و سراب و خوی و ایلام و آبادان
1404,تجربی,help-2369-34310-45,2369,34310,,,2394,سهمیه 5٪,قبولی,پزشکی,پزشکی شهریه پرداز ساوه,شهریه‌پرداز,پزشکی شهریه پرداز ساوه
1404,تجربی,help-2369-34310-45,2369,34310,,,2394,سهمیه 5٪,عدم قبولی,پزشکی,پزشکی روزانه ساوه,روزانه,پزشکی روزانه ساوه
1404,تجربی,help-2369-35337-46,2369,35337,,,2477,سهمیه 5٪,قبولی,پزشکی,پزشکی روزانه تربت حیدریه,روزانه,پزشکی روزانه تربت حیدریه
1404,تجربی,help-2369-35337-46,2369,35337,,,2477,سهمیه 5٪,عدم قبولی,پزشکی,پزشکی روزانه آبادان و ایلام و سبزوار,روزانه,پزشکی روزانه آبادان و ایلام و سبزوار
1404,تجربی,help-2369-36263-47,2369,36263,,,2556,سهمیه 5٪,قبولی,پزشکی,پزشکی روزانه زاهدان1,روزانه,پزشکی روزانه زاهدان1
1404,تجربی,help-2369-36263-47,2369,36263,,,2556,سهمیه 5٪,عدم قبولی,پزشکی,پزشکی روزانه جیرفت و بم,روزانه,پزشکی روزانه جیرفت و بم
1404,تجربی,help-2369-38289-48,2369,38289,,,2731,سهمیه 5٪,قبولی,پزشکی,پزشکی آزاد خودگردان تهران1,آزاد خودگردان,پزشکی آزاد خودگردان تهران1
1404,تجربی,help-2369-38289-48,2369,38289,,,2731,سهمیه 5٪,عدم قبولی,پزشکی,پزشکی آزاد تمام وقت تهران,آزاد تمام‌وقت,پزشکی آزاد تمام وقت تهران
1404,تجربی,help-2369-41858-49,2369,41858,,,3028,سهمیه 5٪,قبولی,پزشکی,پزشکی آزاد ارومیه1,آزاد,پزشکی آزاد ارومیه1
1404,تجربی,help-2369-41858-49,2369,41858,,,3028,سهمیه 5٪,عدم قبولی,پزشکی,پزشکی آزاد تبریز,آزاد,پزشکی آزاد تبریز
1404,تجربی,help-2369-105041-50,2369,105041,,,930,سهمیه 25٪,قبولی,پزشکی,پزشکی روزانه شاهرود2,روزانه,پزشکی روزانه شاهرود2
1404,تجربی,help-2369-105041-50,2369,105041,,,930,سهمیه 25٪,عدم قبولی,پزشکی,پزشکی روزانه گرگان و ساری و بابل,روزانه,پزشکی روزانه گرگان و ساری و بابل
1404,تجربی,help-2369-107553-51,2369,107553,,,984,سهمیه 25٪,قبولی,پزشکی,پزشکی روزانه بهبهان,روزانه,پزشکی روزانه بهبهان
1404,تجربی,help-2369-107553-51,2369,107553,,,984,سهمیه 25٪,عدم قبولی,پزشکی,پزشکی روزانه دزفول و شاهرود و بجنورد,روزانه,پزشکی روزانه دزفول و شاهرود و بجنورد
1404,تجربی,help-2363-637-0,2363,637,221,منطقه 1,,,قبولی,ترکیبی,دندانپزشکی روزانه تبریز,روزانه,دندانپزشکی روزانه تبریز
1404,تجربی,help-2363-637-0,2363,637,221,منطقه 1,,,عدم قبولی,دندانپزشکی,دندان روزانه تهران و بهشتی,روزانه,دندان روزانه تهران و بهشتی
1404,تجربی,help-2363-863-1,2363,863,399,منطقه 2,,,قبولی,ترکیبی,دندانپزشکی شهریه پرداز اصفهان,شهریه‌پرداز,دندانپزشکی شهریه پرداز اصفهان
1404,تجربی,help-2363-863-1,2363,863,399,منطقه 2,,,عدم قبولی,دندانپزشکی,دندان روزانه اصفهان,روزانه,دندان روزانه اصفهان
1404,تجربی,help-2363-1184-2,2363,1184,398,منطقه 1,,,قبولی,ترکیبی,دندانپزشکی روزانه شهرکرد,روزانه,دندانپزشکی روزانه شهرکرد
1404,تجربی,help-2363-1184-2,2363,1184,398,منطقه 1,,,عدم قبولی,دندانپزشکی,دندان روزانه اصفهان,روزانه,دندان روزانه اصفهان
1404,تجربی,help-2363-1331-3,2363,1331,269,منطقه 3,,,قبولی,ترکیبی,دندانپزشکی روزانه کرج,روزانه,دندانپزشکی روزانه کرج
1404,تجربی,help-2363-1331-3,2363,1331,269,منطقه 3,,,عدم قبولی,دندانپزشکی,دندان روزانه تهران و بهشتی,روزانه,دندان روزانه تهران و بهشتی
1404,تجربی,help-2363-1482-4,2363,1482,706,منطقه 2,,,قبولی,ترکیبی,دندانپزشکی روزانه قزوین,روزانه,دندانپزشکی روزانه قزوین
1404,تجربی,help-2363-1482-4,2363,1482,706,منطقه 2,,,عدم قبولی,دندانپزشکی,دندان روزانه مشهد و رشت,روزانه,دندان روزانه مشهد و رشت
1404,تجربی,help-2363-1933-5,2363,1933,901,منطقه 2,,,قبولی,ترکیبی,دندانپزشکی شهریه پرداز شاهد تهران,شهریه‌پرداز,دندانپزشکی شهریه پرداز شاهد تهران
1404,تجربی,help-2363-1933-5,2363,1933,901,منطقه 2,,,عدم قبولی,دندانپزشکی,دندان روزانه اراک,روزانه,دندان روزانه اراک
1404,تجربی,help-2363-1989-6,2363,1989,656,منطقه 1,,,قبولی,ترکیبی,دندانپزشکی روزانه کرمان,روزانه,دندانپزشکی روزانه کرمان
1404,تجربی,help-2363-1989-6,2363,1989,656,منطقه 1,,,عدم قبولی,دندانپزشکی,دندان روزانه گرگان و سمنان و کاشان و لارستان و زنجان و شهرکرد,روزانه,دندان روزانه گرگان و سمنان و کاشان و لارستان و زنجان و شهرکرد
1404,تجربی,help-2363-2071-7,2363,2071,960,منطقه 2,,,قبولی,ترکیبی,دندانپزشکی روزانه اردبیل,روزانه,دندانپزشکی روزانه اردبیل
1404,تجربی,help-2363-2071-7,2363,2071,960,منطقه 2,,,عدم قبولی,دندانپزشکی,دندان روزانه ارومیه و زنجان و گرگان و همدان,روزانه,دندان روزانه ارومیه و زنجان و گرگان و همدان
1404,تجربی,help-2363-2525-8,2363,2525,514,منطقه 3,,,قبولی,ترکیبی,دندانپزشکی شهریه پرداز بندرانزلی,شهریه‌پرداز,دندانپزشکی شهریه پرداز بندرانزلی
1404,تجربی,help-2363-2525-8,2363,2525,514,منطقه 3,,,عدم قبولی,دندانپزشکی,دندان روزانه زنجان و قزوین و رشت,روزانه,دندان روزانه زنجان و قزوین و رشت
1404,تجربی,help-2363-2353-9,2363,2353,1093,منطقه 2,,,قبولی,ترکیبی,دندانپزشکی روزانه زاهدان,روزانه,دندانپزشکی روزانه زاهدان
1404,تجربی,help-2363-2353-9,2363,2353,1093,منطقه 2,,,عدم قبولی,دندانپزشکی,دندان روزانه کرمان و رفسنجان,روزانه,دندان روزانه کرمان و رفسنجان
1404,تجربی,help-2363-2596-10,2363,2596,1200,منطقه 2,,,قبولی,ترکیبی,دندانپزشکی آزاد تبریز1,آزاد,دندانپزشکی آزاد تبریز1
1404,تجربی,help-2363-2596-10,2363,2596,1200,منطقه 2,,,عدم قبولی,دندانپزشکی,دندان روزانه زاهدان,روزانه,دندان روزانه زاهدان
1404,تجربی,help-2363-3922-11,2363,3922,1261,منطقه 1,,,قبولی,ترکیبی,دندانپزشکی آزاد بروجرد,آزاد,دندانپزشکی آزاد بروجرد
1404,تجربی,help-2363-3922-11,2363,3922,1261,منطقه 1,,,عدم قبولی,دندانپزشکی,دندان آزاد تهران و شیراز و خوراسگان و تبریز,آزاد,دندان آزاد تهران و شیراز و خوراسگان و تبریز
1404,تجربی,help-2364-5399-12,2364,5399,2517,منطقه 2,,,قبولی,ترکیبی,دندانپزشکی آزاد بروجرد,آزاد,دندانپزشکی آزاد بروجرد
1404,تجربی,help-2364-5399-12,2364,5399,2517,منطقه 2,,,عدم قبولی,دندانپزشکی,دندان آزاد تهران و شیراز و خوراسگان و تبریز,آزاد,دندان آزاد تهران و شیراز و خوراسگان و تبریز
1404,تجربی,help-2364-33967-13,2364,33967,,,181,سهمیه 25٪,قبولی,ترکیبی,دندانپزشکی آزاد تهران,آزاد,دندانپزشکی آزاد تهران
1404,تجربی,help-2364-33967-13,2364,33967,,,181,سهمیه 25٪,عدم قبولی,دندانپزشکی,دندان پردیس تهران و کرج,پردیس,دندان پردیس تهران و کرج
1404,تجربی,help-2367-2553-14,2367,2553,853,منطقه 1,,,قبولی,داروسازی,داروسازی روزانه بهشتی,روزانه,داروسازی روزانه بهشتی
1404,تجربی,help-2367-2553-14,2367,2553,853,منطقه 1,,,عدم قبولی,داروسازی,دارو روزانه تهران,روزانه,دارو روزانه تهران
1404,تجربی,help-2367-2868-15,2367,2868,595,منطقه 3,,,قبولی,داروسازی,داروسازی روزانه تبریز,روزانه,داروسازی روزانه تبریز
1404,تجربی,help-2367-2868-15,2367,2868,595,منطقه 3,,,عدم قبولی,دندانپزشکی,دندان روزانه ایلام و اردبیل و سنندج + پردیس ارومیه,ترکیبی,دندان روزانه ایلام و اردبیل و سنندج + پردیس ارومیه
1404,تجربی,help-2367-4374-16,2367,4374,1395,منطقه 1,,,قبولی,داروسازی,داروسازی روزانه مشهد,روزانه,داروسازی روزانه مشهد
1404,تجربی,help-2367-4374-16,2367,4374,1395,منطقه 1,,,عدم قبولی,دندانپزشکی,دندان تعهدی مشهد,تعهدی,دندان تعهدی مشهد
1404,تجربی,help-2367-8655-17,2367,8655,3897,منطقه 2,,,قبولی,داروسازی,داروسازی شهریه پرداز بندرعباس,شهریه‌پرداز,داروسازی شهریه پرداز بندرعباس
1404,تجربی,help-2367-8655-17,2367,8655,3897,منطقه 2,,,عدم قبولی,داروسازی,دارو روزانه بیرجند و بندرعباس,روزانه,دارو روزانه بیرجند و بندرعباس
1404,تجربی,help-2367-9129-18,2367,9129,,,467,سهمیه 5٪,قبولی,داروسازی,داروسازی شهریه پرداز تهران,شهریه‌پرداز,داروسازی شهریه پرداز تهران
1404,تجربی,help-2367-9129-18,2367,9129,,,467,سهمیه 5٪,عدم قبولی,داروسازی,دارو روزانه تهران,روزانه,دارو روزانه تهران
1404,تجربی,help-2367-13601-19,2367,13601,3540,منطقه 3,,,قبولی,داروسازی,داروسازی آزاد تهران,آزاد,داروسازی آزاد تهران
1404,تجربی,help-2367-13601-19,2367,13601,3540,منطقه 3,,,عدم قبولی,ترکیبی,دارو و فیزیوتراپی شهریه پرداز کل کشور,شهریه‌پرداز,دارو و فیزیوتراپی شهریه پرداز کل کشور
1404,تجربی,help-2367-16300-20,2367,16300,,,947,سهمیه 5٪,قبولی,داروسازی,داروسازی شهریه پرداز بهشتی,شهریه‌پرداز,داروسازی شهریه پرداز بهشتی
1404,تجربی,help-2367-16300-20,2367,16300,,,947,سهمیه 5٪,عدم قبولی,داروسازی,دارو روزانه ایران,روزانه,دارو روزانه ایران
1404,تجربی,help-2367-18065-21,2367,18065,,,1066,سهمیه 5٪,قبولی,داروسازی,داروسازی روزانه تبریز,روزانه,داروسازی روزانه تبریز
1404,تجربی,help-2367-18065-21,2367,18065,,,1066,سهمیه 5٪,عدم قبولی,داروسازی,دارو روزانه شیراز,روزانه,دارو روزانه شیراز
1404,تجربی,help-2367-18476-22,2367,18476,,,1098,سهمیه 5٪,قبولی,داروسازی,داروسازی روزانه بیرجند,روزانه,داروسازی روزانه بیرجند
1404,تجربی,help-2367-18476-22,2367,18476,,,1098,سهمیه 5٪,عدم قبولی,داروسازی,دارو روزانه مشهد,روزانه,دارو روزانه مشهد
1404,تجربی,help-2367-25253-23,2367,25253,,,1651,سهمیه 5٪,قبولی,داروسازی,داروسازی شهریه پرداز زنجان,شهریه‌پرداز,داروسازی شهریه پرداز زنجان
1404,تجربی,help-2367-25253-23,2367,25253,,,1651,سهمیه 5٪,عدم قبولی,داروسازی,دارو روزانه زنجان و رشت + شهریه پرداز رشت,ترکیبی,دارو روزانه زنجان و رشت + شهریه پرداز رشت
1404,تجربی,help-2367-26511-24,2367,26511,,,1760,سهمیه 5٪,قبولی,داروسازی,داروسازی شهریه پرداز رامسر,شهریه‌پرداز,داروسازی شهریه پرداز رامسر
1404,تجربی,help-2367-26511-24,2367,26511,,,1760,سهمیه 5٪,عدم قبولی,داروسازی,دارو شهریه پرداز اردبیل و ارومیه و زنجان,شهریه‌پرداز,دارو شهریه پرداز اردبیل و ارومیه و زنجان
1404,تجربی,help-2367-107150-25,2367,107150,,,976,سهمیه 25٪,قبولی,داروسازی,داروسازی آزاد تهران,آزاد,داروسازی آزاد تهران
1404,تجربی,help-2367-107150-25,2367,107150,,,976,سهمیه 25٪,عدم قبولی,دندانپزشکی,دندان روزانه کرج و ارومیه,روزانه,دندان روزانه کرج و ارومیه
1404,تجربی,help-2367-114026-26,2367,114026,,,1083,سهمیه 25٪,قبولی,داروسازی,داروسازی آزاد آمل,آزاد,داروسازی آزاد آمل
1404,تجربی,help-2367-114026-26,2367,114026,,,1083,سهمیه 25٪,عدم قبولی,فیزیوتراپی,فیزیوتراپی همه جا,نامشخص,فیزیوتراپی همه جا
1404,تجربی,help-2368-6967-27,2368,6967,2152,منطقه 1,,,قبولی,فیزیوتراپی,فیزیوتراپی شهریه پرداز توانبخشی تهران,شهریه‌پرداز,فیزیوتراپی شهریه پرداز توانبخشی تهران
1404,تجربی,help-2368-6967-27,2368,6967,2152,منطقه 1,,,عدم قبولی,فیزیوتراپی,فیزیوتراپی روزانه بهشتی و ایران و توانبخشی + شهریه پرداز بهشتی,ترکیبی,فیزیوتراپی روزانه بهشتی و ایران و توانبخشی + شهریه پرداز بهشتی
1404,تجربی,help-2368-8160-28,2368,8160,3684,منطقه 2,,,قبولی,فیزیوتراپی,فیزیوتراپی شهریه پرداز اصفهان,شهریه‌پرداز,فیزیوتراپی شهریه پرداز اصفهان
1404,تجربی,help-2368-8160-28,2368,8160,3684,منطقه 2,,,عدم قبولی,فیزیوتراپی,فیزیوتراپی روزانه اصفهان,روزانه,فیزیوتراپی روزانه اصفهان
1404,تجربی,help-2368-10101-29,2368,10101,3049,منطقه 1,,,قبولی,فیزیوتراپی,فیزیوتراپی روزانه زاهدان,روزانه,فیزیوتراپی روزانه زاهدان
1404,تجربی,help-2368-10101-29,2368,10101,3049,منطقه 1,,,عدم قبولی,فیزیوتراپی,فیزیوتراپی روزانه کرمان و سمنان و همدان و شهرکرد و اهواز و رشت,روزانه,فیزیوتراپی روزانه کرمان و سمنان و همدان و شهرکرد و اهواز و رشت
1404,تجربی,help-2368-21539-30,2368,21539,,,1327,سهمیه 5٪,قبولی,فیزیوتراپی,فیزیوتراپی شهریه پرداز شیراز,شهریه‌پرداز,فیزیوتراپی شهریه پرداز شیراز
1404,تجربی,help-2368-21539-30,2368,21539,,,1327,سهمیه 5٪,عدم قبولی,فیزیوتراپی,فیزیوتراپی روزانه اصفهان و توانبخشی + شهریه پرداز اصفهان,ترکیبی,فیزیوتراپی روزانه اصفهان و توانبخشی + شهریه پرداز اصفهان
1404,تجربی,help-2368-28570-31,2368,28570,,,1932,سهمیه 5٪,قبولی,فیزیوتراپی,فیزیوتراپی شهریه پرداز بابل,شهریه‌پرداز,فیزیوتراپی شهریه پرداز بابل
1404,تجربی,help-2368-28570-31,2368,28570,,,1932,سهمیه 5٪,عدم قبولی,فیزیوتراپی,فیزیوتراپی روزانه بابل,روزانه,فیزیوتراپی روزانه بابل
1404,تجربی,help-2368-28834-32,2368,28834,,,1946,سهمیه 5٪,قبولی,فیزیوتراپی,فیزیوتراپی شهریه پرداز کرمانشاه,شهریه‌پرداز,فیزیوتراپی شهریه پرداز کرمانشاه
1404,تجربی,help-2368-28834-32,2368,28834,,,1946,سهمیه 5٪,عدم قبولی,فیزیوتراپی,فیزیوتراپی روزانه کرمانشاه و بابل و همدان و رشت,روزانه,فیزیوتراپی روزانه کرمانشاه و بابل و همدان و رشت
1404,تجربی,help-2368-2164-33,2368,,,,2164,سهمیه 5٪,قبولی,فیزیوتراپی,فیزیوتراپی شهریه پرداز اهواز,شهریه‌پرداز,فیزیوتراپی شهریه پرداز اهواز
1404,تجربی,help-2368-2164-33,2368,,,,2164,سهمیه 5٪,عدم قبولی,فیزیوتراپی,فیزیوتراپی روزانه کرمانشاه و بابل و همدان و رشت و سمنان و شهرکرد,روزانه,فیزیوتراپی روزانه کرمانشاه و بابل و همدان و رشت و سمنان و شهرکرد
1404,تجربی,help-2368-15408-34,2368,15408,4494,منطقه 1,,,قبولی,ترکیبی,دامپزشکی آزاد کرج,آزاد,دامپزشکی آزاد کرج
1404,تجربی,help-2368-15408-34,2368,15408,4494,منطقه 1,,,عدم قبولی,ترکیبی,دامپزشکی روزانه و شبانه تهران و آزاد علوم تحقیقات,ترکیبی,دامپزشکی روزانه و شبانه تهران و آزاد علوم تحقیقات
1404,تجربی,help-2368-15812-35,2368,15812,6993,منطقه 2,,,قبولی,ترکیبی,دامپزشکی آزاد علوم تحقیقات,آزاد,دامپزشکی آزاد علوم تحقیقات
1404,تجربی,help-2368-15812-35,2368,15812,6993,منطقه 2,,,عدم قبولی,ترکیبی,دامپزشکی روزانه و شبانه تهران,ترکیبی,دامپزشکی روزانه و شبانه تهران
1404,تجربی,help-2368-21581-36,2368,21581,6103,منطقه 1,,,قبولی,ترکیبی,دامپزشکی آزاد سنندج,آزاد,دامپزشکی آزاد سنندج
1404,تجربی,help-2368-21581-36,2368,21581,6103,منطقه 1,,,عدم قبولی,ترکیبی,دامپزشکی روزانه و شبانه اهواز و همدان و آزاد بابل,ترکیبی,دامپزشکی روزانه و شبانه اهواز و همدان و آزاد بابل
1404,تجربی,help-2368-25234-37,2368,25234,7072,منطقه 1,,,عدم قبولی,ترکیبی,مردود برای کل دامپزشکی های آزاد,آزاد,مردود برای کل دامپزشکی های آزاد
1404,تجربی,help-2368-68619-38,2368,68619,,,5042,سهمیه 5٪,قبولی,ترکیبی,دامپزشکی آزاد تبریز,آزاد,دامپزشکی آزاد تبریز
1404,تجربی,help-2368-68619-38,2368,68619,,,5042,سهمیه 5٪,عدم قبولی,ترکیبی,دامپزشکی روزانه تبریز و ارومیه و شیراز و کرمانشاه و همدان,روزانه,دامپزشکی روزانه تبریز و ارومیه و شیراز و کرمانشاه و همدان
1404,تجربی,help-2368-91224-39,2368,91224,,,6653,سهمیه 5٪,قبولی,ترکیبی,دامپزشکی آزاد شوشتر,آزاد,دامپزشکی آزاد شوشتر
1404,تجربی,help-2368-91224-39,2368,91224,,,6653,سهمیه 5٪,عدم قبولی,ترکیبی,دامپزشکی روزانه و شبانه اهواز,ترکیبی,دامپزشکی روزانه و شبانه اهواز
1404,تجربی,help-2370-17292-40,2370,17292,7658,منطقه 2,,,قبولی,اتاق عمل,اتاق عمل شهریه پرداز بهشتی,شهریه‌پرداز,اتاق عمل شهریه پرداز بهشتی
1404,تجربی,help-2370-17292-40,2370,17292,7658,منطقه 2,,,عدم قبولی,رادیولوژی,رادیولوژی پردیس بهشتی,پردیس,رادیولوژی پردیس بهشتی
1404,تجربی,help-2370-28834-41,2370,28834,8093,منطقه 3,,,قبولی,اتاق عمل,اتاق عمل روزانه کرج,روزانه,اتاق عمل روزانه کرج
1404,تجربی,help-2370-28834-41,2370,28834,8093,منطقه 3,,,عدم قبولی,اتاق عمل,اتاق عمل روزانه تهران و ایران و بهشتی,روزانه,اتاق عمل روزانه تهران و ایران و بهشتی
1404,تجربی,help-2370-41990-42,2370,41990,18373,منطقه 2,,,قبولی,اتاق عمل,اتاق عمل روزانه بندرعباس,روزانه,اتاق عمل روزانه بندرعباس
1404,تجربی,help-2370-41990-42,2370,41990,18373,منطقه 2,,,عدم قبولی,پرستاری,پرستاری روزانه فسا و جهرم,روزانه,پرستاری روزانه فسا و جهرم
1404,تجربی,help-2370-47295-43,2370,47295,14114,منطقه 3,,,قبولی,اتاق عمل,اتاق عمل روزانه بهبهان,روزانه,اتاق عمل روزانه بهبهان
1404,تجربی,help-2370-47295-43,2370,47295,14114,منطقه 3,,,عدم قبولی,ترکیبی,اتاق عمل روزانه اهواز و دزفول و آبادان و رادیولوژی های خوزستان,روزانه,اتاق عمل روزانه اهواز و دزفول و آبادان و رادیولوژی های خوزستان
1404,تجربی,help-2370-114476-44,2370,114476,,,8364,سهمیه 5٪,قبولی,اتاق عمل,اتاق عمل روزانه مهاباد,روزانه,اتاق عمل روزانه مهاباد
1404,تجربی,help-2370-114476-44,2370,114476,,,8364,سهمیه 5٪,عدم قبولی,اتاق عمل,اتاق عمل روزانه تبریز و مراغه و ارومیه,روزانه,اتاق عمل روزانه تبریز و مراغه و ارومیه
1404,تجربی,help-2370-156634-45,2370,156634,,,11588,سهمیه 5٪,قبولی,اتاق عمل,اتاق عمل روزانه چابهار,روزانه,اتاق عمل روزانه چابهار
1404,تجربی,help-2370-156634-45,2370,156634,,,11588,سهمیه 5٪,عدم قبولی,پرستاری,پرستاری روزانه چابهار,روزانه,پرستاری روزانه چابهار
1404,تجربی,help-2372-17030-0,2372,17030,4928,منطقه 1,,,قبولی,علوم تغذیه,علوم تغذیه شهریه پرداز همدان,شهریه‌پرداز,علوم تغذیه شهریه پرداز همدان
1404,تجربی,help-2372-17030-0,2372,17030,4928,منطقه 1,,,عدم قبولی,علوم تغذیه,علوم تغذیه پردیس بهشتی و کاشان,پردیس,علوم تغذیه پردیس بهشتی و کاشان
1404,تجربی,help-2372-19555-1,2372,19555,8667,منطقه 2,,,قبولی,علوم تغذیه,علوم تغذیه شهریه پرداز تبریز,شهریه‌پرداز,علوم تغذیه شهریه پرداز تبریز
1404,تجربی,help-2372-19555-1,2372,19555,8667,منطقه 2,,,عدم قبولی,علوم تغذیه,علوم تغذیه پردیس بهشتی و همدان,پردیس,علوم تغذیه پردیس بهشتی و همدان
1404,تجربی,help-2372-21894-2,2372,21894,6185,منطقه 1,,,قبولی,علوم تغذیه,علوم تغذیه روزانه گرگان,روزانه,علوم تغذیه روزانه گرگان
1404,تجربی,help-2372-21894-2,2372,21894,6185,منطقه 1,,,عدم قبولی,علوم تغذیه,علوم تغذیه روزانه اصفهان و شیراز و تبریز و ساری و کاشان,روزانه,علوم تغذیه روزانه اصفهان و شیراز و تبریز و ساری و کاشان
1404,تجربی,help-2372-24201-3,2372,24201,10693,منطقه 2,,,قبولی,رادیولوژی,رادیولوژی روزانه اراک,روزانه,رادیولوژی روزانه اراک
1404,تجربی,help-2372-24201-3,2372,24201,10693,منطقه 2,,,عدم قبولی,رادیولوژی,رادیولوژی روزانه و شهریه پرداز اصفهان و قم,ترکیبی,رادیولوژی روزانه و شهریه پرداز اصفهان و قم
1404,تجربی,help-2372-26078-4,2372,26078,11534,منطقه 2,,,قبولی,رادیولوژی,رادیولوژی روزانه شاهرود,روزانه,رادیولوژی روزانه شاهرود
1404,تجربی,help-2372-26078-4,2372,26078,11534,منطقه 2,,,عدم قبولی,رادیولوژی,رادیولوژی روزانه اصفهان و قم,روزانه,رادیولوژی روزانه اصفهان و قم
1404,تجربی,help-2372-27585-5,2372,27585,7708,منطقه 3,,,قبولی,رادیولوژی,رادیولوژی روزانه قم2,روزانه,رادیولوژی روزانه قم2
1404,تجربی,help-2372-27585-5,2372,27585,7708,منطقه 3,,,عدم قبولی,کاردرمانی,کل کاردرمانی ها,نامشخص,کل کاردرمانی ها
1404,تجربی,help-2372-28222-6,2372,28222,7901,منطقه 3,,,قبولی,علوم تغذیه,علوم تغذیه شهریه پرداز همدان,شهریه‌پرداز,علوم تغذیه شهریه پرداز همدان
1404,تجربی,help-2372-28222-6,2372,28222,7901,منطقه 3,,,عدم قبولی,علوم تغذیه,علوم تغذیه روزانه زنجان و همدان,روزانه,علوم تغذیه روزانه زنجان و همدان
1404,تجربی,help-2372-28622-7,2372,28622,8032,منطقه 3,,,قبولی,رادیولوژی,رادیولوژی شهریه پرداز اهواز,شهریه‌پرداز,رادیولوژی شهریه پرداز اهواز
1404,تجربی,help-2372-28622-7,2372,28622,8032,منطقه 3,,,عدم قبولی,رادیولوژی,رادیولوژی روزانه اهواز,روزانه,رادیولوژی روزانه اهواز
1404,تجربی,help-2372-30034-8,2372,30034,8475,منطقه 3,,,قبولی,رادیولوژی,رادیولوژی شهریه پرداز شهرکرد,شهریه‌پرداز,رادیولوژی شهریه پرداز شهرکرد
1404,تجربی,help-2372-30034-8,2372,30034,8475,منطقه 3,,,عدم قبولی,رادیولوژی,رادیولوژی پردیس همدان و کرمانشاه و کاشان,پردیس,رادیولوژی پردیس همدان و کرمانشاه و کاشان
1404,تجربی,help-2372-32185-9,2372,32185,9115,منطقه 3,,,قبولی,علوم تغذیه,علوم تغذیه روزانه یاسوج,روزانه,علوم تغذیه روزانه یاسوج
1404,تجربی,help-2372-32185-9,2372,32185,9115,منطقه 3,,,عدم قبولی,علوم تغذیه,علوم تغذیه روزانه اهواز و ساری و کاشان,روزانه,علوم تغذیه روزانه اهواز و ساری و کاشان
1404,تجربی,help-2372-46908-10,2372,46908,20398,منطقه 2,,,قبولی,علوم تغذیه,علوم تغذیه آزاد قوچان,آزاد,علوم تغذیه آزاد قوچان
1404,تجربی,help-2372-46908-10,2372,46908,20398,منطقه 2,,,عدم قبولی,علوم تغذیه,علوم تغذیه آزاد مرند,آزاد,علوم تغذیه آزاد مرند
1404,تجربی,help-2372-49393-11,2372,49393,,,3619,سهمیه 5٪,قبولی,رادیولوژی,رادیولوژی روزانه تبریز,روزانه,رادیولوژی روزانه تبریز
1404,تجربی,help-2372-49393-11,2372,49393,,,3619,سهمیه 5٪,عدم قبولی,شنوایی‌شناسی,شنوایی شناسی روزانه تبریز,روزانه,شنوایی شناسی روزانه تبریز
1404,تجربی,help-2372-51202-12,2372,51202,,,3715,سهمیه 5٪,قبولی,رادیولوژی,رادیولوژی روزانه اهواز,روزانه,رادیولوژی روزانه اهواز
1404,تجربی,help-2372-51202-12,2372,51202,,,3715,سهمیه 5٪,عدم قبولی,رادیولوژی,رادیولوژی روزانه اصفهان,روزانه,رادیولوژی روزانه اصفهان
1404,تجربی,help-2372-66519-13,2372,66519,20880,منطقه 3,,,قبولی,علوم تغذیه,علوم تغذیه غیرانتفاعی وارستگان مشهد,غیرانتفاعی,علوم تغذیه غیرانتفاعی وارستگان مشهد
1404,تجربی,help-2372-66519-13,2372,66519,20880,منطقه 3,,,عدم قبولی,علوم تغذیه,علوم تغذیه آزاد سروستان و قوچان و مرند و مراب,آزاد,علوم تغذیه آزاد سروستان و قوچان و مرند و مراب
1404,تجربی,help-2372-65614-14,2372,65614,,,4823,سهمیه 5٪,قبولی,علوم تغذیه,علوم تغذیه شهریه پرداز زنجان,شهریه‌پرداز,علوم تغذیه شهریه پرداز زنجان
1404,تجربی,help-2372-65614-14,2372,65614,,,4823,سهمیه 5٪,عدم قبولی,علوم تغذیه,علوم تغذیه روزانه تبریز,روزانه,علوم تغذیه روزانه تبریز
1404,تجربی,help-2372-85674-15,2372,85674,,,6250,سهمیه 5٪,قبولی,رادیولوژی,رادیولوژی شهریه پرداز بهبهان,شهریه‌پرداز,رادیولوژی شهریه پرداز بهبهان
1404,تجربی,help-2372-85674-15,2372,85674,,,6250,سهمیه 5٪,عدم قبولی,رادیولوژی,رادیولوژی روزانه بهبهان,روزانه,رادیولوژی روزانه بهبهان
1404,تجربی,help-2358-24976-16,2358,24976,11048,منطقه 2,,,قبولی,پرستاری,پرستاری روزانه همدان1,روزانه,پرستاری روزانه همدان1
1404,تجربی,help-2358-24976-16,2358,24976,11048,منطقه 2,,,عدم قبولی,ترکیبی,پرستاری روزانه تهران و اصفهان و پروتز دندان آزاد خوراسگان,ترکیبی,پرستاری روزانه تهران و اصفهان و پروتز دندان آزاد خوراسگان
1404,تجربی,help-2358-30124-17,2358,30124,8503,منطقه 3,,,قبولی,پرستاری,پرستاری روزانه فسا,روزانه,پرستاری روزانه فسا
1404,تجربی,help-2358-30124-17,2358,30124,8503,منطقه 3,,,عدم قبولی,گفتاردرمانی,گفتار درمانی روزانه زاهدان,روزانه,گفتار درمانی روزانه زاهدان
1404,تجربی,help-2358-30974-18,2358,30974,13625,منطقه 2,,,قبولی,پرستاری,پرستاری روزانه مرند,روزانه,پرستاری روزانه مرند
1404,تجربی,help-2358-30974-18,2358,30974,13625,منطقه 2,,,عدم قبولی,پرستاری,پرستاری روزانه تبریز,روزانه,پرستاری روزانه تبریز
1404,تجربی,help-2358-36738-19,2358,36738,10588,منطقه 3,,,قبولی,پرستاری,پرستاری شهریه پرداز رشت,شهریه‌پرداز,پرستاری شهریه پرداز رشت
1404,تجربی,help-2358-36738-19,2358,36738,10588,منطقه 3,,,عدم قبولی,پرستاری,پرستاری روزانه تبریز و ارومیه و رشت,روزانه,پرستاری روزانه تبریز و ارومیه و رشت
1404,تجربی,help-2358-34952-20,2358,34952,15328,منطقه 2,,,قبولی,پرستاری,پرستاری روزانه دورود,روزانه,پرستاری روزانه دورود
1404,تجربی,help-2358-34952-20,2358,34952,15328,منطقه 2,,,عدم قبولی,پرستاری,پرستاری روزانه خمین و بروجرد و ملایر,روزانه,پرستاری روزانه خمین و بروجرد و ملایر
1404,تجربی,help-2358-37050-21,2358,37050,16279,منطقه 2,,,قبولی,پرستاری,پرستاری روزانه کاشمر2,روزانه,پرستاری روزانه کاشمر2
1404,تجربی,help-2358-37050-21,2358,37050,16279,منطقه 2,,,عدم قبولی,پرستاری,پرستاری روزانه رشت و بابل و آمل و لنگرود و بهشهر و رامسر,روزانه,پرستاری روزانه رشت و بابل و آمل و لنگرود و بهشهر و رامسر
1404,تجربی,help-2358-42129-22,2358,42129,,,3043,سهمیه 5٪,قبولی,پرستاری,پرستاری روزانه تبریز,روزانه,پرستاری روزانه تبریز
1404,تجربی,help-2358-42129-22,2358,42129,,,3043,سهمیه 5٪,عدم قبولی,بینایی‌سنجی,کل بینایی سنجی ها کشور,نامشخص,کل بینایی سنجی ها کشور
1404,تجربی,help-2358-42542-23,2358,42542,12531,منطقه 3,,,قبولی,پرستاری,پرستاری روزانه آبادان1,روزانه,پرستاری روزانه آبادان1
1404,تجربی,help-2358-42542-23,2358,42542,12531,منطقه 3,,,عدم قبولی,پرستاری,پرستاری روزانه اهواز,روزانه,پرستاری روزانه اهواز
1404,تجربی,help-2358-48677-24,2358,48677,21175,منطقه 2,,,قبولی,پرستاری,پرستاری آزاد کرج,آزاد,پرستاری آزاد کرج
1404,تجربی,help-2358-48677-24,2358,48677,21175,منطقه 2,,,عدم قبولی,ترکیبی,تغذیه و اتاق عمل و هوشبری آزاد تهران,آزاد,تغذیه و اتاق عمل و هوشبری آزاد تهران
1404,تجربی,help-2358-54634-25,2358,54634,14341,منطقه 1,,,قبولی,پرستاری,پرستاری آزاد قزوین,آزاد,پرستاری آزاد قزوین
1404,تجربی,help-2358-54634-25,2358,54634,14341,منطقه 1,,,عدم قبولی,پرستاری,پرستاری آزاد شهرقدس و کرج,آزاد,پرستاری آزاد شهرقدس و کرج
1404,تجربی,help-2358-54540-26,2358,54540,23635,منطقه 2,,,قبولی,پرستاری,پرستاری آزاد یزد + پرستاری روزانه ایرانشهر,ترکیبی,پرستاری آزاد یزد + پرستاری روزانه ایرانشهر
1404,تجربی,help-2358-54540-26,2358,54540,23635,منطقه 2,,,عدم قبولی,پرستاری,پرستاری روزانه استان فارس (بوم فارس),روزانه,پرستاری روزانه استان فارس (بوم فارس)
1404,تجربی,help-2359-62393-27,2359,62393,19422,منطقه 3,,,قبولی,پرستاری,پرستاری آزاد اهواز,آزاد,پرستاری آزاد اهواز
1404,تجربی,help-2359-62393-27,2359,62393,19422,منطقه 3,,,عدم قبولی,اتاق عمل,اتاق عمل آزاد خوراسگان و نجف آباد,آزاد,اتاق عمل آزاد خوراسگان و نجف آباد
1404,تجربی,help-2359-62910-28,2359,62910,27048,منطقه 2,,,قبولی,پرستاری,پرستاری آزاد اهواز,آزاد,پرستاری آزاد اهواز
1404,تجربی,help-2359-62910-28,2359,62910,27048,منطقه 2,,,عدم قبولی,پرستاری,پرستاری آزاد اراک,آزاد,پرستاری آزاد اراک
1404,تجربی,help-2359-63802-29,2359,63802,19922,منطقه 3,,,قبولی,پرستاری,پرستاری آزاد فلاورجان,آزاد,پرستاری آزاد فلاورجان
1404,تجربی,help-2359-63802-29,2359,63802,19922,منطقه 3,,,عدم قبولی,پرستاری,پرستاری آزاد نجف آباد,آزاد,پرستاری آزاد نجف آباد
1404,تجربی,help-2359-64209-30,2359,64209,27586,منطقه 2,,,قبولی,پرستاری,پرستاری آزاد خودگردان قزوین,آزاد خودگردان,پرستاری آزاد خودگردان قزوین
1404,تجربی,help-2359-64209-30,2359,64209,27586,منطقه 2,,,عدم قبولی,پرستاری,پرستاری آزاد ورامین,آزاد,پرستاری آزاد ورامین
1404,تجربی,help-2359-67801-31,2359,67801,17397,منطقه 1,,,قبولی,پرستاری,پرستاری آزاد زنجان,آزاد,پرستاری آزاد زنجان
1404,تجربی,help-2359-67801-31,2359,67801,17397,منطقه 1,,,عدم قبولی,پرستاری,کل تغذیه آزاد + پرستاری آزاد ارومیه و تبریز,آزاد,کل تغذیه آزاد + پرستاری آزاد ارومیه و تبریز
1404,تجربی,help-2359-68004-32,2359,68004,21447,منطقه 3,,,قبولی,پرستاری,پرستاری آزاد بندرعباس,آزاد,پرستاری آزاد بندرعباس
1404,تجربی,help-2359-68004-32,2359,68004,21447,منطقه 3,,,عدم قبولی,پرستاری,پرستاری آزاد شیراز,آزاد,پرستاری آزاد شیراز
1404,تجربی,help-2359-69109-33,2359,69109,21862,منطقه 3,,,قبولی,پرستاری,پرستاری آزاد تنکابن,آزاد,پرستاری آزاد تنکابن
1404,تجربی,help-2359-69109-33,2359,69109,21862,منطقه 3,,,عدم قبولی,پرستاری,پرستاری آزاد ساری و بابل و چالوس,آزاد,پرستاری آزاد ساری و بابل و چالوس
1404,تجربی,help-2359-70266-34,2359,70266,17929,منطقه 1,,,قبولی,پرستاری,پرستاری آزاد کاشان,آزاد,پرستاری آزاد کاشان
1404,تجربی,help-2359-70266-34,2359,70266,17929,منطقه 1,,,عدم قبولی,پرستاری,پرستاری آزاد خمینی شهر و خوراسگان و نجف آباد,آزاد,پرستاری آزاد خمینی شهر و خوراسگان و نجف آباد
1404,تجربی,help-2359-70754-35,2359,70754,22474,منطقه 3,,,قبولی,پرستاری,پرستاری آزاد تویسرکان,آزاد,پرستاری آزاد تویسرکان
1404,تجربی,help-2359-70754-35,2359,70754,22474,منطقه 3,,,عدم قبولی,پرستاری,پرستاری آزاد همدان,آزاد,پرستاری آزاد همدان
1404,تجربی,help-2359-72149-36,2359,72149,22992,منطقه 3,,,قبولی,پرستاری,پرستاری آزاد خودگردان ایلام,آزاد خودگردان,پرستاری آزاد خودگردان ایلام
1404,تجربی,help-2359-72149-36,2359,72149,22992,منطقه 3,,,عدم قبولی,پرستاری,پرستاری آزاد ایلام,آزاد,پرستاری آزاد ایلام
1404,تجربی,help-2359-73414-37,2359,73414,31337,منطقه 2,,,قبولی,پرستاری,پرستاری آزاد خودگردان مهاباد,آزاد خودگردان,پرستاری آزاد خودگردان مهاباد
1404,تجربی,help-2359-73414-37,2359,73414,31337,منطقه 2,,,عدم قبولی,پرستاری,پرستاری آزاد ارومیه و خوی,آزاد,پرستاری آزاد ارومیه و خوی
1404,تجربی,help-2359-80544-38,2359,80544,,,5880,سهمیه 5٪,قبولی,پرستاری,پرستاری روزانه زنجان1,روزانه,پرستاری روزانه زنجان1
1404,تجربی,help-2359-80544-38,2359,80544,,,5880,سهمیه 5٪,عدم قبولی,پرستاری,پرستاری روزانه تبریز و ارومیه,روزانه,پرستاری روزانه تبریز و ارومیه
1404,تجربی,help-2360-84475-39,2360,84475,35863,منطقه 2,,,قبولی,پرستاری,پرستاری آزاد لارستان,آزاد,پرستاری آزاد لارستان
1404,تجربی,help-2360-84475-39,2360,84475,35863,منطقه 2,,,عدم قبولی,پرستاری,پرستاری آزاد جهرم و میبد و فردوس و گناباد و کاشمر و بندرگز,آزاد,پرستاری آزاد جهرم و میبد و فردوس و گناباد و کاشمر و بندرگز
1404,تجربی,help-2360-97446-40,2360,97446,,,7129,سهمیه 5٪,قبولی,پرستاری,پرستاری روزانه بروجن,روزانه,پرستاری روزانه بروجن
1404,تجربی,help-2360-97446-40,2360,97446,,,7129,سهمیه 5٪,عدم قبولی,پرستاری,پرستاری روزانه شهرکرد,روزانه,پرستاری روزانه شهرکرد
1404,تجربی,help-2360-98138-41,2360,98138,41335,منطقه 2,,,قبولی,پرستاری,پرستاری آزاد خودگردان قشم,آزاد خودگردان,پرستاری آزاد خودگردان قشم
1404,تجربی,help-2360-98138-41,2360,98138,41335,منطقه 2,,,عدم قبولی,پرستاری,پرستاری آزاد بم و جیرفت و لارستان,آزاد,پرستاری آزاد بم و جیرفت و لارستان
1404,تجربی,help-2360-98383-42,2360,98383,33107,منطقه 3,,,قبولی,پرستاری,پرستاری آزاد خودگردان قشم,آزاد خودگردان,پرستاری آزاد خودگردان قشم
1404,تجربی,help-2360-98383-42,2360,98383,33107,منطقه 3,,,عدم قبولی,اتاق عمل,همه اتاق عمل ها,نامشخص,همه اتاق عمل ها
1404,تجربی,help-2360-114863-43,2360,114863,,,8402,سهمیه 5٪,قبولی,پرستاری,پرستاری روزانه مسجدسلیمان,روزانه,پرستاری روزانه مسجدسلیمان
1404,تجربی,help-2360-114863-43,2360,114863,,,8402,سهمیه 5٪,عدم قبولی,پرستاری,پرستاری روزانه و پردیس دزفول و آبادان و شوشتر,ترکیبی,پرستاری روزانه و پردیس دزفول و آبادان و شوشتر
1404,تجربی,help-2360-121867-44,2360,121867,,,8963,سهمیه 5٪,قبولی,پرستاری,پرستاری شهریه پرداز بستان,شهریه‌پرداز,پرستاری شهریه پرداز بستان
1404,تجربی,help-2360-121867-44,2360,121867,,,8963,سهمیه 5٪,عدم قبولی,پرستاری,پرستاری روزانه و پردیس بندرماهشهر و آبادان و شوشتر و دهلران و ایوان,ترکیبی,پرستاری روزانه و پردیس بندرماهشهر و آبادان و شوشتر و دهلران و ایوان
1404,تجربی,help-2360-140865-45,2360,140865,,,10415,سهمیه 5٪,قبولی,پرستاری,پرستاری روزانه تربت جام,روزانه,پرستاری روزانه تربت جام
1404,تجربی,help-2360-140865-45,2360,140865,,,10415,سهمیه 5٪,عدم قبولی,پرستاری,پرستاری روزانه سرخس و تربت حیدریه و گناباد و کاشمر و قوچان,روزانه,پرستاری روزانه سرخس و تربت حیدریه و گناباد و کاشمر و قوچان
1404,تجربی,help-2360-205733-46,2360,205733,,,15165,سهمیه 5٪,قبولی,پرستاری,پرستاری روزانه میناب,روزانه,پرستاری روزانه میناب
1404,تجربی,help-2360-205733-46,2360,205733,,,15165,سهمیه 5٪,عدم قبولی,پرستاری,پرستاری روزانه خمین و ایذه و نقده و ایوان و سقز و بیجار,روزانه,پرستاری روزانه خمین و ایذه و نقده و ایوان و سقز و بیجار
