سال,گروه آزمایشی,شناسه داوطلب,پیام تلگرام,فایل تصویر,رتبه کشوری,رتبه در سهمیه,سهمیه,تراز کل,نتیجه,انتخاب,قبولی مرجع
1404,تجربی,help-2349-001,2349,IMG_20261001_063726_816.jpg,917,184,منطقه 3,10454,قبولی,پزشکی روزانه ایران (بومی - زن),پزشکی روزانه ایران (بومی - زن)
1404,تجربی,help-2349-001,2349,IMG_20261001_063726_816.jpg,917,184,منطقه 3,10454,عدم قبولی,پزشکی روزانه تهران و بهشتی,پزشکی روزانه ایران (بومی - زن)
1404,تجربی,help-2349-002,2349,IMG_20261001_063726_816.jpg,1347,273,منطقه 3,10270,قبولی,پزشکی شهریه پرداز بهشتی (مرد),پزشکی شهریه پرداز بهشتی (مرد)
1404,تجربی,help-2349-002,2349,IMG_20261001_063726_816.jpg,1347,273,منطقه 3,10270,عدم قبولی,پزشکی روزانه تهران و بهشتی و ایران,پزشکی شهریه پرداز بهشتی (مرد)
1404,تجربی,help-2349-003,2349,IMG_20261001_063726_816.jpg,1389,450,منطقه 1,10255,قبولی,پزشکی شهریه پرداز بهشتی (زن),پزشکی شهریه پرداز بهشتی (زن)
1404,تجربی,help-2349-003,2349,IMG_20261001_063726_816.jpg,1389,450,منطقه 1,10255,عدم قبولی,پزشکی روزانه تهران و بهشتی و ایران,پزشکی شهریه پرداز بهشتی (زن)
1404,تجربی,help-2349-004,2349,IMG_20261001_063726_816.jpg,1690,552,منطقه 1,10167,قبولی,پزشکی آزاد تهران1,پزشکی آزاد تهران1
1404,تجربی,help-2349-004,2349,IMG_20261001_063726_816.jpg,1690,552,منطقه 1,10167,عدم قبولی,پزشکی پردیس بهشتی و ایران,پزشکی آزاد تهران1
1404,تجربی,help-2349-005,2349,IMG_20261001_063726_816.jpg,2199,1024,منطقه 2,10043,قبولی,پزشکی روزانه کرج (بومی - مرد),پزشکی روزانه کرج (بومی - مرد)
1404,تجربی,help-2349-005,2349,IMG_20261001_063726_816.jpg,2199,1024,منطقه 2,10043,عدم قبولی,پزشکی روزانه تهران و بهشتی و ایران,پزشکی روزانه کرج (بومی - مرد)
1404,تجربی,help-2349-006,2349,IMG_20261001_063726_816.jpg,3108,1030,منطقه 1,9875,قبولی,پزشکی شهریه پرداز تبریز2 (زن),پزشکی شهریه پرداز تبریز2 (زن)
1404,تجربی,help-2349-006,2349,IMG_20261001_063726_816.jpg,3108,1030,منطقه 1,9875,عدم قبولی,پزشکی پردیس بهشتی و ایران,پزشکی شهریه پرداز تبریز2 (زن)
1404,تجربی,help-2349-007,2349,IMG_20261001_063726_816.jpg,3350,1540,منطقه 2,9835,قبولی,پزشکی روزانه ارومیه1 (بومی - زن),پزشکی روزانه ارومیه1 (بومی - زن)
1404,تجربی,help-2349-007,2349,IMG_20261001_063726_816.jpg,3350,1540,منطقه 2,9835,عدم قبولی,پزشکی روزانه تبریز,پزشکی روزانه ارومیه1 (بومی - زن)
1404,تجربی,help-2349-008,2349,IMG_20261001_063726_816.jpg,4061,1873,منطقه 2,9741,قبولی,پزشکی روزانه اهواز (بومی - زن),پزشکی روزانه اهواز (بومی - زن)
1404,تجربی,help-2349-008,2349,IMG_20261001_063726_816.jpg,4061,1873,منطقه 2,9741,عدم قبولی,پزشکی روزانه اصفهان,پزشکی روزانه اهواز (بومی - زن)
1404,تجربی,help-2349-009,2349,IMG_20261001_063726_816.jpg,4170,1915,منطقه 2,9725,قبولی,پزشکی شهریه پرداز تبریز2 (پسر),پزشکی شهریه پرداز تبریز2 (پسر)
1404,تجربی,help-2349-009,2349,IMG_20261001_063726_816.jpg,4170,1915,منطقه 2,9725,عدم قبولی,پزشکی روزانه تبریز,پزشکی شهریه پرداز تبریز2 (پسر)
1404,تجربی,help-2349-010,2349,IMG_20261001_063726_816.jpg,5013,2324,منطقه 2,9632,قبولی,پزشکی روزانه اهواز (بومی - زن),پزشکی روزانه اهواز (بومی - زن)
1404,تجربی,help-2349-010,2349,IMG_20261001_063726_816.jpg,5013,2324,منطقه 2,9632,عدم قبولی,پزشکی روزانه اصفهان,پزشکی روزانه اهواز (بومی - زن)
1404,تجربی,help-2349-011,2349,IMG_20261001_063726_816.jpg,5228,2433,منطقه 2,9609,قبولی,پزشکی شهریه پرداز ارومیه (پسر),پزشکی شهریه پرداز ارومیه (پسر)
1404,تجربی,help-2349-011,2349,IMG_20261001_063726_816.jpg,5228,2433,منطقه 2,9609,عدم قبولی,پزشکی روزانه ارومیه,پزشکی شهریه پرداز ارومیه (پسر)
1404,تجربی,help-2349-012,2349,IMG_20261001_063726_816.jpg,5553,2582,منطقه 2,9576,قبولی,پزشکی روزانه کرمانشاه (بومی - زن),پزشکی روزانه کرمانشاه (بومی - زن)
1404,تجربی,help-2349-012,2349,IMG_20261001_063726_816.jpg,5553,2582,منطقه 2,9576,عدم قبولی,پزشکی روزانه کرج و تبریز,پزشکی روزانه کرمانشاه (بومی - زن)
1404,تجربی,help-2349-013,2349,IMG_20261001_063726_816.jpg,5513,1234,منطقه 3,9580,قبولی,پزشکی روزانه اهواز (بومی - دختر),پزشکی روزانه اهواز (بومی - دختر)
1404,تجربی,help-2349-013,2349,IMG_20261001_063726_816.jpg,5513,1234,منطقه 3,9580,عدم قبولی,پزشکی روزانه اصفهان,پزشکی روزانه اهواز (بومی - دختر)
1404,تجربی,help-2349-014,2349,IMG_20261001_063726_816.jpg,5784,1791,منطقه 1,9555,قبولی,پزشکی روزانه جهرم (بومی - مرد),پزشکی روزانه جهرم (بومی - مرد)
1404,تجربی,help-2349-014,2349,IMG_20261001_063726_816.jpg,5784,1791,منطقه 1,9555,عدم قبولی,پزشکی روزانه فسا,پزشکی روزانه جهرم (بومی - مرد)
1404,تجربی,help-2351-015,2351,IMG_20261001_063722_652.jpg,5835,1321,منطقه 3,9550,قبولی,پزشکی شهریه پرداز تبریز2 (مرد),پزشکی شهریه پرداز تبریز2 (مرد)
1404,تجربی,help-2351-015,2351,IMG_20261001_063722_652.jpg,5835,1321,منطقه 3,9550,عدم قبولی,پزشکی روزانه تبریز,پزشکی شهریه پرداز تبریز2 (مرد)
1404,تجربی,help-2351-016,2351,IMG_20261001_063722_652.jpg,5927,2756,منطقه 2,9540,قبولی,پزشکی شهریه پرداز بابل2,پزشکی شهریه پرداز بابل2
1404,تجربی,help-2351-016,2351,IMG_20261001_063722_652.jpg,5927,2756,منطقه 2,9540,عدم قبولی,دندان آزاد بروجرد - دندان تعهدی شهرکرد,پزشکی شهریه پرداز بابل2
1404,تجربی,help-2351-017,2351,IMG_20261001_063722_652.jpg,5988,1854,منطقه 1,9534,قبولی,پزشکی شهریه پرداز شهرکرد (زن),پزشکی شهریه پرداز شهرکرد (زن)
1404,تجربی,help-2351-017,2351,IMG_20261001_063722_652.jpg,5988,1854,منطقه 1,9534,عدم قبولی,پزشکی روزانه کاشان و شهرکرد,پزشکی شهریه پرداز شهرکرد (زن)
1404,تجربی,help-2351-018,2351,IMG_20261001_063722_652.jpg,6718,2064,منطقه 1,9468,قبولی,پزشکی روزانه کرمانشاه (غیربومی - زن),پزشکی روزانه کرمانشاه (غیربومی - زن)
1404,تجربی,help-2351-018,2351,IMG_20261001_063722_652.jpg,6718,2064,منطقه 1,9468,عدم قبولی,پزشکی روزانه اردبیل و زنجان و همدان و بابل,پزشکی روزانه کرمانشاه (غیربومی - زن)
1404,تجربی,help-2351-019,2351,IMG_20261001_063722_652.jpg,7540,1779,منطقه 3,9398,قبولی,پزشکی روزانه سبزوار2 (بومی - زن),پزشکی روزانه سبزوار2 (بومی - زن)
1404,تجربی,help-2351-019,2351,IMG_20261001_063722_652.jpg,7540,1779,منطقه 3,9398,عدم قبولی,پزشکی روزانه بجنورد + دندان تعهدی بجنورد,پزشکی روزانه سبزوار2 (بومی - زن)
1404,تجربی,help-2351-020,2351,IMG_20261001_063722_652.jpg,7802,3539,منطقه 2,9377,قبولی,پزشکی شهریه پرداز اراک1 (مرد),پزشکی شهریه پرداز اراک1 (مرد)
1404,تجربی,help-2351-020,2351,IMG_20261001_063722_652.jpg,7802,3539,منطقه 2,9377,عدم قبولی,پزشکی پردیس زنجان و قزوین,پزشکی شهریه پرداز اراک1 (مرد)
1404,تجربی,help-2351-021,2351,IMG_20261001_063722_652.jpg,7802,3539,منطقه 2,9377,قبولی,پزشکی شهریه پرداز رامسر (مرد),پزشکی شهریه پرداز رامسر (مرد)
1404,تجربی,help-2351-021,2351,IMG_20261001_063722_652.jpg,7802,3539,منطقه 2,9377,عدم قبولی,پزشکی پردیس بابل + روزانه شاهرود,پزشکی شهریه پرداز رامسر (مرد)
1404,تجربی,help-2351-022,2351,IMG_20261001_063722_652.jpg,8072,3647,منطقه 2,9356,قبولی,پزشکی روزانه تربت حیدریه (غیربومی - مرد),پزشکی روزانه تربت حیدریه (غیربومی - مرد)
1404,تجربی,help-2351-022,2351,IMG_20261001_063722_652.jpg,8072,3647,منطقه 2,9356,عدم قبولی,پزشکی روزانه ساوه و شاهرود و سبزوار,پزشکی روزانه تربت حیدریه (غیربومی - مرد)
1404,تجربی,help-2351-023,2351,IMG_20261001_063722_652.jpg,8226,2002,منطقه 3,9345,قبولی,پزشکی روزانه یاسوج (بومی - مرد),پزشکی روزانه یاسوج (بومی - مرد)
1404,تجربی,help-2351-023,2351,IMG_20261001_063722_652.jpg,8226,2002,منطقه 3,9345,عدم قبولی,پزشکی روزانه بوشهر,پزشکی روزانه یاسوج (بومی - مرد)
1404,تجربی,help-2351-024,2351,IMG_20261001_063722_652.jpg,8511,2600,منطقه 1,9324,قبولی,پزشکی روزانه آبادان (بومی - زن),پزشکی روزانه آبادان (بومی - زن)
1404,تجربی,help-2351-024,2351,IMG_20261001_063722_652.jpg,8511,2600,منطقه 1,9324,عدم قبولی,پزشکی روزانه بیرجند و بجنورد و ایلام و سنندج,پزشکی روزانه آبادان (بومی - زن)
1404,تجربی,help-2351-025,2351,IMG_20261001_063722_652.jpg,8959,4027,منطقه 2,9293,قبولی,پزشکی روزانه کاشان (بومی - زن),پزشکی روزانه کاشان (بومی - زن)
1404,تجربی,help-2351-025,2351,IMG_20261001_063722_652.jpg,8959,4027,منطقه 2,9293,عدم قبولی,پزشکی روزانه فسا و جهرم و آبادان و ایلام و سنندج,پزشکی روزانه کاشان (بومی - زن)
1404,تجربی,help-2351-026,2351,IMG_20261001_063722_652.jpg,9006,4048,منطقه 2,9290,قبولی,پزشکی روزانه سیرجان (غیربومی - مرد),پزشکی روزانه سیرجان (غیربومی - مرد)
1404,تجربی,help-2351-026,2351,IMG_20261001_063722_652.jpg,9006,4048,منطقه 2,9290,عدم قبولی,پزشکی روزانه ساوه و خمین و شاهرود و گناباد و تربت,پزشکی روزانه سیرجان (غیربومی - مرد)
1404,تجربی,help-2351-027,2351,IMG_20261001_063722_652.jpg,9095,2775,منطقه 1,9284,قبولی,پزشکی آزاد نجف آباد,پزشکی آزاد نجف آباد
1404,تجربی,help-2351-027,2351,IMG_20261001_063722_652.jpg,9095,2775,منطقه 1,9284,عدم قبولی,پزشکی آزاد تهران,پزشکی آزاد نجف آباد
1404,تجربی,help-2351-028,2351,IMG_20261001_063722_652.jpg,9258,471,سهمیه 5٪,9274,قبولی,پزشکی روزانه تبریز (بومی - مرد),پزشکی روزانه تبریز (بومی - مرد)
1404,تجربی,help-2351-028,2351,IMG_20261001_063722_652.jpg,9258,471,سهمیه 5٪,9274,عدم قبولی,پزشکی روزانه بهشتی,پزشکی روزانه تبریز (بومی - مرد)
1404,تجربی,help-2352-029,2352,IMG_20261001_063717_784.jpg,9621,2919,منطقه 1,9250,قبولی,پزشکی شهریه پرداز ایلام (زن),پزشکی شهریه پرداز ایلام (زن)
1404,تجربی,help-2352-029,2352,IMG_20261001_063717_784.jpg,9621,2919,منطقه 1,9250,عدم قبولی,پزشکی پردیس شاهرود و سنندج + روزانه گناباد و تربت حیدریه,پزشکی شهریه پرداز ایلام (زن)
1404,تجربی,help-2352-030,2352,IMG_20261001_063717_784.jpg,9676,4352,منطقه 2,9246,قبولی,پزشکی روزانه جیرفت1 (بومی - مرد),پزشکی روزانه جیرفت1 (بومی - مرد)
1404,تجربی,help-2352-030,2352,IMG_20261001_063717_784.jpg,9676,4352,منطقه 2,9246,عدم قبولی,پزشکی روزانه کرمان و رفسنجان و سیرجان,پزشکی روزانه جیرفت1 (بومی - مرد)
1404,تجربی,help-2352-031,2352,IMG_20261001_063717_784.jpg,10013,2487,منطقه 3,9223,قبولی,پزشکی شهریه پرداز شهرکرد (زن),پزشکی شهریه پرداز شهرکرد (زن)
1404,تجربی,help-2352-031,2352,IMG_20261001_063717_784.jpg,10013,2487,منطقه 3,9223,عدم قبولی,پزشکی پردیس دزفول,پزشکی شهریه پرداز شهرکرد (زن)
1404,تجربی,help-2352-032,2352,IMG_20261001_063717_784.jpg,12114,5433,منطقه 2,9096,قبولی,پزشکی آزاد مشهد,پزشکی آزاد مشهد
1404,تجربی,help-2352-032,2352,IMG_20261001_063717_784.jpg,12114,5433,منطقه 2,9096,عدم قبولی,پزشکی آزاد تهران,پزشکی آزاد مشهد
1404,تجربی,help-2352-033,2352,IMG_20261001_063717_784.jpg,12393,3174,منطقه 3,9079,قبولی,پزشکی روزانه زاهدان (بومی - زن),پزشکی روزانه زاهدان (بومی - زن)
1404,تجربی,help-2352-033,2352,IMG_20261001_063717_784.jpg,12393,3174,منطقه 3,9079,عدم قبولی,پزشکی پردیس بندرعباس + روزانه کرمان و رفسنجان,پزشکی روزانه زاهدان (بومی - زن)
1404,تجربی,help-2352-034,2352,IMG_20261001_063717_784.jpg,13263,3910,منطقه 1,9026,قبولی,پزشکی آزاد زاهدان,پزشکی آزاد زاهدان
1404,تجربی,help-2352-034,2352,IMG_20261001_063717_784.jpg,13263,3910,منطقه 1,9026,عدم قبولی,پزشکی آزاد بجنورد و بیرجند و کارون و شاهرود و همه داروها,پزشکی آزاد زاهدان
1404,تجربی,help-2352-035,2352,IMG_20261001_063717_784.jpg,14045,3683,منطقه 3,8984,قبولی,پزشکی آزاد یزد,پزشکی آزاد یزد
1404,تجربی,help-2352-035,2352,IMG_20261001_063717_784.jpg,14045,3683,منطقه 3,8984,عدم قبولی,پزشکی آزاد تهران + پزشکی تعهدی شیراز,پزشکی آزاد یزد
1404,تجربی,help-2352-036,2352,IMG_20261001_063717_784.jpg,15736,4189,منطقه 3,8900,قبولی,پزشکی آزاد نجف آباد,پزشکی آزاد نجف آباد
1404,تجربی,help-2352-036,2352,IMG_20261001_063717_784.jpg,15736,4189,منطقه 3,8900,عدم قبولی,پزشکی تعهدی اصفهان - بینایی سنجی روزانه مشهد و ساری - پروتز دندان,پزشکی آزاد نجف آباد
1404,تجربی,help-2352-037,2352,IMG_20261001_063717_784.jpg,17541,4732,منطقه 3,8813,قبولی,پزشکی آزاد قم,پزشکی آزاد قم
1404,تجربی,help-2352-037,2352,IMG_20261001_063717_784.jpg,17541,4732,منطقه 3,8813,عدم قبولی,پزشکی های بورسیه ارتش و فراجا و سایر موارد بورسیه,پزشکی آزاد قم
1404,تجربی,help-2352-038,2352,IMG_20261001_063717_784.jpg,18778,5099,منطقه 3,8755,قبولی,پزشکی آزاد شاهرود,پزشکی آزاد شاهرود
1404,تجربی,help-2352-038,2352,IMG_20261001_063717_784.jpg,18778,5099,منطقه 3,8755,عدم قبولی,پزشکی پردیس ایرانشهر و دارو پردیس زابل - دارو آزاد دامغان,پزشکی آزاد شاهرود
1404,تجربی,help-2352-039,2352,IMG_20261001_063717_784.jpg,19654,1181,سهمیه 5٪,8717,قبولی,پزشکی روزانه کرمانشاه (غیربومی - مرد),پزشکی روزانه کرمانشاه (غیربومی - مرد)
1404,تجربی,help-2352-039,2352,IMG_20261001_063717_784.jpg,19654,1181,سهمیه 5٪,8717,عدم قبولی,پزشکی پردیس اهواز,پزشکی روزانه کرمانشاه (غیربومی - مرد)
1404,تجربی,help-2352-040,2352,IMG_20261001_063717_784.jpg,19902,5440,منطقه 3,8705,قبولی,پزشکی آزاد زاهدان,پزشکی آزاد زاهدان
1404,تجربی,help-2352-040,2352,IMG_20261001_063717_784.jpg,19902,5440,منطقه 3,8705,عدم قبولی,کل داروها,پزشکی آزاد زاهدان
1404,تجربی,help-2352-041,2352,IMG_20261001_063717_784.jpg,19924,1204,سهمیه 5٪,8704,قبولی,پزشکی روزانه رشت,پزشکی روزانه رشت
1404,تجربی,help-2352-041,2352,IMG_20261001_063717_784.jpg,19924,1204,سهمیه 5٪,8704,عدم قبولی,پزشکی روزانه تبریز,پزشکی روزانه رشت
1404,تجربی,help-2363-042,2363,IMG_20261001_063651_640.jpg,637,221,منطقه 1,10619,قبولی,دندانپزشکی روزانه تبریز (بومی),دندانپزشکی روزانه تبریز (بومی)
1404,تجربی,help-2363-042,2363,IMG_20261001_063651_640.jpg,637,221,منطقه 1,10619,عدم قبولی,دندان روزانه تهران و بهشتی,دندانپزشکی روزانه تبریز (بومی)
1404,تجربی,help-2363-043,2363,IMG_20261001_063651_640.jpg,863,399,منطقه 2,10481,قبولی,دندانپزشکی شهریه پرداز اصفهان,دندانپزشکی شهریه پرداز اصفهان
1404,تجربی,help-2363-043,2363,IMG_20261001_063651_640.jpg,863,399,منطقه 2,10481,عدم قبولی,دندان روزانه اصفهان,دندانپزشکی شهریه پرداز اصفهان
1404,تجربی,help-2363-044,2363,IMG_20261001_063651_640.jpg,1184,398,منطقه 1,10325,قبولی,دندانپزشکی روزانه شهرکرد (بومی),دندانپزشکی روزانه شهرکرد (بومی)
1404,تجربی,help-2363-044,2363,IMG_20261001_063651_640.jpg,1184,398,منطقه 1,10325,عدم قبولی,دندان روزانه اصفهان,دندانپزشکی روزانه شهرکرد (بومی)
1404,تجربی,help-2363-045,2363,IMG_20261001_063651_640.jpg,1331,269,منطقه 3,10275,قبولی,دندانپزشکی روزانه کرج (بومی),دندانپزشکی روزانه کرج (بومی)
1404,تجربی,help-2363-045,2363,IMG_20261001_063651_640.jpg,1331,269,منطقه 3,10275,عدم قبولی,دندان روزانه تهران و بهشتی,دندانپزشکی روزانه کرج (بومی)
1404,تجربی,help-2363-046,2363,IMG_20261001_063651_640.jpg,1482,706,منطقه 2,10228,قبولی,دندانپزشکی روزانه قزوین (بومی),دندانپزشکی روزانه قزوین (بومی)
1404,تجربی,help-2363-046,2363,IMG_20261001_063651_640.jpg,1482,706,منطقه 2,10228,عدم قبولی,دندان روزانه مشهد و رشت,دندانپزشکی روزانه قزوین (بومی)
1404,تجربی,help-2363-047,2363,IMG_20261001_063651_640.jpg,1933,901,منطقه 2,10102,قبولی,دندانپزشکی شهریه پرداز شاهد تهران,دندانپزشکی شهریه پرداز شاهد تهران
1404,تجربی,help-2363-047,2363,IMG_20261001_063651_640.jpg,1933,901,منطقه 2,10102,عدم قبولی,دندان روزانه اراک,دندانپزشکی شهریه پرداز شاهد تهران
1404,تجربی,help-2363-048,2363,IMG_20261001_063651_640.jpg,1989,656,منطقه 1,10090,قبولی,دندانپزشکی روزانه کرمان (غیربومی),دندانپزشکی روزانه کرمان (غیربومی)
1404,تجربی,help-2363-048,2363,IMG_20261001_063651_640.jpg,1989,656,منطقه 1,10090,عدم قبولی,دندان روزانه گرگان و سمنان و کاشان و لرستان و زنجان و شهرکرد,دندانپزشکی روزانه کرمان (غیربومی)
1404,تجربی,help-2363-049,2363,IMG_20261001_063651_640.jpg,2071,960,منطقه 2,10072,قبولی,دندانپزشکی روزانه اردبیل (بومی),دندانپزشکی روزانه اردبیل (بومی)
1404,تجربی,help-2363-049,2363,IMG_20261001_063651_640.jpg,2071,960,منطقه 2,10072,عدم قبولی,دندان روزانه ارومیه و زنجان و گرگان و همدان,دندانپزشکی روزانه اردبیل (بومی)
1404,تجربی,help-2363-050,2363,IMG_20261001_063651_640.jpg,2525,514,منطقه 3,,قبولی,دندانپزشکی شهریه پرداز بندرانزلی,دندانپزشکی شهریه پرداز بندرانزلی
1404,تجربی,help-2363-050,2363,IMG_20261001_063651_640.jpg,2525,514,منطقه 3,,عدم قبولی,دندان روزانه زنجان و قزوین و رشت,دندانپزشکی شهریه پرداز بندرانزلی
1404,تجربی,help-2363-051,2363,IMG_20261001_063651_640.jpg,2353,1093,منطقه 2,10009,قبولی,دندانپزشکی روزانه زاهدان (غیربومی),دندانپزشکی روزانه زاهدان (غیربومی)
1404,تجربی,help-2363-051,2363,IMG_20261001_063651_640.jpg,2353,1093,منطقه 2,10009,عدم قبولی,دندان روزانه کرمان و رفسنجان,دندانپزشکی روزانه زاهدان (غیربومی)
1404,تجربی,help-2363-052,2363,IMG_20261001_063651_640.jpg,2596,1200,منطقه 2,9963,قبولی,دندانپزشکی آزاد تبریز1,دندانپزشکی آزاد تبریز1
1404,تجربی,help-2363-052,2363,IMG_20261001_063651_640.jpg,2596,1200,منطقه 2,9963,عدم قبولی,دندان روزانه همدان,دندانپزشکی آزاد تبریز1
1404,تجربی,help-2363-053,2363,IMG_20261001_063651_640.jpg,3922,1261,منطقه 1,9758,قبولی,دندانپزشکی آزاد بروجرد,دندانپزشکی آزاد بروجرد
1404,تجربی,help-2363-053,2363,IMG_20261001_063651_640.jpg,3922,1261,منطقه 1,9758,عدم قبولی,دندان آزاد تهران و شیراز و خوراسگان و تبریز,دندانپزشکی آزاد بروجرد
1404,تجربی,help-2364-054,2364,IMG_20261001_063647_558.jpg,5399,2517,منطقه 2,9592,قبولی,دندانپزشکی آزاد بروجرد,دندانپزشکی آزاد بروجرد
1404,تجربی,help-2364-054,2364,IMG_20261001_063647_558.jpg,5399,2517,منطقه 2,9592,عدم قبولی,دندان آزاد تهران و شیراز و خوراسگان و تبریز,دندانپزشکی آزاد بروجرد
1404,تجربی,help-2364-055,2364,IMG_20261001_063647_558.jpg,33967,181,سهمیه 25٪,8181,قبولی,دندانپزشکی آزاد تهران,دندانپزشکی آزاد تهران
1404,تجربی,help-2364-055,2364,IMG_20261001_063647_558.jpg,33967,181,سهمیه 25٪,8181,عدم قبولی,دندان پردیس تهران و کرج,دندانپزشکی آزاد تهران
1404,تجربی,help-2364-056,2364,IMG_20261001_063647_558.jpg,87364,690,سهمیه 25٪,6927,قبولی,دندانپزشکی آزاد خوراسگان,دندانپزشکی آزاد خوراسگان
1404,تجربی,help-2364-056,2364,IMG_20261001_063647_558.jpg,87364,690,سهمیه 25٪,6927,عدم قبولی,دندان پردیس همدان + آزاد تهران و شیراز و خوراسگان و تبریز,دندانپزشکی آزاد خوراسگان
1404,تجربی,help-2358-057,2358,IMG_20261001_063713_305.jpg,24976,11048,منطقه 2,8498,قبولی,پرستاری روزانه همدان1 (بومی - زن),پرستاری روزانه همدان1 (بومی - زن)
1404,تجربی,help-2358-057,2358,IMG_20261001_063713_305.jpg,24976,11048,منطقه 2,8498,عدم قبولی,پرستاری روزانه تهران و اصفهان و پروتز دندان آزاد خوراسگان,پرستاری روزانه همدان1 (بومی - زن)
1404,تجربی,help-2358-058,2358,IMG_20261001_063713_305.jpg,30124,8503,منطقه 3,8311,قبولی,پرستاری روزانه فسا (بومی),پرستاری روزانه فسا (بومی)
1404,تجربی,help-2358-058,2358,IMG_20261001_063713_305.jpg,30124,8503,منطقه 3,8311,عدم قبولی,گفتار درمانی روزانه زاهدان,پرستاری روزانه فسا (بومی)
1404,تجربی,help-2358-059,2358,IMG_20261001_063713_305.jpg,30974,13625,منطقه 2,8281,قبولی,پرستاری روزانه مرند (بومی),پرستاری روزانه مرند (بومی)
1404,تجربی,help-2358-059,2358,IMG_20261001_063713_305.jpg,30974,13625,منطقه 2,8281,عدم قبولی,پرستاری روزانه تبریز,پرستاری روزانه مرند (بومی)
1404,تجربی,help-2358-060,2358,IMG_20261001_063713_305.jpg,36738,10588,منطقه 3,8089,قبولی,پرستاری شهریه پرداز رشت,پرستاری شهریه پرداز رشت
1404,تجربی,help-2358-060,2358,IMG_20261001_063713_305.jpg,36738,10588,منطقه 3,8089,عدم قبولی,پرستاری روزانه تبریز و ارومیه و رشت,پرستاری شهریه پرداز رشت
1404,تجربی,help-2358-061,2358,IMG_20261001_063713_305.jpg,34952,15328,منطقه 2,8147,قبولی,پرستاری روزانه دورود (بومی - زن),پرستاری روزانه دورود (بومی - زن)
1404,تجربی,help-2358-061,2358,IMG_20261001_063713_305.jpg,34952,15328,منطقه 2,8147,عدم قبولی,پرستاری روزانه خرم آباد و بروجرد و ملایر,پرستاری روزانه دورود (بومی - زن)
1404,تجربی,help-2358-062,2358,IMG_20261001_063713_305.jpg,37050,16279,منطقه 2,8080,قبولی,پرستاری روزانه کاشمر2 (بومی - زن),پرستاری روزانه کاشمر2 (بومی - زن)
1404,تجربی,help-2358-062,2358,IMG_20261001_063713_305.jpg,37050,16279,منطقه 2,8080,عدم قبولی,پرستاری روزانه رشت و بابل و آمل و لنگرود و بهشهر و رامسر,پرستاری روزانه کاشمر2 (بومی - زن)
1404,تجربی,help-2358-063,2358,IMG_20261001_063713_305.jpg,42129,3043,سهمیه 5٪,7930,قبولی,پرستاری روزانه تبریز,پرستاری روزانه تبریز
1404,تجربی,help-2358-063,2358,IMG_20261001_063713_305.jpg,42129,3043,سهمیه 5٪,7930,عدم قبولی,کل بینایی سنجی های کشور,پرستاری روزانه تبریز
1404,تجربی,help-2358-064,2358,IMG_20261001_063713_305.jpg,42542,12531,منطقه 3,7918,قبولی,پرستاری روزانه آبادان1 (بومی - زن),پرستاری روزانه آبادان1 (بومی - زن)
1404,تجربی,help-2358-064,2358,IMG_20261001_063713_305.jpg,42542,12531,منطقه 3,7918,عدم قبولی,پرستاری روزانه اهواز,پرستاری روزانه آبادان1 (بومی - زن)
1404,تجربی,help-2358-065,2358,IMG_20261001_063713_305.jpg,48677,21175,منطقه 2,7751,قبولی,پرستاری آزاد کرج,پرستاری آزاد کرج
1404,تجربی,help-2358-065,2358,IMG_20261001_063713_305.jpg,48677,21175,منطقه 2,7751,عدم قبولی,تغذیه و اتاق عمل و هوشبری آزاد تهران,پرستاری آزاد کرج
1404,تجربی,help-2358-066,2358,IMG_20261001_063713_305.jpg,54634,14341,منطقه 1,7598,قبولی,پرستاری آزاد قزوین,پرستاری آزاد قزوین
1404,تجربی,help-2358-066,2358,IMG_20261001_063713_305.jpg,54634,14341,منطقه 1,7598,عدم قبولی,پرستاری آزاد شهرقدس و کرج,پرستاری آزاد قزوین
1404,تجربی,help-2358-067,2358,IMG_20261001_063713_305.jpg,54540,23635,منطقه 2,7600,قبولی,پرستاری آزاد یزد + پرستاری روزانه ایرانشهر,پرستاری آزاد یزد + پرستاری روزانه ایرانشهر
1404,تجربی,help-2358-067,2358,IMG_20261001_063713_305.jpg,54540,23635,منطقه 2,7600,عدم قبولی,پرستاری روزانه استان فارس,پرستاری آزاد یزد + پرستاری روزانه ایرانشهر
1404,تجربی,help-2359-068,2359,IMG_20261001_063706_514.jpg,62393,19422,منطقه 3,7418,قبولی,پرستاری آزاد اهواز,پرستاری آزاد اهواز
1404,تجربی,help-2359-068,2359,IMG_20261001_063706_514.jpg,62393,19422,منطقه 3,7418,عدم قبولی,اتاق عمل آزاد خوراسگان و نجف آباد,پرستاری آزاد اهواز
1404,تجربی,help-2359-069,2359,IMG_20261001_063706_514.jpg,62910,27048,منطقه 2,7407,قبولی,پرستاری آزاد اهواز,پرستاری آزاد اهواز
1404,تجربی,help-2359-069,2359,IMG_20261001_063706_514.jpg,62910,27048,منطقه 2,7407,عدم قبولی,پرستاری آزاد اراک,پرستاری آزاد اهواز
1404,تجربی,help-2359-070,2359,IMG_20261001_063706_514.jpg,63802,19922,منطقه 3,7387,قبولی,پرستاری آزاد فلاورجان,پرستاری آزاد فلاورجان
1404,تجربی,help-2359-070,2359,IMG_20261001_063706_514.jpg,63802,19922,منطقه 3,7387,عدم قبولی,پرستاری آزاد نجف آباد,پرستاری آزاد فلاورجان
1404,تجربی,help-2359-071,2359,IMG_20261001_063706_514.jpg,64209,27586,منطقه 2,7378,قبولی,پرستاری آزاد خودگردان قزوین,پرستاری آزاد خودگردان قزوین
1404,تجربی,help-2359-071,2359,IMG_20261001_063706_514.jpg,64209,27586,منطقه 2,7378,عدم قبولی,پرستاری آزاد ورامین,پرستاری آزاد خودگردان قزوین
1404,تجربی,help-2359-072,2359,IMG_20261001_063706_514.jpg,67801,17397,منطقه 1,7301,قبولی,پرستاری آزاد زنجان,پرستاری آزاد زنجان
1404,تجربی,help-2359-072,2359,IMG_20261001_063706_514.jpg,67801,17397,منطقه 1,7301,عدم قبولی,کل تغذیه آزاد + پرستاری آزاد ارومیه و تبریز,پرستاری آزاد زنجان
1404,تجربی,help-2359-073,2359,IMG_20261001_063706_514.jpg,68004,21447,منطقه 3,7297,قبولی,پرستاری آزاد بندرعباس,پرستاری آزاد بندرعباس
1404,تجربی,help-2359-073,2359,IMG_20261001_063706_514.jpg,68004,21447,منطقه 3,7297,عدم قبولی,پرستاری آزاد شیراز,پرستاری آزاد بندرعباس
1404,تجربی,help-2359-074,2359,IMG_20261001_063706_514.jpg,69109,21862,منطقه 3,7275,قبولی,پرستاری آزاد تنکابن,پرستاری آزاد تنکابن
1404,تجربی,help-2359-074,2359,IMG_20261001_063706_514.jpg,69109,21862,منطقه 3,7275,عدم قبولی,پرستاری آزاد ساری و بابل و چالوس,پرستاری آزاد تنکابن
1404,تجربی,help-2359-075,2359,IMG_20261001_063706_514.jpg,70266,17929,منطقه 1,7250,قبولی,پرستاری آزاد کاشان,پرستاری آزاد کاشان
1404,تجربی,help-2359-075,2359,IMG_20261001_063706_514.jpg,70266,17929,منطقه 1,7250,عدم قبولی,پرستاری آزاد خمین و شهرقدس و خوراسگان و نجف آباد,پرستاری آزاد کاشان
1404,تجربی,help-2359-076,2359,IMG_20261001_063706_514.jpg,70754,22474,منطقه 3,7240,قبولی,پرستاری آزاد تویسرکان,پرستاری آزاد تویسرکان
1404,تجربی,help-2359-076,2359,IMG_20261001_063706_514.jpg,70754,22474,منطقه 3,7240,عدم قبولی,پرستاری آزاد همدان,پرستاری آزاد تویسرکان
1404,تجربی,help-2359-077,2359,IMG_20261001_063706_514.jpg,72149,22992,منطقه 3,7211,قبولی,پرستاری آزاد خودگردان ایلام,پرستاری آزاد خودگردان ایلام
1404,تجربی,help-2359-077,2359,IMG_20261001_063706_514.jpg,72149,22992,منطقه 3,7211,عدم قبولی,پرستاری آزاد ایلام,پرستاری آزاد خودگردان ایلام
1404,تجربی,help-2359-078,2359,IMG_20261001_063706_514.jpg,73416,31337,منطقه 2,7185,قبولی,پرستاری آزاد خودگردان مهاباد,پرستاری آزاد خودگردان مهاباد
1404,تجربی,help-2359-078,2359,IMG_20261001_063706_514.jpg,73416,31337,منطقه 2,7185,عدم قبولی,پرستاری آزاد ارومیه و خوی,پرستاری آزاد خودگردان مهاباد
1404,تجربی,help-2359-079,2359,IMG_20261001_063706_514.jpg,80544,5880,سهمیه 5٪,7050,قبولی,پرستاری روزانه زنجان1 (غیربومی - زن),پرستاری روزانه زنجان1 (غیربومی - زن)
1404,تجربی,help-2359-079,2359,IMG_20261001_063706_514.jpg,80544,5880,سهمیه 5٪,7050,عدم قبولی,پرستاری روزانه تبریز و ارومیه,پرستاری روزانه زنجان1 (غیربومی - زن)
1404,تجربی,help-2360-080,2360,IMG_20261001_063701_349.jpg,84475,35863,منطقه 2,6978,قبولی,پرستاری آزاد لارستان,پرستاری آزاد لارستان
1404,تجربی,help-2360-080,2360,IMG_20261001_063701_349.jpg,84475,35863,منطقه 2,6978,عدم قبولی,پرستاری آزاد جهرم و ممید و فردوس و گناباد و کاشمر و بندرگز,پرستاری آزاد لارستان
1404,تجربی,help-2360-081,2360,IMG_20261001_063701_349.jpg,97446,7129,سهمیه 5٪,6752,قبولی,پرستاری روزانه بروجرد,پرستاری روزانه بروجرد
1404,تجربی,help-2360-081,2360,IMG_20261001_063701_349.jpg,97446,7129,سهمیه 5٪,6752,عدم قبولی,پرستاری روزانه شهرکرد,پرستاری روزانه بروجرد
1404,تجربی,help-2360-082,2360,IMG_20261001_063701_349.jpg,98138,41335,منطقه 2,6741,قبولی,پرستاری آزاد خودگردان قشم,پرستاری آزاد خودگردان قشم
1404,تجربی,help-2360-082,2360,IMG_20261001_063701_349.jpg,98138,41335,منطقه 2,6741,عدم قبولی,پرستاری آزاد قم و جیرفت و لارستان,پرستاری آزاد خودگردان قشم
1404,تجربی,help-2360-083,2360,IMG_20261001_063701_349.jpg,98383,33107,منطقه 3,6737,قبولی,پرستاری آزاد خودگردان قشم,پرستاری آزاد خودگردان قشم
1404,تجربی,help-2360-083,2360,IMG_20261001_063701_349.jpg,98383,33107,منطقه 3,6737,عدم قبولی,همه اتاق عمل ها,پرستاری آزاد خودگردان قشم
1404,تجربی,help-2360-084,2360,IMG_20261001_063701_349.jpg,114863,8402,سهمیه 5٪,6484,قبولی,پرستاری روزانه مسجدسلیمان,پرستاری روزانه مسجدسلیمان
1404,تجربی,help-2360-084,2360,IMG_20261001_063701_349.jpg,114863,8402,سهمیه 5٪,6484,عدم قبولی,پرستاری روزانه و پردیس دزفول و آبادان و شوشتر,پرستاری روزانه مسجدسلیمان
1404,تجربی,help-2360-085,2360,IMG_20261001_063701_349.jpg,121867,8963,سهمیه 5٪,6382,قبولی,پرستاری شهریه پرداز بستان,پرستاری شهریه پرداز بستان
1404,تجربی,help-2360-085,2360,IMG_20261001_063701_349.jpg,121867,8963,سهمیه 5٪,6382,عدم قبولی,پرستاری روزانه و پردیس بندرماهشهر و آبادان و شوشتر و دهلران و ایوان,پرستاری شهریه پرداز بستان
1404,تجربی,help-2360-086,2360,IMG_20261001_063701_349.jpg,140865,10415,سهمیه 5٪,6120,قبولی,پرستاری روزانه تربت جام,پرستاری روزانه تربت جام
1404,تجربی,help-2360-086,2360,IMG_20261001_063701_349.jpg,140865,10415,سهمیه 5٪,6120,عدم قبولی,پرستاری روزانه سراوان و ایرانشهر و تربت حیدریه و گناباد و کاشمر و قوچان,پرستاری روزانه تربت جام
1404,تجربی,help-2360-087,2360,IMG_20261001_063701_349.jpg,205733,15165,سهمیه 5٪,5353,قبولی,پرستاری روزانه میناب (بومی),پرستاری روزانه میناب (بومی)
1404,تجربی,help-2360-087,2360,IMG_20261001_063701_349.jpg,205733,15165,سهمیه 5٪,5353,عدم قبولی,پرستاری روزانه خمین و ابهر و نقده و ایوان و سقز و پلدختر,پرستاری روزانه میناب (بومی)
1404,تجربی,help-2367-088,2367,IMG_20261001_063642_756.jpg,2553,853,منطقه 1,9972,قبولی,داروسازی روزانه بهشتی (بومی),داروسازی روزانه بهشتی (بومی)
1404,تجربی,help-2367-088,2367,IMG_20261001_063642_756.jpg,2553,853,منطقه 1,9972,عدم قبولی,دارو روزانه تهران,داروسازی روزانه بهشتی (بومی)
1404,تجربی,help-2367-089,2367,IMG_20261001_063642_756.jpg,2868,595,منطقه 3,9913,قبولی,داروسازی روزانه تبریز (بومی),داروسازی روزانه تبریز (بومی)
1404,تجربی,help-2367-089,2367,IMG_20261001_063642_756.jpg,2868,595,منطقه 3,9913,عدم قبولی,دندان روزانه ایلام و اردبیل و سنندج + پردیس ارومیه,داروسازی روزانه تبریز (بومی)
1404,تجربی,help-2367-090,2367,IMG_20261001_063642_756.jpg,4374,1395,منطقه 1,9701,قبولی,داروسازی روزانه مشهد (بومی),داروسازی روزانه مشهد (بومی)
1404,تجربی,help-2367-090,2367,IMG_20261001_063642_756.jpg,4374,1395,منطقه 1,9701,عدم قبولی,دندان تعهدی مشهد,داروسازی روزانه مشهد (بومی)
1404,تجربی,help-2367-091,2367,IMG_20261001_063642_756.jpg,8655,3897,منطقه 2,9314,قبولی,داروسازی شهریه پرداز بندرعباس,داروسازی شهریه پرداز بندرعباس
1404,تجربی,help-2367-091,2367,IMG_20261001_063642_756.jpg,8655,3897,منطقه 2,9314,عدم قبولی,دارو روزانه بیرجند و بندرعباس,داروسازی شهریه پرداز بندرعباس
1404,تجربی,help-2367-092,2367,IMG_20261001_063642_756.jpg,9129,467,سهمیه 5٪,9282,قبولی,داروسازی شهریه پرداز تهران,داروسازی شهریه پرداز تهران
1404,تجربی,help-2367-092,2367,IMG_20261001_063642_756.jpg,9129,467,سهمیه 5٪,9282,عدم قبولی,دارو روزانه تهران,داروسازی شهریه پرداز تهران
1404,تجربی,help-2367-093,2367,IMG_20261001_063642_756.jpg,13601,3540,منطقه 3,9009,قبولی,داروسازی آزاد تهران,داروسازی آزاد تهران
1404,تجربی,help-2367-093,2367,IMG_20261001_063642_756.jpg,13601,3540,منطقه 3,9009,عدم قبولی,دارو و فیزیوتراپی شهریه پرداز کل کشور,داروسازی آزاد تهران
1404,تجربی,help-2367-094,2367,IMG_20261001_063642_756.jpg,16300,947,سهمیه 5٪,8869,قبولی,داروسازی شهریه پرداز مشهد,داروسازی شهریه پرداز مشهد
1404,تجربی,help-2367-094,2367,IMG_20261001_063642_756.jpg,16300,947,سهمیه 5٪,8869,عدم قبولی,دارو روزانه ایران,داروسازی شهریه پرداز مشهد
1404,تجربی,help-2367-095,2367,IMG_20261001_063642_756.jpg,18065,1066,سهمیه 5٪,8787,قبولی,داروسازی روزانه تبریز (بومی),داروسازی روزانه تبریز (بومی)
1404,تجربی,help-2367-095,2367,IMG_20261001_063642_756.jpg,18065,1066,سهمیه 5٪,8787,عدم قبولی,دارو روزانه شیراز,داروسازی روزانه تبریز (بومی)
1404,تجربی,help-2367-096,2367,IMG_20261001_063642_756.jpg,18476,1098,سهمیه 5٪,8769,قبولی,داروسازی روزانه بیرجند (بومی),داروسازی روزانه بیرجند (بومی)
1404,تجربی,help-2367-096,2367,IMG_20261001_063642_756.jpg,18476,1098,سهمیه 5٪,8769,عدم قبولی,دارو روزانه مشهد,داروسازی روزانه بیرجند (بومی)
1404,تجربی,help-2367-097,2367,IMG_20261001_063642_756.jpg,25253,1651,سهمیه 5٪,8488,قبولی,داروسازی شهریه پرداز زنجان,داروسازی شهریه پرداز زنجان
1404,تجربی,help-2367-097,2367,IMG_20261001_063642_756.jpg,25253,1651,سهمیه 5٪,8488,عدم قبولی,دارو روزانه زنجان و رشت + شهریه پرداز رشت,داروسازی شهریه پرداز زنجان
1404,تجربی,help-2367-098,2367,IMG_20261001_063642_756.jpg,26511,1760,سهمیه 5٪,8439,قبولی,داروسازی شهریه پرداز رامسر,داروسازی شهریه پرداز رامسر
1404,تجربی,help-2367-098,2367,IMG_20261001_063642_756.jpg,26511,1760,سهمیه 5٪,8439,عدم قبولی,دارو شهریه پرداز اردبیل و ارومیه و زنجان,داروسازی شهریه پرداز رامسر
1404,تجربی,help-2367-099,2367,IMG_20261001_063642_756.jpg,107150,976,سهمیه 25٪,6601,قبولی,داروسازی آزاد تهران,داروسازی آزاد تهران
1404,تجربی,help-2367-099,2367,IMG_20261001_063642_756.jpg,107150,976,سهمیه 25٪,6601,عدم قبولی,دندان روزانه کرج و ارومیه,داروسازی آزاد تهران
1404,تجربی,help-2367-100,2367,IMG_20261001_063642_756.jpg,114026,1083,سهمیه 25٪,6497,قبولی,داروسازی آزاد آمل,داروسازی آزاد آمل
1404,تجربی,help-2367-100,2367,IMG_20261001_063642_756.jpg,114026,1083,سهمیه 25٪,6497,عدم قبولی,فیزیوتراپی همه جا,داروسازی آزاد آمل
1404,تجربی,help-2368-101,2368,IMG_20261001_063638_831.jpg,6967,2152,منطقه 1,9447,قبولی,فیزیوتراپی شهریه پرداز توانبخشی تهران,فیزیوتراپی شهریه پرداز توانبخشی تهران
1404,تجربی,help-2368-101,2368,IMG_20261001_063638_831.jpg,6967,2152,منطقه 1,9447,عدم قبولی,فیزیوتراپی روزانه بهشتی و ایران و توانبخشی + شهریه پرداز بهشتی,فیزیوتراپی شهریه پرداز توانبخشی تهران
1404,تجربی,help-2368-102,2368,IMG_20261001_063638_831.jpg,8160,3684,منطقه 2,9350,قبولی,فیزیوتراپی شهریه پرداز اصفهان,فیزیوتراپی شهریه پرداز اصفهان
1404,تجربی,help-2368-102,2368,IMG_20261001_063638_831.jpg,8160,3684,منطقه 2,9350,عدم قبولی,فیزیوتراپی روزانه اصفهان,فیزیوتراپی شهریه پرداز اصفهان
1404,تجربی,help-2368-103,2368,IMG_20261001_063638_831.jpg,10101,3049,منطقه 1,9216,قبولی,فیزیوتراپی روزانه زاهدان (غیربومی),فیزیوتراپی روزانه زاهدان (غیربومی)
1404,تجربی,help-2368-103,2368,IMG_20261001_063638_831.jpg,10101,3049,منطقه 1,9216,عدم قبولی,فیزیوتراپی روزانه کرمان و سمنان و همدان و شهرکرد و اهواز و رشت,فیزیوتراپی روزانه زاهدان (غیربومی)
1404,تجربی,help-2368-104,2368,IMG_20261001_063638_831.jpg,21539,1327,سهمیه 5٪,8636,قبولی,فیزیوتراپی شهریه پرداز شیراز,فیزیوتراپی شهریه پرداز شیراز
1404,تجربی,help-2368-104,2368,IMG_20261001_063638_831.jpg,21539,1327,سهمیه 5٪,8636,عدم قبولی,فیزیوتراپی روزانه اصفهان و توانبخشی + شهریه پرداز اصفهان,فیزیوتراپی شهریه پرداز شیراز
1404,تجربی,help-2368-105,2368,IMG_20261001_063638_831.jpg,28570,1932,سهمیه 5٪,8365,قبولی,فیزیوتراپی شهریه پرداز بابل,فیزیوتراپی شهریه پرداز بابل
1404,تجربی,help-2368-105,2368,IMG_20261001_063638_831.jpg,28570,1932,سهمیه 5٪,8365,عدم قبولی,فیزیوتراپی روزانه بابل,فیزیوتراپی شهریه پرداز بابل
1404,تجربی,help-2368-106,2368,IMG_20261001_063638_831.jpg,28834,1946,سهمیه 5٪,8356,قبولی,فیزیوتراپی شهریه پرداز کرمانشاه,فیزیوتراپی شهریه پرداز کرمانشاه
1404,تجربی,help-2368-106,2368,IMG_20261001_063638_831.jpg,28834,1946,سهمیه 5٪,8356,عدم قبولی,فیزیوتراپی روزانه کرمانشاه و بابل و همدان و رشت,فیزیوتراپی شهریه پرداز کرمانشاه
1404,تجربی,help-2368-107,2368,IMG_20261001_063638_831.jpg,,2164,سهمیه 5٪,,قبولی,فیزیوتراپی شهریه پرداز اهواز,فیزیوتراپی شهریه پرداز اهواز
1404,تجربی,help-2368-107,2368,IMG_20261001_063638_831.jpg,,2164,سهمیه 5٪,,عدم قبولی,فیزیوتراپی روزانه کرمانشاه و بابل و همدان و رشت و سمنان و شهرکرد,فیزیوتراپی شهریه پرداز اهواز
1404,تجربی,help-2368-108,2368,IMG_20261001_063638_831.jpg,15408,4494,منطقه 1,8916,قبولی,دامپزشکی آزاد کرج,دامپزشکی آزاد کرج
1404,تجربی,help-2368-108,2368,IMG_20261001_063638_831.jpg,15408,4494,منطقه 1,8916,عدم قبولی,دامپزشکی روزانه و شبانه تهران و آزاد علوم تحقیقات,دامپزشکی آزاد کرج
1404,تجربی,help-2368-109,2368,IMG_20261001_063638_831.jpg,15812,6993,منطقه 2,8896,قبولی,دامپزشکی آزاد علوم تحقیقات,دامپزشکی آزاد علوم تحقیقات
1404,تجربی,help-2368-109,2368,IMG_20261001_063638_831.jpg,15812,6993,منطقه 2,8896,عدم قبولی,دامپزشکی روزانه و شبانه تهران,دامپزشکی آزاد علوم تحقیقات
1404,تجربی,help-2368-110,2368,IMG_20261001_063638_831.jpg,21581,6103,منطقه 1,8634,قبولی,دامپزشکی آزاد سنندج,دامپزشکی آزاد سنندج
1404,تجربی,help-2368-110,2368,IMG_20261001_063638_831.jpg,21581,6103,منطقه 1,8634,عدم قبولی,دامپزشکی روزانه و شبانه اهواز و همدان و آزاد بابل,دامپزشکی آزاد سنندج
1404,تجربی,help-2368-111,2368,IMG_20261001_063638_831.jpg,68619,5042,سهمیه 5٪,7284,قبولی,دامپزشکی آزاد تبریز (مرد),دامپزشکی آزاد تبریز (مرد)
1404,تجربی,help-2368-111,2368,IMG_20261001_063638_831.jpg,68619,5042,سهمیه 5٪,7284,عدم قبولی,دامپزشکی روزانه تبریز و ارومیه و شیراز و کرمانشاه و همدان,دامپزشکی آزاد تبریز (مرد)
1404,تجربی,help-2368-112,2368,IMG_20261001_063638_831.jpg,91224,6653,سهمیه 5٪,6859,قبولی,دامپزشکی آزاد شوشتر (مرد),دامپزشکی آزاد شوشتر (مرد)
1404,تجربی,help-2368-112,2368,IMG_20261001_063638_831.jpg,91224,6653,سهمیه 5٪,6859,عدم قبولی,دامپزشکی روزانه و شبانه اهواز,دامپزشکی آزاد شوشتر (مرد)
1404,تجربی,help-2369-113,2369,IMG_20261001_063631_053.jpg,23177,1466,سهمیه 5٪,8567,قبولی,پزشکی روزانه زنجان (بومی - مرد),پزشکی روزانه زنجان (بومی - مرد)
1404,تجربی,help-2369-113,2369,IMG_20261001_063631_053.jpg,23177,1466,سهمیه 5٪,8567,عدم قبولی,پزشکی روزانه قزوین,پزشکی روزانه زنجان (بومی - مرد)
1404,تجربی,help-2369-114,2369,IMG_20261001_063631_053.jpg,24364,1565,سهمیه 5٪,8522,قبولی,پزشکی روزانه بهبهان (بومی - زن),پزشکی روزانه بهبهان (بومی - زن)
1404,تجربی,help-2369-114,2369,IMG_20261001_063631_053.jpg,24364,1565,سهمیه 5٪,8522,عدم قبولی,دارو روزانه اهواز,پزشکی روزانه بهبهان (بومی - زن)
1404,تجربی,help-2369-115,2369,IMG_20261001_063631_053.jpg,26796,1784,سهمیه 5٪,8429,قبولی,پزشکی روزانه همدان (بومی - مرد),پزشکی روزانه همدان (بومی - مرد)
1404,تجربی,help-2369-115,2369,IMG_20261001_063631_053.jpg,26796,1784,سهمیه 5٪,8429,عدم قبولی,پزشکی روزانه کرمانشاه,پزشکی روزانه همدان (بومی - مرد)
1404,تجربی,help-2369-116,2369,IMG_20261001_063631_053.jpg,33181,2300,سهمیه 5٪,8208,قبولی,پزشکی روزانه زاهدان2 (بومی - غیربومی),پزشکی روزانه زاهدان2 (بومی - غیربومی)
1404,تجربی,help-2369-116,2369,IMG_20261001_063631_053.jpg,33181,2300,سهمیه 5٪,8208,عدم قبولی,پزشکی روزانه لارستان و گراش و سراوان و خوی و ایلام و آبادان,پزشکی روزانه زاهدان2 (بومی - غیربومی)
1404,تجربی,help-2369-117,2369,IMG_20261001_063631_053.jpg,34310,2394,سهمیه 5٪,8170,قبولی,پزشکی شهریه پرداز ساوه (زن),پزشکی شهریه پرداز ساوه (زن)
1404,تجربی,help-2369-117,2369,IMG_20261001_063631_053.jpg,34310,2394,سهمیه 5٪,8170,عدم قبولی,پزشکی روزانه ساوه,پزشکی شهریه پرداز ساوه (زن)
1404,تجربی,help-2369-118,2369,IMG_20261001_063631_053.jpg,35337,2477,سهمیه 5٪,8134,قبولی,پزشکی روزانه تربت حیدریه (غیربومی),پزشکی روزانه تربت حیدریه (غیربومی)
1404,تجربی,help-2369-118,2369,IMG_20261001_063631_053.jpg,35337,2477,سهمیه 5٪,8134,عدم قبولی,پزشکی روزانه آبادان و ایلام و سبزوار,پزشکی روزانه تربت حیدریه (غیربومی)
1404,تجربی,help-2369-119,2369,IMG_20261001_063631_053.jpg,36263,2556,سهمیه 5٪,8104,قبولی,پزشکی روزانه زاهدان1 (غیربومی),پزشکی روزانه زاهدان1 (غیربومی)
1404,تجربی,help-2369-119,2369,IMG_20261001_063631_053.jpg,36263,2556,سهمیه 5٪,8104,عدم قبولی,پزشکی روزانه جیرفت و بم,پزشکی روزانه زاهدان1 (غیربومی)
1404,تجربی,help-2369-120,2369,IMG_20261001_063631_053.jpg,38289,2731,سهمیه 5٪,8042,قبولی,پزشکی آزاد خودگردان تهران1,پزشکی آزاد خودگردان تهران1
1404,تجربی,help-2369-120,2369,IMG_20261001_063631_053.jpg,38289,2731,سهمیه 5٪,8042,عدم قبولی,پزشکی آزاد تمام وقت تهران,پزشکی آزاد خودگردان تهران1
1404,تجربی,help-2369-121,2369,IMG_20261001_063631_053.jpg,41858,3028,سهمیه 5٪,7938,قبولی,پزشکی آزاد ارومیه1,پزشکی آزاد ارومیه1
1404,تجربی,help-2369-121,2369,IMG_20261001_063631_053.jpg,41858,3028,سهمیه 5٪,7938,عدم قبولی,پزشکی آزاد تبریز,پزشکی آزاد ارومیه1
1404,تجربی,help-2369-122,2369,IMG_20261001_063631_053.jpg,105041,930,سهمیه 25٪,6633,قبولی,پزشکی روزانه شاهرود2 (غیربومی),پزشکی روزانه شاهرود2 (غیربومی)
1404,تجربی,help-2369-122,2369,IMG_20261001_063631_053.jpg,105041,930,سهمیه 25٪,6633,عدم قبولی,پزشکی روزانه گرگان و ساری و بابل,پزشکی روزانه شاهرود2 (غیربومی)
1404,تجربی,help-2369-123,2369,IMG_20261001_063631_053.jpg,107553,984,سهمیه 25٪,6595,قبولی,پزشکی روزانه بهبهان (زن),پزشکی روزانه بهبهان (زن)
1404,تجربی,help-2369-123,2369,IMG_20261001_063631_053.jpg,107553,984,سهمیه 25٪,6595,عدم قبولی,پزشکی روزانه دزفول و شاهرود و بجنورد,پزشکی روزانه بهبهان (زن)
1404,تجربی,help-2370-124,2370,IMG_20261001_063625_490.jpg,17292,7658,منطقه 2,8825,قبولی,اتاق عمل شهریه پرداز بهشتی,اتاق عمل شهریه پرداز بهشتی
1404,تجربی,help-2370-124,2370,IMG_20261001_063625_490.jpg,17292,7658,منطقه 2,8825,عدم قبولی,رادیولوژی پردیس بهشتی,اتاق عمل شهریه پرداز بهشتی
1404,تجربی,help-2370-125,2370,IMG_20261001_063625_490.jpg,28834,8093,منطقه 3,8356,قبولی,اتاق عمل روزانه کرج (بومی تهران - زن),اتاق عمل روزانه کرج (بومی تهران - زن)
1404,تجربی,help-2370-125,2370,IMG_20261001_063625_490.jpg,28834,8093,منطقه 3,8356,عدم قبولی,اتاق عمل روزانه تهران و ایران و بهشتی,اتاق عمل روزانه کرج (بومی تهران - زن)
1404,تجربی,help-2370-126,2370,IMG_20261001_063625_490.jpg,41990,18373,منطقه 2,7934,قبولی,اتاق عمل روزانه بندرعباس (بومی فارس - زن),اتاق عمل روزانه بندرعباس (بومی فارس - زن)
1404,تجربی,help-2370-126,2370,IMG_20261001_063625_490.jpg,41990,18373,منطقه 2,7934,عدم قبولی,پرستاری روزانه فسا و جهرم,اتاق عمل روزانه بندرعباس (بومی فارس - زن)
1404,تجربی,help-2370-127,2370,IMG_20261001_063625_490.jpg,47295,14114,منطقه 3,7786,قبولی,اتاق عمل روزانه بهبهان (بومی - مرد),اتاق عمل روزانه بهبهان (بومی - مرد)
1404,تجربی,help-2370-127,2370,IMG_20261001_063625_490.jpg,47295,14114,منطقه 3,7786,عدم قبولی,اتاق عمل روزانه اهواز و دزفول و آبادان و رادیولوژی های خوزستان,اتاق عمل روزانه بهبهان (بومی - مرد)
1404,تجربی,help-2370-128,2370,IMG_20261001_063625_490.jpg,114476,8364,سهمیه 5٪,6490,قبولی,اتاق عمل روزانه مهاباد (زن),اتاق عمل روزانه مهاباد (زن)
1404,تجربی,help-2370-128,2370,IMG_20261001_063625_490.jpg,114476,8364,سهمیه 5٪,6490,عدم قبولی,اتاق عمل روزانه تبریز و مراغه و ارومیه,اتاق عمل روزانه مهاباد (زن)
1404,تجربی,help-2370-129,2370,IMG_20261001_063625_490.jpg,156634,11588,سهمیه 5٪,5921,قبولی,اتاق عمل روزانه چابهار (زن),اتاق عمل روزانه چابهار (زن)
1404,تجربی,help-2370-129,2370,IMG_20261001_063625_490.jpg,156634,11588,سهمیه 5٪,5921,عدم قبولی,پرستاری روزانه چابهار,اتاق عمل روزانه چابهار (زن)
1404,تجربی,help-2372-130,2372,IMG_20261001_063619_820.jpg,17030,4928,منطقه 1,8837,قبولی,علوم تغذیه شهریه پرداز همدان,علوم تغذیه شهریه پرداز همدان
1404,تجربی,help-2372-130,2372,IMG_20261001_063619_820.jpg,17030,4928,منطقه 1,8837,عدم قبولی,علوم تغذیه پردیس بهشتی و کاشان,علوم تغذیه شهریه پرداز همدان
1404,تجربی,help-2372-131,2372,IMG_20261001_063619_820.jpg,19555,8667,منطقه 2,8721,قبولی,علوم تغذیه شهریه پرداز تبریز,علوم تغذیه شهریه پرداز تبریز
1404,تجربی,help-2372-131,2372,IMG_20261001_063619_820.jpg,19555,8667,منطقه 2,8721,عدم قبولی,علوم تغذیه پردیس بهشتی و همدان,علوم تغذیه شهریه پرداز تبریز
1404,تجربی,help-2372-132,2372,IMG_20261001_063619_820.jpg,21894,6185,منطقه 1,8621,قبولی,علوم تغذیه روزانه گرگان,علوم تغذیه روزانه گرگان
1404,تجربی,help-2372-132,2372,IMG_20261001_063619_820.jpg,21894,6185,منطقه 1,8621,عدم قبولی,علوم تغذیه روزانه اصفهان و شیراز و تبریز و ساری و کاشان,علوم تغذیه روزانه گرگان
1404,تجربی,help-2372-133,2372,IMG_20261001_063619_820.jpg,24201,10693,منطقه 2,8528,قبولی,رادیولوژی روزانه اراک (بومی - مرد),رادیولوژی روزانه اراک (بومی - مرد)
1404,تجربی,help-2372-133,2372,IMG_20261001_063619_820.jpg,24201,10693,منطقه 2,8528,عدم قبولی,رادیولوژی روزانه و شهریه پرداز اصفهان و قم,رادیولوژی روزانه اراک (بومی - مرد)
1404,تجربی,help-2372-134,2372,IMG_20261001_063619_820.jpg,26078,11534,منطقه 2,8455,قبولی,رادیولوژی روزانه شاهرود (بومی - زن),رادیولوژی روزانه شاهرود (بومی - زن)
1404,تجربی,help-2372-134,2372,IMG_20261001_063619_820.jpg,26078,11534,منطقه 2,8455,عدم قبولی,رادیولوژی روزانه اصفهان و قم,رادیولوژی روزانه شاهرود (بومی - زن)
1404,تجربی,help-2372-135,2372,IMG_20261001_063619_820.jpg,27585,7708,منطقه 3,8401,قبولی,رادیولوژی روزانه قم2 (بومی - زن),رادیولوژی روزانه قم2 (بومی - زن)
1404,تجربی,help-2372-135,2372,IMG_20261001_063619_820.jpg,27585,7708,منطقه 3,8401,عدم قبولی,کل کاردرمانی ها,رادیولوژی روزانه قم2 (بومی - زن)
1404,تجربی,help-2372-136,2372,IMG_20261001_063619_820.jpg,28222,7901,منطقه 3,8377,قبولی,علوم تغذیه شهریه پرداز همدان,علوم تغذیه شهریه پرداز همدان
1404,تجربی,help-2372-136,2372,IMG_20261001_063619_820.jpg,28222,7901,منطقه 3,8377,عدم قبولی,علوم تغذیه روزانه زنجان و همدان,علوم تغذیه شهریه پرداز همدان
1404,تجربی,help-2372-137,2372,IMG_20261001_063619_820.jpg,28622,8032,منطقه 3,8363,قبولی,رادیولوژی شهریه پرداز اهواز,رادیولوژی شهریه پرداز اهواز
1404,تجربی,help-2372-137,2372,IMG_20261001_063619_820.jpg,28622,8032,منطقه 3,8363,عدم قبولی,رادیولوژی روزانه اهواز,رادیولوژی شهریه پرداز اهواز
1404,تجربی,help-2372-138,2372,IMG_20261001_063619_820.jpg,30034,8475,منطقه 3,8314,قبولی,رادیولوژی شهریه پرداز شهرکرد,رادیولوژی شهریه پرداز شهرکرد
1404,تجربی,help-2372-138,2372,IMG_20261001_063619_820.jpg,30034,8475,منطقه 3,8314,عدم قبولی,رادیولوژی پردیس همدان و کرمانشاه و کاشان,رادیولوژی شهریه پرداز شهرکرد
1404,تجربی,help-2372-139,2372,IMG_20261001_063619_820.jpg,32185,9115,منطقه 3,8240,قبولی,علوم تغذیه روزانه یاسوج,علوم تغذیه روزانه یاسوج
1404,تجربی,help-2372-139,2372,IMG_20261001_063619_820.jpg,32185,9115,منطقه 3,8240,عدم قبولی,علوم تغذیه روزانه اهواز و ساری و کاشان,علوم تغذیه روزانه یاسوج
1404,تجربی,help-2372-140,2372,IMG_20261001_063619_820.jpg,46908,20398,منطقه 2,7796,قبولی,علوم تغذیه آزاد قوچان,علوم تغذیه آزاد قوچان
1404,تجربی,help-2372-140,2372,IMG_20261001_063619_820.jpg,46908,20398,منطقه 2,7796,عدم قبولی,علوم تغذیه آزاد مرند,علوم تغذیه آزاد قوچان
1404,تجربی,help-2372-141,2372,IMG_20261001_063619_820.jpg,49393,3619,سهمیه 5٪,7717,قبولی,رادیولوژی روزانه تبریز,رادیولوژی روزانه تبریز
1404,تجربی,help-2372-141,2372,IMG_20261001_063619_820.jpg,49393,3619,سهمیه 5٪,7717,عدم قبولی,شنوایی شناسی روزانه تبریز,رادیولوژی روزانه تبریز
1404,تجربی,help-2372-142,2372,IMG_20261001_063619_820.jpg,51202,3715,سهمیه 5٪,7684,قبولی,رادیولوژی روزانه اهواز,رادیولوژی روزانه اهواز
1404,تجربی,help-2372-142,2372,IMG_20261001_063619_820.jpg,51202,3715,سهمیه 5٪,7684,عدم قبولی,رادیولوژی روزانه اصفهان,رادیولوژی روزانه اهواز
1404,تجربی,help-2372-143,2372,IMG_20261001_063619_820.jpg,66519,20880,منطقه 3,7329,قبولی,علوم تغذیه غیرانتفاعی وارستگان مشهد,علوم تغذیه غیرانتفاعی وارستگان مشهد
1404,تجربی,help-2372-143,2372,IMG_20261001_063619_820.jpg,66519,20880,منطقه 3,7329,عدم قبولی,علوم تغذیه آزاد سروستان و قوچان و مرند و مراغه,علوم تغذیه غیرانتفاعی وارستگان مشهد
1404,تجربی,help-2372-144,2372,IMG_20261001_063619_820.jpg,65614,4823,سهمیه 5٪,7347,قبولی,علوم تغذیه شهریه پرداز زنجان,علوم تغذیه شهریه پرداز زنجان
1404,تجربی,help-2372-144,2372,IMG_20261001_063619_820.jpg,65614,4823,سهمیه 5٪,7347,عدم قبولی,علوم تغذیه روزانه تبریز,علوم تغذیه شهریه پرداز زنجان
1404,تجربی,help-2372-145,2372,IMG_20261001_063619_820.jpg,85674,6250,سهمیه 5٪,6956,قبولی,رادیولوژی شهریه پرداز بهبهان (مرد),رادیولوژی شهریه پرداز بهبهان (مرد)
1404,تجربی,help-2372-145,2372,IMG_20261001_063619_820.jpg,85674,6250,سهمیه 5٪,6956,عدم قبولی,رادیولوژی روزانه بهبهان,رادیولوژی شهریه پرداز بهبهان (مرد)
1403,تجربی,help-2373-146,2373,IMG_20261001_063617_166.jpg,16849,7429,منطقه 2,8982,قبولی,علوم تغذیه روزانه اصفهان,علوم تغذیه روزانه اصفهان
1403,تجربی,help-2373-146,2373,IMG_20261001_063617_166.jpg,16849,7429,منطقه 2,8982,عدم قبولی,علوم تغذیه روزانه بهشتی,علوم تغذیه روزانه اصفهان
1403,تجربی,help-2373-147,2373,IMG_20261001_063617_166.jpg,23223,6274,منطقه 3,8716,قبولی,رادیولوژی روزانه زنجان (بومی - دختر),رادیولوژی روزانه زنجان (بومی - دختر)
1403,تجربی,help-2373-147,2373,IMG_20261001_063617_166.jpg,23223,6274,منطقه 3,8716,عدم قبولی,رادیولوژی روزانه تبریز و ایران,رادیولوژی روزانه زنجان (بومی - دختر)
1403,تجربی,help-2373-148,2373,IMG_20261001_063617_166.jpg,23582,6401,منطقه 3,8702,قبولی,رادیولوژی روزانه اردبیل (بومی - دختر),رادیولوژی روزانه اردبیل (بومی - دختر)
1403,تجربی,help-2373-148,2373,IMG_20261001_063617_166.jpg,23582,6401,منطقه 3,8702,عدم قبولی,شنوایی شناسی روزانه تبریز,رادیولوژی روزانه اردبیل (بومی - دختر)
1403,تجربی,help-2373-149,2373,IMG_20261001_063617_166.jpg,27147,7559,منطقه 3,8578,قبولی,رادیولوژی روزانه اردبیل (بومی - دختر),رادیولوژی روزانه اردبیل (بومی - دختر)
1403,تجربی,help-2373-149,2373,IMG_20261001_063617_166.jpg,27147,7559,منطقه 3,8578,عدم قبولی,رادیولوژی روزانه ارومیه,رادیولوژی روزانه اردبیل (بومی - دختر)
1403,تجربی,help-2373-150,2373,IMG_20261001_063617_166.jpg,31686,8945,منطقه 3,8427,قبولی,علوم تغذیه روزانه اراک,علوم تغذیه روزانه اراک
1403,تجربی,help-2373-150,2373,IMG_20261001_063617_166.jpg,31686,8945,منطقه 3,8427,عدم قبولی,علوم تغذیه روزانه یزد,علوم تغذیه روزانه اراک
1403,تجربی,help-2373-151,2373,IMG_20261001_063617_166.jpg,32869,9313,منطقه 3,8390,قبولی,رادیولوژی روزانه بوشهر (بومی - دختر),رادیولوژی روزانه بوشهر (بومی - دختر)
1403,تجربی,help-2373-151,2373,IMG_20261001_063617_166.jpg,32869,9313,منطقه 3,8390,عدم قبولی,رادیولوژی روزانه شیراز,رادیولوژی روزانه بوشهر (بومی - دختر)
1403,تجربی,help-2373-152,2373,IMG_20261001_063617_166.jpg,34452,9853,منطقه 3,8341,قبولی,علوم تغذیه روزانه کرمان,علوم تغذیه روزانه کرمان
1403,تجربی,help-2373-152,2373,IMG_20261001_063617_166.jpg,34452,9853,منطقه 3,8341,عدم قبولی,کل کاردرمانی های کشور,علوم تغذیه روزانه کرمان
1403,تجربی,help-2373-153,2373,IMG_20261001_063617_166.jpg,36093,15696,منطقه 2,8293,قبولی,علوم تغذیه روزانه زابل,علوم تغذیه روزانه زابل
1403,تجربی,help-2373-153,2373,IMG_20261001_063617_166.jpg,36093,15696,منطقه 2,8293,عدم قبولی,علوم تغذیه روزانه کرمان و سمنان و زنجان و بوشهر و خلخال,علوم تغذیه روزانه زابل
1403,تجربی,help-2373-154,2373,IMG_20261001_063617_166.jpg,36347,15797,منطقه 2,8286,قبولی,علوم تغذیه آزاد قوچان,علوم تغذیه آزاد قوچان
1403,تجربی,help-2373-154,2373,IMG_20261001_063617_166.jpg,36347,15797,منطقه 2,8286,عدم قبولی,علوم تغذیه آزاد علوم تحقیقات,علوم تغذیه آزاد قوچان
1403,تجربی,help-2373-155,2373,IMG_20261001_063617_166.jpg,48315,3953,سهمیه 5٪,7964,قبولی,رادیولوژی روزانه ارومیه (بومی - دختر),رادیولوژی روزانه ارومیه (بومی - دختر)
1403,تجربی,help-2373-155,2373,IMG_20261001_063617_166.jpg,48315,3953,سهمیه 5٪,7964,عدم قبولی,رادیولوژی روزانه تبریز,رادیولوژی روزانه ارومیه (بومی - دختر)
1403,تجربی,help-2373-156,2373,IMG_20261001_063617_166.jpg,56147,4664,سهمیه 5٪,7774,قبولی,رادیولوژی روزانه بندرعباس (بومی - دختر),رادیولوژی روزانه بندرعباس (بومی - دختر)
1403,تجربی,help-2373-156,2373,IMG_20261001_063617_166.jpg,56147,4664,سهمیه 5٪,7774,عدم قبولی,شنوایی شناسی پردیس زاهدان - رادیولوژی روزانه بوشهر,رادیولوژی روزانه بندرعباس (بومی - دختر)
1403,تجربی,help-2373-157,2373,IMG_20261001_063617_166.jpg,66759,5611,سهمیه 5٪,7549,قبولی,رادیولوژی روزانه لنگرود (غیربومی - پسر),رادیولوژی روزانه لنگرود (غیربومی - پسر)
1403,تجربی,help-2373-157,2373,IMG_20261001_063617_166.jpg,66759,5611,سهمیه 5٪,7549,عدم قبولی,کل کاردرمانی - اعضای مصنوعی های کشور - رادیولوژی روزانه خرم آباد و اهواز و زنجان و یزد و کرمانشاه,رادیولوژی روزانه لنگرود (غیربومی - پسر)
1403,تجربی,help-2373-158,2373,IMG_20261001_063617_166.jpg,113009,9593,سهمیه 5٪,6803,قبولی,علوم تغذیه غیرانتفاعی وارستگان,علوم تغذیه غیرانتفاعی وارستگان
1403,تجربی,help-2373-158,2373,IMG_20261001_063617_166.jpg,113009,9593,سهمیه 5٪,6803,عدم قبولی,علوم تغذیه پردیس کاشان و اهواز,علوم تغذیه غیرانتفاعی وارستگان