پیام تلگرام,تاریخ,موضوع,اسلاید,وضعیت استخراج
2349,2026-09-19,پزشکی,1,تصویرمحور - بازسازی از پست‌های منبع در حال انجام
2351,2026-09-19,پزشکی,2,تصویرمحور - بازسازی از پست‌های منبع در حال انجام
2352,2026-09-19,پزشکی,3,تصویرمحور - بازسازی از پست‌های منبع در حال انجام
2358,2026-09-21,پرستاری,1,تصویرمحور - بازسازی از پست‌های منبع در حال انجام
2359,2026-09-21,پرستاری,2,تصویرمحور - بازسازی از پست‌های منبع در حال انجام
2360,2026-09-21,پرستاری,3,تصویرمحور - بازسازی از پست‌های منبع در حال انجام
2363,2026-09-22,دندانپزشکی,1,تصویرمحور - بازسازی از پست‌های منبع در حال انجام
2364,2026-09-22,دندانپزشکی,2,تصویرمحور - بازسازی از پست‌های منبع در حال انجام
2367,2026-09-23,داروسازی,تک‌اسلایدی,تصویرمحور - بازسازی از پست‌های منبع در حال انجام
2368,2026-09-25,فیزیوتراپی و دامپزشکی,تک‌اسلایدی,تصویرمحور - بازسازی از پست‌های منبع در حال انجام
2369,2026-09-26,پزشکی سهمیه 5٪ و 25٪,تک‌اسلایدی,تصویرمحور - بازسازی از پست‌های منبع در حال انجام
2370,2026-09-27,اتاق عمل و هوشبری,تک‌اسلایدی,تصویرمحور - بازسازی از پست‌های منبع در حال انجام
2372,2026-09-29,تغذیه و رادیولوژی 1404,تک‌اسلایدی,تصویرمحور - بازسازی از پست‌های منبع در حال انجام
2373,2026-09-29,تغذیه و رادیولوژی 1403,تک‌اسلایدی,تصویرمحور - بازسازی از پست‌های منبع در حال انجام
