year,major,university,campus,program_type,admission_category,capacity,source_row_count
1404,داروسازی,دانشگاه آزاد اسالمی استان تهران - واحد پزشکی تهران,,آزاد,عادی,80,2
1404,داروسازی,دانشگاه آزاد اسالمی استان تهران - واحد پزشکی تهران,,خودگردان دانشگاه آزاد,عادی,20,2
1404,داروسازی,دانشگاه آزاد اسالمی استان سمنان - واحد دامغان,,آزاد,عادی,20,1
1404,داروسازی,دانشگاه آزاد اسالمی استان مازندران - واحد آیت ا... آملی,,آزاد,عادی,25,1
1404,داروسازی,دانشگاه علوم پزشکی اردبیل,,روزانه,بورسیه / شرایط خاص,1,1
1404,داروسازی,دانشگاه علوم پزشکی اردبیل,,روزانه,عادی,20,1
1404,داروسازی,دانشگاه علوم پزشکی اردبیل,,شهریه‌پرداز,عادی,4,1
1404,داروسازی,دانشگاه علوم پزشکی ارومیه,,در جدول ذکر نشده,تعهد خدمت,6,1
1404,داروسازی,دانشگاه علوم پزشکی ارومیه,,روزانه,عادی,19,1
1404,داروسازی,دانشگاه علوم پزشکی ارومیه,,شهریه‌پرداز,عادی,5,1
1404,داروسازی,دانشگاه علوم پزشکی اصفهان,,در جدول ذکر نشده,تعهد خدمت,2,1
1404,داروسازی,دانشگاه علوم پزشکی اصفهان,,روزانه,عادی,53,1
1404,داروسازی,دانشگاه علوم پزشکی اصفهان,,شهریه‌پرداز,عادی,10,1
1404,داروسازی,دانشگاه علوم پزشکی البرز,,روزانه,عادی,20,1
1404,داروسازی,دانشگاه علوم پزشکی البرز,,شهریه‌پرداز,عادی,5,1
1404,داروسازی,دانشگاه علوم پزشکی ایران,,روزانه,عادی,25,1
1404,داروسازی,دانشگاه علوم پزشکی ایران,,شهریه‌پرداز,عادی,5,1
1404,داروسازی,دانشگاه علوم پزشکی بابل,,روزانه,عادی,20,1
1404,داروسازی,دانشگاه علوم پزشکی بقیهاله(عج) - تهران,,روزانه,بورسیه / شرایط خاص,32,3
1404,داروسازی,دانشگاه علوم پزشکی بندرعباس,,در جدول ذکر نشده,تعهد خدمت,7,1
1404,داروسازی,دانشگاه علوم پزشکی بندرعباس,,روزانه,عادی,18,1
1404,داروسازی,دانشگاه علوم پزشکی بندرعباس,,شهریه‌پرداز,عادی,5,1
1404,داروسازی,دانشگاه علوم پزشکی بیرجند,,روزانه,عادی,25,1
1404,داروسازی,دانشگاه علوم پزشکی بیرجند,,شهریه‌پرداز,عادی,5,1
1404,داروسازی,دانشگاه علوم پزشکی تبریز,,روزانه,عادی,60,2
1404,داروسازی,دانشگاه علوم پزشکی تبریز,,شهریه‌پرداز,عادی,20,2
1404,داروسازی,دانشگاه علوم پزشکی تهران,,روزانه,عادی,90,1
1404,داروسازی,دانشگاه علوم پزشکی تهران,,شهریه‌پرداز,عادی,30,1
1404,داروسازی,دانشگاه علوم پزشکی جندیشاپور,,در جدول ذکر نشده,تعهد خدمت,16,2
1404,داروسازی,دانشگاه علوم پزشکی جندیشاپور,,روزانه,بورسیه / شرایط خاص,1,1
1404,داروسازی,دانشگاه علوم پزشکی جندیشاپور,,روزانه,عادی,36,1
1404,داروسازی,دانشگاه علوم پزشکی جندیشاپور,,شهریه‌پرداز,عادی,7,1
1404,داروسازی,دانشگاه علوم پزشکی زابل,,در جدول ذکر نشده,تعهد خدمت,36,4
1404,داروسازی,دانشگاه علوم پزشکی زابل,,روزانه,عادی,7,1
1404,داروسازی,دانشگاه علوم پزشکی زابل,,شهریه‌پرداز,عادی,2,1
1404,داروسازی,دانشگاه علوم پزشکی زنجان,,روزانه,عادی,45,2
1404,داروسازی,دانشگاه علوم پزشکی زنجان,,شهریه‌پرداز,عادی,10,2
1404,داروسازی,دانشگاه علوم پزشکی سمنان,,در جدول ذکر نشده,تعهد خدمت,2,1
1404,داروسازی,دانشگاه علوم پزشکی سمنان,,روزانه,عادی,14,1
1404,داروسازی,دانشگاه علوم پزشکی سمنان,,شهریه‌پرداز,عادی,4,1
1404,داروسازی,دانشگاه علوم پزشکی شهید بهشتی,,روزانه,بورسیه / شرایط خاص,1,1
1404,داروسازی,دانشگاه علوم پزشکی شهید بهشتی,,روزانه,عادی,54,1
1404,داروسازی,دانشگاه علوم پزشکی شهید بهشتی,,شهریه‌پرداز,عادی,15,1
1404,داروسازی,دانشگاه علوم پزشکی شیراز,,در جدول ذکر نشده,تعهد خدمت,6,3
1404,داروسازی,دانشگاه علوم پزشکی شیراز,,روزانه,عادی,52,1
1404,داروسازی,دانشگاه علوم پزشکی شیراز,,شهریه‌پرداز,عادی,12,1
1404,داروسازی,دانشگاه علوم پزشکی لرستان,,در جدول ذکر نشده,تعهد خدمت,5,1
1404,داروسازی,دانشگاه علوم پزشکی لرستان,,روزانه,بورسیه / شرایط خاص,1,1
1404,داروسازی,دانشگاه علوم پزشکی لرستان,,روزانه,عادی,10,1
1404,داروسازی,دانشگاه علوم پزشکی لرستان,,شهریه‌پرداز,عادی,4,1
1404,داروسازی,دانشگاه علوم پزشکی مازندران,,روزانه,عادی,40,1
1404,داروسازی,دانشگاه علوم پزشکی مازندران,محل تحصیل پردیس خودگردان دانشگاه واقع در شهر رامسر,شهریه‌پرداز,عادی,20,1
1404,داروسازی,دانشگاه علوم پزشکی مشهد,,در جدول ذکر نشده,تعهد خدمت,7,3
1404,داروسازی,دانشگاه علوم پزشکی مشهد,,روزانه,عادی,65,2
1404,داروسازی,دانشگاه علوم پزشکی مشهد,,شهریه‌پرداز,عادی,18,2
1404,داروسازی,دانشگاه علوم پزشکی همدان,,در جدول ذکر نشده,تعهد خدمت,10,1
1404,داروسازی,دانشگاه علوم پزشکی همدان,,روزانه,عادی,20,1
1404,داروسازی,دانشگاه علوم پزشکی همدان,,شهریه‌پرداز,عادی,10,1
1404,داروسازی,دانشگاه علوم پزشکی کرمان,,روزانه,عادی,40,1
1404,داروسازی,دانشگاه علوم پزشکی کرمان,,شهریه‌پرداز,عادی,15,1
1404,داروسازی,دانشگاه علوم پزشکی کرمانشاه,,روزانه,عادی,35,1
1404,داروسازی,دانشگاه علوم پزشکی کرمانشاه,,شهریه‌پرداز,عادی,10,1
1404,داروسازی,دانشگاه علوم پزشکی گیالن,,روزانه,عادی,30,1
1404,داروسازی,دانشگاه علوم پزشکی گیالن,,شهریه‌پرداز,عادی,5,1
1404,داروسازی,دانشگاه علوم پزشکی یزد,,روزانه,بورسیه / شرایط خاص,1,1
1404,داروسازی,دانشگاه علوم پزشکی یزد,,روزانه,عادی,19,1
1404,داروسازی,دانشگاه علوم پزشکی یزد,,شهریه‌پرداز,عادی,5,1
1404,دندانپزشکی,دانشگاه آزاد اسالمی استان اصفهان - واحد خوراسگان,,آزاد,عادی,121,2
1404,دندانپزشکی,دانشگاه آزاد اسالمی استان اصفهان - واحد خوراسگان,,خودگردان دانشگاه آزاد,عادی,10,2
1404,دندانپزشکی,دانشگاه آزاد اسالمی استان تهران - واحد پزشکی تهران,,آزاد,عادی,121,2
1404,دندانپزشکی,دانشگاه آزاد اسالمی استان تهران - واحد پزشکی تهران,,خودگردان دانشگاه آزاد,عادی,10,1
1404,دندانپزشکی,دانشگاه آزاد اسالمی استان فارس - واحد شیراز,,آزاد,عادی,43,1
1404,دندانپزشکی,دانشگاه آزاد اسالمی استان فارس - واحد شیراز,,خودگردان دانشگاه آزاد,عادی,2,1
1404,دندانپزشکی,دانشگاه آزاد اسالمی استان لرستان - واحد بروجرد,,آزاد,عادی,43,1
1404,دندانپزشکی,دانشگاه آزاد اسالمی استان لرستان - واحد بروجرد,,خودگردان دانشگاه آزاد,عادی,2,1
1404,دندانپزشکی,دانشگاه آزاد اسالمی واحد علوم پزشکی تبریز,,آزاد,عادی,46,1
1404,دندانپزشکی,دانشگاه آزاد اسالمی واحد علوم پزشکی تبریز,,خودگردان دانشگاه آزاد,عادی,2,1
1404,دندانپزشکی,دانشگاه شاهد - تهران,,روزانه,شرایط خاص,20,1
1404,دندانپزشکی,دانشگاه شاهد - تهران,,شهریه‌پرداز,شرایط خاص,4,1
1404,دندانپزشکی,دانشگاه علوم پزشکی اراک,,در جدول ذکر نشده,تعهد خدمت,19,3
1404,دندانپزشکی,دانشگاه علوم پزشکی اراک,,روزانه,بورسیه / شرایط خاص,1,1
1404,دندانپزشکی,دانشگاه علوم پزشکی اراک,,روزانه,عادی,10,1
1404,دندانپزشکی,دانشگاه علوم پزشکی ارتش جمهوری اسالمی ایران,,روزانه,بورسیه / شرایط خاص,46,7
1404,دندانپزشکی,دانشگاه علوم پزشکی اردبیل,,در جدول ذکر نشده,تعهد خدمت,18,4
1404,دندانپزشکی,دانشگاه علوم پزشکی اردبیل,,روزانه,بورسیه / شرایط خاص,1,1
1404,دندانپزشکی,دانشگاه علوم پزشکی اردبیل,,روزانه,عادی,39,2
1404,دندانپزشکی,دانشگاه علوم پزشکی اردبیل,,شهریه‌پرداز,عادی,2,2
1404,دندانپزشکی,دانشگاه علوم پزشکی ارومیه,,در جدول ذکر نشده,تعهد خدمت,25,4
1404,دندانپزشکی,دانشگاه علوم پزشکی ارومیه,,روزانه,بورسیه / شرایط خاص,1,1
1404,دندانپزشکی,دانشگاه علوم پزشکی ارومیه,,روزانه,عادی,27,1
1404,دندانپزشکی,دانشگاه علوم پزشکی ارومیه,,شهریه‌پرداز,عادی,2,1
1404,دندانپزشکی,دانشگاه علوم پزشکی اصفهان,,در جدول ذکر نشده,تعهد خدمت,35,4
1404,دندانپزشکی,دانشگاه علوم پزشکی اصفهان,,روزانه,عادی,65,1
1404,دندانپزشکی,دانشگاه علوم پزشکی اصفهان,,شهریه‌پرداز,عادی,5,1
1404,دندانپزشکی,دانشگاه علوم پزشکی البرز,,در جدول ذکر نشده,تعهد خدمت,23,1
1404,دندانپزشکی,دانشگاه علوم پزشکی البرز,,روزانه,عادی,38,1
1404,دندانپزشکی,دانشگاه علوم پزشکی البرز,,شهریه‌پرداز,عادی,2,1
1404,دندانپزشکی,دانشگاه علوم پزشکی ایالم,,در جدول ذکر نشده,تعهد خدمت,15,4
1404,دندانپزشکی,دانشگاه علوم پزشکی ایالم,,روزانه,بورسیه / شرایط خاص,1,1
1404,دندانپزشکی,دانشگاه علوم پزشکی ایالم,,روزانه,عادی,9,1
1404,دندانپزشکی,دانشگاه علوم پزشکی بابل,,در جدول ذکر نشده,تعهد خدمت,30,3
1404,دندانپزشکی,دانشگاه علوم پزشکی بابل,,روزانه,عادی,42,2
1404,دندانپزشکی,دانشگاه علوم پزشکی بندرعباس,,در جدول ذکر نشده,تعهد خدمت,24,4
1404,دندانپزشکی,دانشگاه علوم پزشکی بندرعباس,,روزانه,بورسیه / شرایط خاص,4,2
1404,دندانپزشکی,دانشگاه علوم پزشکی بندرعباس,,روزانه,عادی,4,1
1404,دندانپزشکی,دانشگاه علوم پزشکی بوشهر,,در جدول ذکر نشده,تعهد خدمت,17,2
1404,دندانپزشکی,دانشگاه علوم پزشکی بوشهر,,روزانه,بورسیه / شرایط خاص,3,1
1404,دندانپزشکی,دانشگاه علوم پزشکی بوشهر,,روزانه,عادی,7,1
1404,دندانپزشکی,دانشگاه علوم پزشکی بیرجند,,در جدول ذکر نشده,تعهد خدمت,38,6
1404,دندانپزشکی,دانشگاه علوم پزشکی بیرجند,,روزانه,عادی,16,2
1404,دندانپزشکی,دانشگاه علوم پزشکی بیرجند,,شهریه‌پرداز,عادی,1,1
1404,دندانپزشکی,دانشگاه علوم پزشکی تبریز,,در جدول ذکر نشده,تعهد خدمت,40,4
1404,دندانپزشکی,دانشگاه علوم پزشکی تبریز,,روزانه,بورسیه / شرایط خاص,1,1
1404,دندانپزشکی,دانشگاه علوم پزشکی تبریز,,روزانه,عادی,54,2
1404,دندانپزشکی,دانشگاه علوم پزشکی تبریز,,شهریه‌پرداز,عادی,5,2
1404,دندانپزشکی,دانشگاه علوم پزشکی تهران,,در جدول ذکر نشده,تعهد خدمت,41,5
1404,دندانپزشکی,دانشگاه علوم پزشکی تهران,,روزانه,عادی,60,1
1404,دندانپزشکی,دانشگاه علوم پزشکی تهران,,شهریه‌پرداز,عادی,10,1
1404,دندانپزشکی,دانشگاه علوم پزشکی جندیشاپور,,در جدول ذکر نشده,تعهد خدمت,51,6
1404,دندانپزشکی,دانشگاه علوم پزشکی جندیشاپور,,روزانه,بورسیه / شرایط خاص,4,2
1404,دندانپزشکی,دانشگاه علوم پزشکی جندیشاپور,,روزانه,عادی,42,1
1404,دندانپزشکی,دانشگاه علوم پزشکی جندیشاپور,,شهریه‌پرداز,عادی,3,1
1404,دندانپزشکی,دانشگاه علوم پزشکی خراسان شمالی,,در جدول ذکر نشده,تعهد خدمت,7,2
1404,دندانپزشکی,دانشگاه علوم پزشکی خراسان شمالی,,روزانه,عادی,18,1
1404,دندانپزشکی,دانشگاه علوم پزشکی رفسنجان,,در جدول ذکر نشده,تعهد خدمت,11,3
1404,دندانپزشکی,دانشگاه علوم پزشکی رفسنجان,,روزانه,عادی,20,1
1404,دندانپزشکی,دانشگاه علوم پزشکی زاهدان,,در جدول ذکر نشده,تعهد خدمت,58,9
1404,دندانپزشکی,دانشگاه علوم پزشکی زاهدان,,روزانه,بورسیه / شرایط خاص,3,1
1404,دندانپزشکی,دانشگاه علوم پزشکی زاهدان,,روزانه,عادی,18,2
1404,دندانپزشکی,دانشگاه علوم پزشکی زاهدان,,شهریه‌پرداز,عادی,1,1
1404,دندانپزشکی,دانشگاه علوم پزشکی زنجان,,در جدول ذکر نشده,تعهد خدمت,16,2
1404,دندانپزشکی,دانشگاه علوم پزشکی زنجان,,روزانه,عادی,33,1
1404,دندانپزشکی,دانشگاه علوم پزشکی زنجان,,شهریه‌پرداز,عادی,1,1
1404,دندانپزشکی,دانشگاه علوم پزشکی سمنان,,در جدول ذکر نشده,تعهد خدمت,23,2
1404,دندانپزشکی,دانشگاه علوم پزشکی سمنان,,روزانه,عادی,18,1
1404,دندانپزشکی,دانشگاه علوم پزشکی شهرکرد,,در جدول ذکر نشده,تعهد خدمت,9,3
1404,دندانپزشکی,دانشگاه علوم پزشکی شهرکرد,,روزانه,بورسیه / شرایط خاص,1,1
1404,دندانپزشکی,دانشگاه علوم پزشکی شهرکرد,,روزانه,عادی,16,1
1404,دندانپزشکی,دانشگاه علوم پزشکی شهید بهشتی,,در جدول ذکر نشده,تعهد خدمت,34,6
1404,دندانپزشکی,دانشگاه علوم پزشکی شهید بهشتی,,روزانه,عادی,70,2
1404,دندانپزشکی,دانشگاه علوم پزشکی شهید بهشتی,,شهریه‌پرداز,عادی,7,2
1404,دندانپزشکی,دانشگاه علوم پزشکی شیراز,,در جدول ذکر نشده,تعهد خدمت,40,5
1404,دندانپزشکی,دانشگاه علوم پزشکی شیراز,,روزانه,بورسیه / شرایط خاص,1,1
1404,دندانپزشکی,دانشگاه علوم پزشکی شیراز,,روزانه,عادی,54,1
1404,دندانپزشکی,دانشگاه علوم پزشکی شیراز,,شهریه‌پرداز,عادی,4,1
1404,دندانپزشکی,دانشگاه علوم پزشکی قزوین,,در جدول ذکر نشده,تعهد خدمت,13,2
1404,دندانپزشکی,دانشگاه علوم پزشکی قزوین,,روزانه,عادی,23,1
1404,دندانپزشکی,دانشگاه علوم پزشکی قزوین,,شهریه‌پرداز,عادی,1,1
1404,دندانپزشکی,دانشگاه علوم پزشکی قم,,در جدول ذکر نشده,تعهد خدمت,16,3
1404,دندانپزشکی,دانشگاه علوم پزشکی قم,,روزانه,عادی,18,1
1404,دندانپزشکی,دانشگاه علوم پزشکی لرستان,,در جدول ذکر نشده,تعهد خدمت,12,1
1404,دندانپزشکی,دانشگاه علوم پزشکی لرستان,,روزانه,عادی,13,1
1404,دندانپزشکی,دانشگاه علوم پزشکی مازندران,,در جدول ذکر نشده,تعهد خدمت,22,2
1404,دندانپزشکی,دانشگاه علوم پزشکی مازندران,,روزانه,عادی,22,1
1404,دندانپزشکی,دانشگاه علوم پزشکی مازندران,,شهریه‌پرداز,عادی,3,1
1404,دندانپزشکی,دانشگاه علوم پزشکی مشهد,,در جدول ذکر نشده,تعهد خدمت,48,7
1404,دندانپزشکی,دانشگاه علوم پزشکی مشهد,,روزانه,عادی,60,2
1404,دندانپزشکی,دانشگاه علوم پزشکی مشهد,,شهریه‌پرداز,عادی,5,2
1404,دندانپزشکی,دانشگاه علوم پزشکی همدان,,در جدول ذکر نشده,تعهد خدمت,31,4
1404,دندانپزشکی,دانشگاه علوم پزشکی همدان,,روزانه,عادی,40,1
1404,دندانپزشکی,دانشگاه علوم پزشکی همدان,,شهریه‌پرداز,عادی,3,1
1404,دندانپزشکی,دانشگاه علوم پزشکی کاشان,,در جدول ذکر نشده,تعهد خدمت,11,3
1404,دندانپزشکی,دانشگاه علوم پزشکی کاشان,,روزانه,بورسیه / شرایط خاص,1,1
1404,دندانپزشکی,دانشگاه علوم پزشکی کاشان,,روزانه,عادی,14,1
1404,دندانپزشکی,دانشگاه علوم پزشکی کردستان,,در جدول ذکر نشده,تعهد خدمت,17,1
1404,دندانپزشکی,دانشگاه علوم پزشکی کردستان,,روزانه,عادی,18,1
1404,دندانپزشکی,دانشگاه علوم پزشکی کرمان,,در جدول ذکر نشده,تعهد خدمت,31,7
1404,دندانپزشکی,دانشگاه علوم پزشکی کرمان,,روزانه,عادی,42,1
1404,دندانپزشکی,دانشگاه علوم پزشکی کرمان,,شهریه‌پرداز,عادی,2,1
1404,دندانپزشکی,دانشگاه علوم پزشکی کرمانشاه,,در جدول ذکر نشده,تعهد خدمت,41,4
1404,دندانپزشکی,دانشگاه علوم پزشکی کرمانشاه,,روزانه,عادی,29,1
1404,دندانپزشکی,دانشگاه علوم پزشکی کرمانشاه,,شهریه‌پرداز,عادی,2,1
1404,دندانپزشکی,دانشگاه علوم پزشکی گلستان,,در جدول ذکر نشده,تعهد خدمت,7,1
1404,دندانپزشکی,دانشگاه علوم پزشکی گلستان,,روزانه,عادی,15,1
1404,دندانپزشکی,دانشگاه علوم پزشکی گلستان,,شهریه‌پرداز,عادی,1,1
1404,دندانپزشکی,دانشگاه علوم پزشکی گیالن,,در جدول ذکر نشده,تعهد خدمت,20,5
1404,دندانپزشکی,دانشگاه علوم پزشکی گیالن,,روزانه,عادی,39,2
1404,دندانپزشکی,دانشگاه علوم پزشکی گیالن,محل تحصیل پردیس خودگردان واقع در بندر انزلی,شهریه‌پرداز,عادی,15,1
1404,دندانپزشکی,دانشگاه علوم پزشکی یاسوج,,در جدول ذکر نشده,تعهد خدمت,14,3
1404,دندانپزشکی,دانشگاه علوم پزشکی یاسوج,,روزانه,عادی,12,1
1404,دندانپزشکی,دانشگاه علوم پزشکی یزد,,در جدول ذکر نشده,تعهد خدمت,35,6
1404,دندانپزشکی,دانشگاه علوم پزشکی یزد,,روزانه,عادی,38,1
1404,دندانپزشکی,دانشگاه علوم پزشکی یزد,,شهریه‌پرداز,عادی,5,1
1404,فیزیوتراپی,دانشگاه علوم توانبخشی و سالمت اجتماعی تهران,,روزانه,عادی,15,1
1404,فیزیوتراپی,دانشگاه علوم توانبخشی و سالمت اجتماعی تهران,,شهریه‌پرداز,عادی,5,1
1404,فیزیوتراپی,دانشگاه علوم پزشکی اصفهان,,روزانه,عادی,15,1
1404,فیزیوتراپی,دانشگاه علوم پزشکی اصفهان,,شهریه‌پرداز,عادی,5,1
1404,فیزیوتراپی,دانشگاه علوم پزشکی ایران,,روزانه,عادی,15,1
1404,فیزیوتراپی,دانشگاه علوم پزشکی بابل,,روزانه,عادی,15,1
1404,فیزیوتراپی,دانشگاه علوم پزشکی بابل,,شهریه‌پرداز,عادی,10,1
1404,فیزیوتراپی,دانشگاه علوم پزشکی تبریز,,روزانه,بورسیه / شرایط خاص,4,1
1404,فیزیوتراپی,دانشگاه علوم پزشکی تبریز,,روزانه,عادی,11,1
1404,فیزیوتراپی,دانشگاه علوم پزشکی تبریز,,شهریه‌پرداز,عادی,3,1
1404,فیزیوتراپی,دانشگاه علوم پزشکی تهران,,روزانه,بورسیه / شرایط خاص,2,1
1404,فیزیوتراپی,دانشگاه علوم پزشکی تهران,,روزانه,عادی,10,1
1404,فیزیوتراپی,دانشگاه علوم پزشکی جندیشاپور,,روزانه,عادی,20,1
1404,فیزیوتراپی,دانشگاه علوم پزشکی جندیشاپور,,شهریه‌پرداز,عادی,5,1
1404,فیزیوتراپی,دانشگاه علوم پزشکی زاهدان,,روزانه,بورسیه / شرایط خاص,1,1
1404,فیزیوتراپی,دانشگاه علوم پزشکی زاهدان,,روزانه,عادی,22,1
1404,فیزیوتراپی,دانشگاه علوم پزشکی زاهدان,,شهریه‌پرداز,عادی,8,1
1404,فیزیوتراپی,دانشگاه علوم پزشکی سمنان,,روزانه,بورسیه / شرایط خاص,1,1
1404,فیزیوتراپی,دانشگاه علوم پزشکی سمنان,,روزانه,عادی,19,1
1404,فیزیوتراپی,دانشگاه علوم پزشکی شهرکرد,,روزانه,عادی,20,1
1404,فیزیوتراپی,دانشگاه علوم پزشکی شهید بهشتی,,روزانه,بورسیه / شرایط خاص,3,1
1404,فیزیوتراپی,دانشگاه علوم پزشکی شهید بهشتی,,روزانه,عادی,22,1
1404,فیزیوتراپی,دانشگاه علوم پزشکی شهید بهشتی,,شهریه‌پرداز,عادی,5,1
1404,فیزیوتراپی,دانشگاه علوم پزشکی شیراز,,روزانه,بورسیه / شرایط خاص,2,1
1404,فیزیوتراپی,دانشگاه علوم پزشکی شیراز,,روزانه,عادی,14,1
1404,فیزیوتراپی,دانشگاه علوم پزشکی شیراز,,شهریه‌پرداز,عادی,4,1
1404,فیزیوتراپی,دانشگاه علوم پزشکی مشهد,,روزانه,بورسیه / شرایط خاص,2,1
1404,فیزیوتراپی,دانشگاه علوم پزشکی مشهد,,روزانه,عادی,21,1
1404,فیزیوتراپی,دانشگاه علوم پزشکی مشهد,,شهریه‌پرداز,عادی,2,1
1404,فیزیوتراپی,دانشگاه علوم پزشکی همدان,,روزانه,عادی,17,1
1404,فیزیوتراپی,دانشگاه علوم پزشکی همدان,,شهریه‌پرداز,عادی,5,1
1404,فیزیوتراپی,دانشگاه علوم پزشکی کرمان,,روزانه,بورسیه / شرایط خاص,2,1
1404,فیزیوتراپی,دانشگاه علوم پزشکی کرمان,,روزانه,عادی,18,1
1404,فیزیوتراپی,دانشگاه علوم پزشکی کرمان,,شهریه‌پرداز,عادی,5,1
1404,فیزیوتراپی,دانشگاه علوم پزشکی کرمانشاه,,روزانه,بورسیه / شرایط خاص,2,1
1404,فیزیوتراپی,دانشگاه علوم پزشکی کرمانشاه,,روزانه,عادی,11,1
1404,فیزیوتراپی,دانشگاه علوم پزشکی کرمانشاه,,شهریه‌پرداز,عادی,3,1
1404,فیزیوتراپی,دانشگاه علوم پزشکی گیالن,,روزانه,عادی,15,1
1404,فیزیوتراپی,دانشگاه علوم پزشکی گیالن,,شهریه‌پرداز,عادی,3,1
1404,فیزیوتراپی,دانشگاه علوم پزشکی یزد,,روزانه,عادی,15,1
1404,پزشکی,دانشگاه آزاد اسالمی استان آذربایجان غربی - واحد ارومیه,,آزاد,عادی,33,1
1404,پزشکی,دانشگاه آزاد اسالمی استان آذربایجان غربی - واحد ارومیه,,خودگردان دانشگاه آزاد,عادی,8,1
1404,پزشکی,دانشگاه آزاد اسالمی استان اردبیل - واحد اردبیل,,آزاد,عادی,90,1
1404,پزشکی,دانشگاه آزاد اسالمی استان اردبیل - واحد اردبیل,,خودگردان دانشگاه آزاد,عادی,22,1
1404,پزشکی,دانشگاه آزاد اسالمی استان اصفهان - واحد نجفآباد,,آزاد,عادی,118,2
1404,پزشکی,دانشگاه آزاد اسالمی استان اصفهان - واحد نجفآباد,,خودگردان دانشگاه آزاد,عادی,29,2
1404,پزشکی,دانشگاه آزاد اسالمی استان تهران - واحد پزشکی تهران,,آزاد,عادی,333,2
1404,پزشکی,دانشگاه آزاد اسالمی استان تهران - واحد پزشکی تهران,,خودگردان دانشگاه آزاد,عادی,83,3
1404,پزشکی,دانشگاه آزاد اسالمی استان خراسان جنوبی - واحد بیرجند,,آزاد,عادی,21,1
1404,پزشکی,دانشگاه آزاد اسالمی استان خراسان شمالی - واحد بجنورد,,آزاد,عادی,41,2
1404,پزشکی,دانشگاه آزاد اسالمی استان خراسان شمالی - واحد بجنورد,,خودگردان دانشگاه آزاد,عادی,10,2
1404,پزشکی,دانشگاه آزاد اسالمی استان خوزستان - واحد اهواز,,آزاد,عادی,41,1
1404,پزشکی,دانشگاه آزاد اسالمی استان خوزستان - واحد اهواز,,خودگردان دانشگاه آزاد,عادی,10,1
1404,پزشکی,دانشگاه آزاد اسالمی استان سمنان - واحد شاهرود,,آزاد,عادی,73,1
1404,پزشکی,دانشگاه آزاد اسالمی استان سمنان - واحد شاهرود,,خودگردان دانشگاه آزاد,عادی,18,1
1404,پزشکی,دانشگاه آزاد اسالمی استان سیستان وبلوچستان - واحد زاهدان,,آزاد,عادی,41,1
1404,پزشکی,دانشگاه آزاد اسالمی استان سیستان وبلوچستان - واحد زاهدان,,خودگردان دانشگاه آزاد,عادی,10,1
1404,پزشکی,دانشگاه آزاد اسالمی استان فارس - واحد کازرون,,آزاد,عادی,49,1
1404,پزشکی,دانشگاه آزاد اسالمی استان فارس - واحد کازرون,,خودگردان دانشگاه آزاد,عادی,12,1
1404,پزشکی,دانشگاه آزاد اسالمی استان لرستان - واحد خرم آباد,,آزاد,عادی,37,1
1404,پزشکی,دانشگاه آزاد اسالمی استان لرستان - واحد خرم آباد,,خودگردان دانشگاه آزاد,عادی,9,1
1404,پزشکی,دانشگاه آزاد اسالمی استان مازندران - واحد تنکابن,,آزاد,عادی,29,1
1404,پزشکی,دانشگاه آزاد اسالمی استان مازندران - واحد تنکابن,,خودگردان دانشگاه آزاد,عادی,7,1
1404,پزشکی,دانشگاه آزاد اسالمی استان مازندران - واحد ساری,,آزاد,عادی,117,2
1404,پزشکی,دانشگاه آزاد اسالمی استان مازندران - واحد ساری,,خودگردان دانشگاه آزاد,عادی,29,2
1404,پزشکی,دانشگاه آزاد اسالمی استان کرمان - واحد کرمان,,آزاد,عادی,93,1
1404,پزشکی,دانشگاه آزاد اسالمی استان کرمان - واحد کرمان,,خودگردان دانشگاه آزاد,عادی,23,1
1404,پزشکی,دانشگاه آزاد اسالمی استان یزد - واحد یزد,,آزاد,عادی,73,1
1404,پزشکی,دانشگاه آزاد اسالمی استان یزد - واحد یزد,,خودگردان دانشگاه آزاد,عادی,18,1
1404,پزشکی,دانشگاه آزاد اسالمی واحد خودگردان قشم,,خودگردان دانشگاه آزاد,عادی,91,1
1404,پزشکی,دانشگاه آزاد اسالمی واحد علوم پزشکی تبریز,,آزاد,عادی,106,1
1404,پزشکی,دانشگاه آزاد اسالمی واحد علوم پزشکی تبریز,,خودگردان دانشگاه آزاد,عادی,26,1
1404,پزشکی,دانشگاه آزاد اسالمی واحد علوم پزشکی قم,,آزاد,عادی,41,1
1404,پزشکی,دانشگاه آزاد اسالمی واحد علوم پزشکی قم,,خودگردان دانشگاه آزاد,عادی,10,1
1404,پزشکی,دانشگاه آزاد اسالمی واحد علوم پزشکی مشهد,,آزاد,عادی,153,2
1404,پزشکی,دانشگاه آزاد اسالمی واحد علوم پزشکی مشهد,,خودگردان دانشگاه آزاد,عادی,38,2
1404,پزشکی,دانشگاه شاهد - تهران,,روزانه,شرایط خاص,76,1
1404,پزشکی,دانشگاه شاهد - تهران,,شهریه‌پرداز,شرایط خاص,12,1
1404,پزشکی,دانشگاه علوم پزشکی آبادان,,در جدول ذکر نشده,تعهد خدمت,49,5
1404,پزشکی,دانشگاه علوم پزشکی آبادان,,در جدول ذکر نشده,عادی,25,1
1404,پزشکی,دانشگاه علوم پزشکی آبادان,,روزانه,عادی,45,2
1404,پزشکی,دانشگاه علوم پزشکی آبادان,,شهریه‌پرداز,عادی,8,1
1404,پزشکی,دانشگاه علوم پزشکی اراک,,در جدول ذکر نشده,تعهد خدمت,156,11
1404,پزشکی,دانشگاه علوم پزشکی اراک,,روزانه,عادی,79,2
1404,پزشکی,دانشگاه علوم پزشکی اراک,,شهریه‌پرداز,عادی,24,2
1404,پزشکی,دانشگاه علوم پزشکی اراک,محل تحصیل دانشکده علوم پزشکی ساوه,روزانه,بورسیه / شرایط خاص,1,1
1404,پزشکی,دانشگاه علوم پزشکی اراک,محل تحصیل دانشکده علوم پزشکی ساوه,روزانه,عادی,34,1
1404,پزشکی,دانشگاه علوم پزشکی اراک,محل تحصیل دانشکده علوم پزشکی ساوه,شهریه‌پرداز,عادی,6,1
1404,پزشکی,دانشگاه علوم پزشکی اراک,محل تحصیل دانشکده علوم پزشکی و خدمات بهداشتی درمانی خمین,روزانه,عادی,34,1
1404,پزشکی,دانشگاه علوم پزشکی ارتش جمهوری اسالمی ایران,,روزانه,بورسیه / شرایط خاص,165,6
1404,پزشکی,دانشگاه علوم پزشکی اردبیل,,در جدول ذکر نشده,تعهد خدمت,103,9
1404,پزشکی,دانشگاه علوم پزشکی اردبیل,,روزانه,عادی,102,2
1404,پزشکی,دانشگاه علوم پزشکی اردبیل,,شهریه‌پرداز,عادی,18,2
1404,پزشکی,دانشگاه علوم پزشکی ارومیه,,در جدول ذکر نشده,تعهد خدمت,124,8
1404,پزشکی,دانشگاه علوم پزشکی ارومیه,,روزانه,بورسیه / شرایط خاص,1,1
1404,پزشکی,دانشگاه علوم پزشکی ارومیه,,روزانه,عادی,135,2
1404,پزشکی,دانشگاه علوم پزشکی ارومیه,,شهریه‌پرداز,عادی,30,2
1404,پزشکی,دانشگاه علوم پزشکی ارومیه,دانشکده علوم پزشکی خوی,در جدول ذکر نشده,تعهد خدمت,5,1
1404,پزشکی,دانشگاه علوم پزشکی ارومیه,محل تحصیل دانشکده علوم پزشکی خوی,روزانه,عادی,25,1
1404,پزشکی,دانشگاه علوم پزشکی اصفهان,,در جدول ذکر نشده,تعهد خدمت,171,13
1404,پزشکی,دانشگاه علوم پزشکی اصفهان,,روزانه,بورسیه / شرایط خاص,11,2
1404,پزشکی,دانشگاه علوم پزشکی اصفهان,,روزانه,عادی,229,2
1404,پزشکی,دانشگاه علوم پزشکی اصفهان,,شهریه‌پرداز,عادی,21,1
1404,پزشکی,دانشگاه علوم پزشکی البرز,,در جدول ذکر نشده,تعهد خدمت,135,13
1404,پزشکی,دانشگاه علوم پزشکی البرز,,روزانه,بورسیه / شرایط خاص,1,1
1404,پزشکی,دانشگاه علوم پزشکی البرز,,روزانه,عادی,101,2
1404,پزشکی,دانشگاه علوم پزشکی البرز,,شهریه‌پرداز,عادی,24,2
1404,پزشکی,دانشگاه علوم پزشکی ایالم,,در جدول ذکر نشده,تعهد خدمت,85,8
1404,پزشکی,دانشگاه علوم پزشکی ایالم,,روزانه,بورسیه / شرایط خاص,1,1
1404,پزشکی,دانشگاه علوم پزشکی ایالم,,روزانه,عادی,56,2
1404,پزشکی,دانشگاه علوم پزشکی ایالم,,شهریه‌پرداز,عادی,24,2
1404,پزشکی,دانشگاه علوم پزشکی ایران,,در جدول ذکر نشده,تعهد خدمت,209,11
1404,پزشکی,دانشگاه علوم پزشکی ایران,,روزانه,عادی,239,2
1404,پزشکی,دانشگاه علوم پزشکی ایران,,شهریه‌پرداز,عادی,19,1
1404,پزشکی,دانشگاه علوم پزشکی ایرانشهر,,در جدول ذکر نشده,تعهد خدمت,36,1
1404,پزشکی,دانشگاه علوم پزشکی ایرانشهر,,در جدول ذکر نشده,عادی,20,1
1404,پزشکی,دانشگاه علوم پزشکی ایرانشهر,,روزانه,بورسیه / شرایط خاص,1,1
1404,پزشکی,دانشگاه علوم پزشکی ایرانشهر,,روزانه,عادی,15,1
1404,پزشکی,دانشگاه علوم پزشکی ایرانشهر,,شهریه‌پرداز,عادی,6,1
1404,پزشکی,دانشگاه علوم پزشکی بابل,,در جدول ذکر نشده,تعهد خدمت,167,8
1404,پزشکی,دانشگاه علوم پزشکی بابل,,روزانه,عادی,147,2
1404,پزشکی,دانشگاه علوم پزشکی بابل,,شهریه‌پرداز,عادی,26,2
1404,پزشکی,دانشگاه علوم پزشکی بقیهاله(عج) - تهران,,روزانه,بورسیه / شرایط خاص,55,2
1404,پزشکی,دانشگاه علوم پزشکی بم,,در جدول ذکر نشده,تعهد خدمت,62,5
1404,پزشکی,دانشگاه علوم پزشکی بم,,روزانه,بورسیه / شرایط خاص,1,1
1404,پزشکی,دانشگاه علوم پزشکی بم,,روزانه,عادی,33,1
1404,پزشکی,دانشگاه علوم پزشکی بم,,شهریه‌پرداز,عادی,11,1
1404,پزشکی,دانشگاه علوم پزشکی بندرعباس,,در جدول ذکر نشده,تعهد خدمت,132,6
1404,پزشکی,دانشگاه علوم پزشکی بندرعباس,,روزانه,بورسیه / شرایط خاص,6,2
1404,پزشکی,دانشگاه علوم پزشکی بندرعباس,,روزانه,عادی,62,2
1404,پزشکی,دانشگاه علوم پزشکی بندرعباس,,شهریه‌پرداز,عادی,10,2
1404,پزشکی,دانشگاه علوم پزشکی بوشهر,,در جدول ذکر نشده,تعهد خدمت,80,3
1404,پزشکی,دانشگاه علوم پزشکی بوشهر,,روزانه,بورسیه / شرایط خاص,6,2
1404,پزشکی,دانشگاه علوم پزشکی بوشهر,,روزانه,عادی,43,1
1404,پزشکی,دانشگاه علوم پزشکی بوشهر,,شهریه‌پرداز,عادی,20,1
1404,پزشکی,دانشگاه علوم پزشکی بیرجند,,در جدول ذکر نشده,تعهد خدمت,108,8
1404,پزشکی,دانشگاه علوم پزشکی بیرجند,,روزانه,عادی,91,2
1404,پزشکی,دانشگاه علوم پزشکی بیرجند,,شهریه‌پرداز,عادی,15,2
1404,پزشکی,دانشگاه علوم پزشکی تبریز,,در جدول ذکر نشده,تعهد خدمت,221,12
1404,پزشکی,دانشگاه علوم پزشکی تبریز,,روزانه,بورسیه / شرایط خاص,1,1
1404,پزشکی,دانشگاه علوم پزشکی تبریز,,روزانه,عادی,174,2
1404,پزشکی,دانشگاه علوم پزشکی تبریز,,شهریه‌پرداز,عادی,38,2
1404,پزشکی,دانشگاه علوم پزشکی تبریز,محل تحصیل دانشکده علوم پزشکی سراب,روزانه,عادی,23,1
1404,پزشکی,دانشگاه علوم پزشکی تبریز,محل تحصیل دانشکده علوم پزشکی مراغه,روزانه,عادی,28,1
1404,پزشکی,دانشگاه علوم پزشکی تربت حیدریه,,در جدول ذکر نشده,تعهد خدمت,42,9
1404,پزشکی,دانشگاه علوم پزشکی تربت حیدریه,,روزانه,بورسیه / شرایط خاص,1,1
1404,پزشکی,دانشگاه علوم پزشکی تربت حیدریه,,روزانه,عادی,31,2
1404,پزشکی,دانشگاه علوم پزشکی تربت حیدریه,,شهریه‌پرداز,عادی,2,2
1404,پزشکی,دانشگاه علوم پزشکی تهران,,در جدول ذکر نشده,تعهد خدمت,149,13
1404,پزشکی,دانشگاه علوم پزشکی تهران,,روزانه,بورسیه / شرایط خاص,10,1
1404,پزشکی,دانشگاه علوم پزشکی تهران,,روزانه,عادی,301,2
1404,پزشکی,دانشگاه علوم پزشکی جندیشاپور,,در جدول ذکر نشده,تعهد خدمت,212,14
1404,پزشکی,دانشگاه علوم پزشکی جندیشاپور,,در جدول ذکر نشده,عادی,20,1
1404,پزشکی,دانشگاه علوم پزشکی جندیشاپور,,روزانه,بورسیه / شرایط خاص,15,2
1404,پزشکی,دانشگاه علوم پزشکی جندیشاپور,,روزانه,عادی,127,2
1404,پزشکی,دانشگاه علوم پزشکی جندیشاپور,,شهریه‌پرداز,عادی,25,2
1404,پزشکی,دانشگاه علوم پزشکی جندیشاپور,محل تحصیل دانشکده علوم پزشکی بهبهان,روزانه,عادی,23,1
1404,پزشکی,دانشگاه علوم پزشکی جندیشاپور,محل تحصیل دانشکده علوم پزشکی بهبهان,شهریه‌پرداز,عادی,10,1
1404,پزشکی,دانشگاه علوم پزشکی جهرم,,در جدول ذکر نشده,تعهد خدمت,87,8
1404,پزشکی,دانشگاه علوم پزشکی جهرم,,روزانه,بورسیه / شرایط خاص,1,1
1404,پزشکی,دانشگاه علوم پزشکی جهرم,,روزانه,عادی,67,2
1404,پزشکی,دانشگاه علوم پزشکی جهرم,,شهریه‌پرداز,عادی,13,2
1404,پزشکی,دانشگاه علوم پزشکی جیرفت,,در جدول ذکر نشده,تعهد خدمت,39,5
1404,پزشکی,دانشگاه علوم پزشکی جیرفت,,روزانه,بورسیه / شرایط خاص,1,1
1404,پزشکی,دانشگاه علوم پزشکی جیرفت,,روزانه,عادی,41,1
1404,پزشکی,دانشگاه علوم پزشکی جیرفت,,شهریه‌پرداز,عادی,16,1
1404,پزشکی,دانشگاه علوم پزشکی خراسان شمالی,,در جدول ذکر نشده,تعهد خدمت,70,8
1404,پزشکی,دانشگاه علوم پزشکی خراسان شمالی,,روزانه,بورسیه / شرایط خاص,1,1
1404,پزشکی,دانشگاه علوم پزشکی خراسان شمالی,,روزانه,عادی,78,2
1404,پزشکی,دانشگاه علوم پزشکی خراسان شمالی,,شهریه‌پرداز,عادی,15,2
1404,پزشکی,دانشگاه علوم پزشکی دزفول,,در جدول ذکر نشده,تعهد خدمت,56,9
1404,پزشکی,دانشگاه علوم پزشکی دزفول,,روزانه,بورسیه / شرایط خاص,1,1
1404,پزشکی,دانشگاه علوم پزشکی دزفول,,روزانه,عادی,67,2
1404,پزشکی,دانشگاه علوم پزشکی دزفول,,شهریه‌پرداز,عادی,6,2
1404,پزشکی,دانشگاه علوم پزشکی رفسنجان,,در جدول ذکر نشده,تعهد خدمت,79,9
1404,پزشکی,دانشگاه علوم پزشکی رفسنجان,,روزانه,بورسیه / شرایط خاص,1,1
1404,پزشکی,دانشگاه علوم پزشکی رفسنجان,,روزانه,عادی,74,1
1404,پزشکی,دانشگاه علوم پزشکی رفسنجان,,شهریه‌پرداز,عادی,9,1
1404,پزشکی,دانشگاه علوم پزشکی زابل,,در جدول ذکر نشده,تعهد خدمت,76,4
1404,پزشکی,دانشگاه علوم پزشکی زابل,,روزانه,عادی,36,1
1404,پزشکی,دانشگاه علوم پزشکی زابل,,شهریه‌پرداز,عادی,5,1
1404,پزشکی,دانشگاه علوم پزشکی زاهدان,,در جدول ذکر نشده,تعهد خدمت,87,8
1404,پزشکی,دانشگاه علوم پزشکی زاهدان,,روزانه,بورسیه / شرایط خاص,5,1
1404,پزشکی,دانشگاه علوم پزشکی زاهدان,,روزانه,عادی,125,2
1404,پزشکی,دانشگاه علوم پزشکی زاهدان,,شهریه‌پرداز,عادی,23,2
1404,پزشکی,دانشگاه علوم پزشکی زنجان,,در جدول ذکر نشده,تعهد خدمت,129,10
1404,پزشکی,دانشگاه علوم پزشکی زنجان,,روزانه,بورسیه / شرایط خاص,1,1
1404,پزشکی,دانشگاه علوم پزشکی زنجان,,روزانه,عادی,162,2
1404,پزشکی,دانشگاه علوم پزشکی زنجان,,شهریه‌پرداز,عادی,25,2
1404,پزشکی,دانشگاه علوم پزشکی سبزوار,,در جدول ذکر نشده,تعهد خدمت,98,8
1404,پزشکی,دانشگاه علوم پزشکی سبزوار,,روزانه,بورسیه / شرایط خاص,1,1
1404,پزشکی,دانشگاه علوم پزشکی سبزوار,,روزانه,عادی,90,2
1404,پزشکی,دانشگاه علوم پزشکی سمنان,,در جدول ذکر نشده,تعهد خدمت,101,10
1404,پزشکی,دانشگاه علوم پزشکی سمنان,,روزانه,عادی,109,2
1404,پزشکی,دانشگاه علوم پزشکی سمنان,,شهریه‌پرداز,عادی,21,1
1404,پزشکی,دانشگاه علوم پزشکی شاهرود,,در جدول ذکر نشده,تعهد خدمت,70,8
1404,پزشکی,دانشگاه علوم پزشکی شاهرود,,روزانه,عادی,87,2
1404,پزشکی,دانشگاه علوم پزشکی شاهرود,,شهریه‌پرداز,عادی,12,1
1404,پزشکی,دانشگاه علوم پزشکی شهرکرد,,در جدول ذکر نشده,تعهد خدمت,96,9
1404,پزشکی,دانشگاه علوم پزشکی شهرکرد,,روزانه,بورسیه / شرایط خاص,1,1
1404,پزشکی,دانشگاه علوم پزشکی شهرکرد,,روزانه,عادی,83,2
1404,پزشکی,دانشگاه علوم پزشکی شهرکرد,,شهریه‌پرداز,عادی,26,1
1404,پزشکی,دانشگاه علوم پزشکی شهید بهشتی,,در جدول ذکر نشده,تعهد خدمت,161,12
1404,پزشکی,دانشگاه علوم پزشکی شهید بهشتی,,روزانه,بورسیه / شرایط خاص,10,1
1404,پزشکی,دانشگاه علوم پزشکی شهید بهشتی,,روزانه,عادی,225,2
1404,پزشکی,دانشگاه علوم پزشکی شهید بهشتی,,شهریه‌پرداز,عادی,50,2
1404,پزشکی,دانشگاه علوم پزشکی شیراز,,در جدول ذکر نشده,تعهد خدمت,174,11
1404,پزشکی,دانشگاه علوم پزشکی شیراز,,روزانه,بورسیه / شرایط خاص,10,1
1404,پزشکی,دانشگاه علوم پزشکی شیراز,,روزانه,عادی,175,2
1404,پزشکی,دانشگاه علوم پزشکی شیراز,,شهریه‌پرداز,عادی,30,2
1404,پزشکی,دانشگاه علوم پزشکی شیراز,دانشکده علوم پزشکی الرستان,در جدول ذکر نشده,تعهد خدمت,5,1
1404,پزشکی,دانشگاه علوم پزشکی شیراز,محل تحصیل دانشکده علوم پزشکی الرستان,روزانه,عادی,25,1
1404,پزشکی,دانشگاه علوم پزشکی شیراز,محل تحصیل دانشکده علوم پزشکی گراش,روزانه,عادی,25,1
1404,پزشکی,دانشگاه علوم پزشکی فسا,,در جدول ذکر نشده,تعهد خدمت,71,10
1404,پزشکی,دانشگاه علوم پزشکی فسا,,روزانه,عادی,45,2
1404,پزشکی,دانشگاه علوم پزشکی فسا,,شهریه‌پرداز,عادی,4,2
1404,پزشکی,دانشگاه علوم پزشکی قزوین,,در جدول ذکر نشده,تعهد خدمت,143,10
1404,پزشکی,دانشگاه علوم پزشکی قزوین,,روزانه,عادی,79,2
1404,پزشکی,دانشگاه علوم پزشکی قزوین,,شهریه‌پرداز,عادی,15,2
1404,پزشکی,دانشگاه علوم پزشکی قم,,در جدول ذکر نشده,تعهد خدمت,88,9
1404,پزشکی,دانشگاه علوم پزشکی قم,,روزانه,عادی,96,2
1404,پزشکی,دانشگاه علوم پزشکی قم,,شهریه‌پرداز,عادی,11,2
1404,پزشکی,دانشگاه علوم پزشکی لرستان,,در جدول ذکر نشده,تعهد خدمت,92,5
1404,پزشکی,دانشگاه علوم پزشکی لرستان,,روزانه,بورسیه / شرایط خاص,1,1
1404,پزشکی,دانشگاه علوم پزشکی لرستان,,روزانه,عادی,114,2
1404,پزشکی,دانشگاه علوم پزشکی لرستان,,شهریه‌پرداز,عادی,9,2
1404,پزشکی,دانشگاه علوم پزشکی مازندران,,در جدول ذکر نشده,تعهد خدمت,129,8
1404,پزشکی,دانشگاه علوم پزشکی مازندران,,روزانه,بورسیه / شرایط خاص,1,1
1404,پزشکی,دانشگاه علوم پزشکی مازندران,,روزانه,عادی,135,2
1404,پزشکی,دانشگاه علوم پزشکی مازندران,محل تحصیل پردیس خودگردان دانشگاه واقع در شهر رامسر,شهریه‌پرداز,عادی,28,1
1404,پزشکی,دانشگاه علوم پزشکی مازندران,محل تحصیل پردیس پزشکی مستقر در شهر آمل,شهریه‌پرداز,عادی,30,1
1404,پزشکی,دانشگاه علوم پزشکی مشهد,,در جدول ذکر نشده,تعهد خدمت,168,9
1404,پزشکی,دانشگاه علوم پزشکی مشهد,,روزانه,بورسیه / شرایط خاص,1,1
1404,پزشکی,دانشگاه علوم پزشکی مشهد,,روزانه,عادی,193,2
1404,پزشکی,دانشگاه علوم پزشکی مشهد,,شهریه‌پرداز,عادی,40,2
1404,پزشکی,دانشگاه علوم پزشکی نیشابور,,در جدول ذکر نشده,تعهد خدمت,16,5
1404,پزشکی,دانشگاه علوم پزشکی نیشابور,,روزانه,عادی,35,1
1404,پزشکی,دانشگاه علوم پزشکی نیشابور,,شهریه‌پرداز,عادی,1,1
1404,پزشکی,دانشگاه علوم پزشکی همدان,,در جدول ذکر نشده,تعهد خدمت,130,10
1404,پزشکی,دانشگاه علوم پزشکی همدان,,روزانه,بورسیه / شرایط خاص,1,1
1404,پزشکی,دانشگاه علوم پزشکی همدان,,روزانه,عادی,175,2
1404,پزشکی,دانشگاه علوم پزشکی همدان,,شهریه‌پرداز,عادی,25,2
1404,پزشکی,دانشگاه علوم پزشکی کاشان,,در جدول ذکر نشده,تعهد خدمت,68,8
1404,پزشکی,دانشگاه علوم پزشکی کاشان,,روزانه,بورسیه / شرایط خاص,1,1
1404,پزشکی,دانشگاه علوم پزشکی کاشان,,روزانه,عادی,87,2
1404,پزشکی,دانشگاه علوم پزشکی کاشان,محل تحصیل آران و بیدگل,شهریه‌پرداز,عادی,21,1
1404,پزشکی,دانشگاه علوم پزشکی کردستان,,در جدول ذکر نشده,تعهد خدمت,74,5
1404,پزشکی,دانشگاه علوم پزشکی کردستان,,روزانه,بورسیه / شرایط خاص,1,1
1404,پزشکی,دانشگاه علوم پزشکی کردستان,,روزانه,عادی,116,2
1404,پزشکی,دانشگاه علوم پزشکی کردستان,,شهریه‌پرداز,عادی,45,2
1404,پزشکی,دانشگاه علوم پزشکی کرمان,,در جدول ذکر نشده,تعهد خدمت,170,10
1404,پزشکی,دانشگاه علوم پزشکی کرمان,,روزانه,بورسیه / شرایط خاص,1,1
1404,پزشکی,دانشگاه علوم پزشکی کرمان,,روزانه,عادی,124,2
1404,پزشکی,دانشگاه علوم پزشکی کرمان,,شهریه‌پرداز,عادی,70,2
1404,پزشکی,دانشگاه علوم پزشکی کرمان,محل تحصیل دانشکده علوم پزشکی سیرجان,روزانه,عادی,37,1
1404,پزشکی,دانشگاه علوم پزشکی کرمانشاه,,در جدول ذکر نشده,تعهد خدمت,130,10
1404,پزشکی,دانشگاه علوم پزشکی کرمانشاه,,روزانه,بورسیه / شرایط خاص,1,1
1404,پزشکی,دانشگاه علوم پزشکی کرمانشاه,,روزانه,عادی,169,2
1404,پزشکی,دانشگاه علوم پزشکی کرمانشاه,,شهریه‌پرداز,عادی,37,2
1404,پزشکی,دانشگاه علوم پزشکی گلستان,,در جدول ذکر نشده,تعهد خدمت,32,3
1404,پزشکی,دانشگاه علوم پزشکی گلستان,,روزانه,بورسیه / شرایط خاص,1,1
1404,پزشکی,دانشگاه علوم پزشکی گلستان,,روزانه,عادی,148,2
1404,پزشکی,دانشگاه علوم پزشکی گلستان,,شهریه‌پرداز,عادی,31,1
1404,پزشکی,دانشگاه علوم پزشکی گناباد,,در جدول ذکر نشده,تعهد خدمت,75,8
1404,پزشکی,دانشگاه علوم پزشکی گناباد,,روزانه,عادی,51,2
1404,پزشکی,دانشگاه علوم پزشکی گناباد,,شهریه‌پرداز,عادی,13,2
1404,پزشکی,دانشگاه علوم پزشکی گیالن,,در جدول ذکر نشده,تعهد خدمت,131,10
1404,پزشکی,دانشگاه علوم پزشکی گیالن,,روزانه,عادی,181,2
1404,پزشکی,دانشگاه علوم پزشکی گیالن,محل تحصیل پردیس خودگردان واقع در بندر انزلی,شهریه‌پرداز,عادی,35,2
1404,پزشکی,دانشگاه علوم پزشکی یاسوج,,در جدول ذکر نشده,تعهد خدمت,80,8
1404,پزشکی,دانشگاه علوم پزشکی یاسوج,,روزانه,بورسیه / شرایط خاص,1,1
1404,پزشکی,دانشگاه علوم پزشکی یاسوج,,روزانه,عادی,82,2
1404,پزشکی,دانشگاه علوم پزشکی یاسوج,,شهریه‌پرداز,عادی,10,2
1404,پزشکی,دانشگاه علوم پزشکی یزد,,در جدول ذکر نشده,تعهد خدمت,107,9
1404,پزشکی,دانشگاه علوم پزشکی یزد,,روزانه,بورسیه / شرایط خاص,1,1
1404,پزشکی,دانشگاه علوم پزشکی یزد,,روزانه,عادی,173,2
1404,پزشکی,دانشگاه علوم پزشکی یزد,,شهریه‌پرداز,عادی,45,1
