year,major,university,province,program_type,admission_category,capacity,gender,intake,source_id,source_page,code,source_title
1404,دندانپزشکی,دانشگاه آزاد اسالمی استان اصفهان - واحد خوراسگان,اصفهان,آزاد,عادی,60,زن و مرد,نیمسال اول,1404-booklet,48,32106,دندانپزشکی
1404,دندانپزشکی,دانشگاه آزاد اسالمی استان اصفهان - واحد خوراسگان,اصفهان,آزاد,عادی,61,زن و مرد,نیمسال دوم,1404-booklet,48,32107,دندانپزشکی
1404,دندانپزشکی,دانشگاه آزاد اسالمی استان اصفهان - واحد خوراسگان,اصفهان,خودگردان دانشگاه آزاد,عادی,5,زن و مرد,نیمسال اول,1404-booklet,48,32108,دندانپزشکی
1404,دندانپزشکی,دانشگاه آزاد اسالمی استان اصفهان - واحد خوراسگان,اصفهان,خودگردان دانشگاه آزاد,عادی,5,زن و مرد,نیمسال دوم,1404-booklet,48,32109,دندانپزشکی
1404,دندانپزشکی,دانشگاه آزاد اسالمی استان تهران - واحد پزشکی تهران,تهران,آزاد,عادی,60,زن و مرد,نیمسال اول,1404-booklet,63,32441,دندانپزشکی
1404,دندانپزشکی,دانشگاه آزاد اسالمی استان تهران - واحد پزشکی تهران,تهران,آزاد,عادی,61,زن و مرد,نیمسال دوم,1404-booklet,63,32442,دندانپزشکی
1404,دندانپزشکی,دانشگاه آزاد اسالمی استان تهران - واحد پزشکی تهران,تهران,خودگردان دانشگاه آزاد,عادی,10,زن و مرد,نیمسال اول,1404-booklet,63,32448,دندانپزشکی
1404,دندانپزشکی,دانشگاه آزاد اسالمی استان فارس - واحد شیراز,فارس,آزاد,عادی,43,زن و مرد,نیمسال اول,1404-booklet,94,33328,دندانپزشکی
1404,دندانپزشکی,دانشگاه آزاد اسالمی استان فارس - واحد شیراز,فارس,خودگردان دانشگاه آزاد,عادی,2,زن و مرد,نیمسال اول,1404-booklet,94,33329,دندانپزشکی
1404,دندانپزشکی,دانشگاه آزاد اسالمی استان لرستان - واحد بروجرد,لرستان,آزاد,عادی,43,زن و مرد,نیمسال اول,1404-booklet,110,33759,دندانپزشکی
1404,دندانپزشکی,دانشگاه آزاد اسالمی استان لرستان - واحد بروجرد,لرستان,خودگردان دانشگاه آزاد,عادی,2,زن و مرد,نیمسال اول,1404-booklet,110,33760,دندانپزشکی
1404,دندانپزشکی,دانشگاه آزاد اسالمی واحد علوم پزشکی تبریز,آذربایجان شرقی,آزاد,عادی,46,زن و مرد,نیمسال اول,1404-booklet,41,31900,دندانپزشکی
1404,دندانپزشکی,دانشگاه آزاد اسالمی واحد علوم پزشکی تبریز,آذربایجان شرقی,خودگردان دانشگاه آزاد,عادی,2,زن و مرد,نیمسال اول,1404-booklet,41,31902,دندانپزشکی
1404,دندانپزشکی,دانشگاه شاهد - تهران,تهران,روزانه,شرایط خاص,20,زن و مرد,نیمسال اول,1404-booklet,52,32218,دندانپزشکی
1404,دندانپزشکی,دانشگاه شاهد - تهران,تهران,شهریه‌پرداز,شرایط خاص,4,زن و مرد,نیمسال اول,1404-booklet,52,32223,دندانپزشکی
1404,دندانپزشکی,دانشگاه علوم پزشکی اراک,,در جدول ذکر نشده,تعهد خدمت,14,زن و مرد,نیمسال اول,1404-booklet,160,36997,دندانپزشکی
1404,دندانپزشکی,دانشگاه علوم پزشکی اراک,,در جدول ذکر نشده,تعهد خدمت,1,زن و مرد,نیمسال اول,1404-correction-7,9,37291,دندانپزشکی
1404,دندانپزشکی,دانشگاه علوم پزشکی اراک,,در جدول ذکر نشده,تعهد خدمت,4,زن و مرد,نیمسال اول,1404-correction-7,8,39310,دندانپزشکی
1404,دندانپزشکی,دانشگاه علوم پزشکی اراک,مرکزی,روزانه,بورسیه / شرایط خاص,1,مرد,نیمسال اول,1404-booklet,113,33859,دندانپزشکی
1404,دندانپزشکی,دانشگاه علوم پزشکی اراک,مرکزی,روزانه,عادی,10,زن و مرد,نیمسال اول,1404-booklet,113,33858,دندانپزشکی
1404,دندانپزشکی,دانشگاه علوم پزشکی ارتش جمهوری اسالمی ایران,تهران,روزانه,بورسیه / شرایط خاص,3,زن,نیمسال دوم,1404-booklet,53,32232,دندانپزشکی
1404,دندانپزشکی,دانشگاه علوم پزشکی ارتش جمهوری اسالمی ایران,تهران,روزانه,بورسیه / شرایط خاص,5,زن,نیمسال دوم,1404-booklet,53,32234,دندانپزشکی
1404,دندانپزشکی,دانشگاه علوم پزشکی ارتش جمهوری اسالمی ایران,تهران,روزانه,بورسیه / شرایط خاص,5,زن,نیمسال دوم,1404-booklet,53,32235,دندانپزشکی
1404,دندانپزشکی,دانشگاه علوم پزشکی ارتش جمهوری اسالمی ایران,تهران,روزانه,بورسیه / شرایط خاص,5,مرد,نیمسال دوم,1404-booklet,53,32233,دندانپزشکی
1404,دندانپزشکی,دانشگاه علوم پزشکی ارتش جمهوری اسالمی ایران,تهران,روزانه,بورسیه / شرایط خاص,5,مرد,نیمسال دوم,1404-booklet,53,32236,دندانپزشکی
1404,دندانپزشکی,دانشگاه علوم پزشکی ارتش جمهوری اسالمی ایران,تهران,روزانه,بورسیه / شرایط خاص,8,مرد,نیمسال دوم,1404-booklet,53,32237,دندانپزشکی
1404,دندانپزشکی,دانشگاه علوم پزشکی ارتش جمهوری اسالمی ایران,تهران,روزانه,بورسیه / شرایط خاص,15,مرد,نیمسال دوم,1404-booklet,53,32238,دندانپزشکی
1404,دندانپزشکی,دانشگاه علوم پزشکی اردبیل,,در جدول ذکر نشده,تعهد خدمت,2,زن و مرد,نیمسال اول,1404-correction-7,9,37369,دندانپزشکی
1404,دندانپزشکی,دانشگاه علوم پزشکی اردبیل,,در جدول ذکر نشده,تعهد خدمت,7,زن و مرد,نیمسال اول,1404-correction-7,3,39207,دندانپزشکی
1404,دندانپزشکی,دانشگاه علوم پزشکی اردبیل,,در جدول ذکر نشده,تعهد خدمت,2,زن و مرد,نیمسال دوم,1404-correction-7,9,37370,دندانپزشکی
1404,دندانپزشکی,دانشگاه علوم پزشکی اردبیل,,در جدول ذکر نشده,تعهد خدمت,7,زن و مرد,نیمسال دوم,1404-correction-7,3,39208,دندانپزشکی
1404,دندانپزشکی,دانشگاه علوم پزشکی اردبیل,اردبیل,روزانه,بورسیه / شرایط خاص,1,مرد,نیمسال دوم,1404-booklet,44,31972,دندانپزشکی
1404,دندانپزشکی,دانشگاه علوم پزشکی اردبیل,اردبیل,روزانه,عادی,20,زن و مرد,نیمسال اول,1404-correction-7,9,31971,دندانپزشکی
1404,دندانپزشکی,دانشگاه علوم پزشکی اردبیل,اردبیل,روزانه,عادی,19,زن و مرد,نیمسال دوم,1404-correction-7,9,31973,دندانپزشکی
1404,دندانپزشکی,دانشگاه علوم پزشکی اردبیل,اردبیل,شهریه‌پرداز,عادی,1,زن و مرد,نیمسال اول,1404-booklet,44,31992,دندانپزشکی
1404,دندانپزشکی,دانشگاه علوم پزشکی اردبیل,اردبیل,شهریه‌پرداز,عادی,1,زن و مرد,نیمسال دوم,1404-booklet,44,31993,دندانپزشکی
1404,دندانپزشکی,دانشگاه علوم پزشکی ارومیه,,در جدول ذکر نشده,تعهد خدمت,4,زن و مرد,نیمسال اول,1404-booklet,154,36906,دندانپزشکی
1404,دندانپزشکی,دانشگاه علوم پزشکی ارومیه,,در جدول ذکر نشده,تعهد خدمت,10,زن و مرد,نیمسال اول,1404-booklet,154,36907,دندانپزشکی
1404,دندانپزشکی,دانشگاه علوم پزشکی ارومیه,,در جدول ذکر نشده,تعهد خدمت,10,زن و مرد,نیمسال اول,1404-correction-7,9,37053,دندانپزشکی
1404,دندانپزشکی,دانشگاه علوم پزشکی ارومیه,,در جدول ذکر نشده,تعهد خدمت,1,زن و مرد,نیمسال اول,1404-correction-7,9,37339,دندانپزشکی
1404,دندانپزشکی,دانشگاه علوم پزشکی ارومیه,آذربایجان غربی,روزانه,بورسیه / شرایط خاص,1,زن و مرد,نیمسال اول,1404-booklet,41,31908,دندانپزشکی
1404,دندانپزشکی,دانشگاه علوم پزشکی ارومیه,آذربایجان غربی,روزانه,عادی,27,زن و مرد,نیمسال اول,1404-correction-7,9,31907,دندانپزشکی
1404,دندانپزشکی,دانشگاه علوم پزشکی ارومیه,آذربایجان غربی,شهریه‌پرداز,عادی,2,زن و مرد,نیمسال اول,1404-booklet,42,31928,دندانپزشکی
1404,دندانپزشکی,دانشگاه علوم پزشکی اصفهان,,در جدول ذکر نشده,تعهد خدمت,19,زن و مرد,نیمسال اول,1404-correction-7,10,37058,دندانپزشکی
1404,دندانپزشکی,دانشگاه علوم پزشکی اصفهان,,در جدول ذکر نشده,تعهد خدمت,14,زن و مرد,نیمسال اول,1404-correction-7,10,37501,دندانپزشکی
1404,دندانپزشکی,دانشگاه علوم پزشکی اصفهان,,در جدول ذکر نشده,تعهد خدمت,1,زن و مرد,نیمسال اول,1404-correction-7,10,37502,دندانپزشکی
1404,دندانپزشکی,دانشگاه علوم پزشکی اصفهان,,در جدول ذکر نشده,تعهد خدمت,1,زن و مرد,نیمسال اول,1404-correction-7,10,37503,دندانپزشکی
1404,دندانپزشکی,دانشگاه علوم پزشکی اصفهان,اصفهان,روزانه,عادی,65,زن و مرد,نیمسال اول,1404-correction-7,10,32016,دندانپزشکی
1404,دندانپزشکی,دانشگاه علوم پزشکی اصفهان,اصفهان,شهریه‌پرداز,عادی,5,زن و مرد,نیمسال اول,1404-booklet,47,32068,دندانپزشکی
1404,دندانپزشکی,دانشگاه علوم پزشکی البرز,,در جدول ذکر نشده,تعهد خدمت,23,زن و مرد,نیمسال اول,1404-correction-7,10,37371,دندانپزشکی
1404,دندانپزشکی,دانشگاه علوم پزشکی البرز,البرز,روزانه,عادی,38,زن و مرد,نیمسال اول,1404-correction-7,10,32118,دندانپزشکی
1404,دندانپزشکی,دانشگاه علوم پزشکی البرز,البرز,شهریه‌پرداز,عادی,2,زن و مرد,نیمسال اول,1404-booklet,49,32135,دندانپزشکی
1404,دندانپزشکی,دانشگاه علوم پزشکی ایالم,,در جدول ذکر نشده,تعهد خدمت,2,زن و مرد,نیمسال اول,1404-booklet,155,36916,دندانپزشکی
1404,دندانپزشکی,دانشگاه علوم پزشکی ایالم,,در جدول ذکر نشده,تعهد خدمت,7,زن و مرد,نیمسال اول,1404-correction-7,11,37062,دندانپزشکی
1404,دندانپزشکی,دانشگاه علوم پزشکی ایالم,,در جدول ذکر نشده,تعهد خدمت,1,زن و مرد,نیمسال اول,1404-correction-7,11,37340,دندانپزشکی
1404,دندانپزشکی,دانشگاه علوم پزشکی ایالم,,در جدول ذکر نشده,تعهد خدمت,5,زن و مرد,نیمسال اول,1404-correction-7,3,39212,دندانپزشکی
1404,دندانپزشکی,دانشگاه علوم پزشکی ایالم,ایالم,روزانه,بورسیه / شرایط خاص,1,مرد,نیمسال اول,1404-booklet,49,32149,دندانپزشکی
1404,دندانپزشکی,دانشگاه علوم پزشکی ایالم,ایالم,روزانه,عادی,9,زن و مرد,نیمسال اول,1404-correction-7,11,32148,دندانپزشکی
1404,دندانپزشکی,دانشگاه علوم پزشکی بابل,,در جدول ذکر نشده,تعهد خدمت,14,زن و مرد,نیمسال اول,1404-correction-7,11,37372,دندانپزشکی
1404,دندانپزشکی,دانشگاه علوم پزشکی بابل,,در جدول ذکر نشده,تعهد خدمت,1,زن و مرد,نیمسال اول,1404-correction-7,7,39298,دندانپزشکی
1404,دندانپزشکی,دانشگاه علوم پزشکی بابل,,در جدول ذکر نشده,تعهد خدمت,15,زن و مرد,نیمسال دوم,1404-correction-7,11,37373,دندانپزشکی
1404,دندانپزشکی,دانشگاه علوم پزشکی بابل,مازندران,روزانه,عادی,21,زن و مرد,نیمسال اول,1404-correction-7,11,33766,دندانپزشکی
1404,دندانپزشکی,دانشگاه علوم پزشکی بابل,مازندران,روزانه,عادی,21,زن و مرد,نیمسال دوم,1404-correction-7,11,33767,دندانپزشکی
1404,دندانپزشکی,دانشگاه علوم پزشکی بندرعباس,,در جدول ذکر نشده,تعهد خدمت,8,زن و مرد,نیمسال اول,1404-booklet,160,37001,دندانپزشکی
1404,دندانپزشکی,دانشگاه علوم پزشکی بندرعباس,,در جدول ذکر نشده,تعهد خدمت,5,زن و مرد,نیمسال اول,1404-correction-7,12,37504,دندانپزشکی
1404,دندانپزشکی,دانشگاه علوم پزشکی بندرعباس,,در جدول ذکر نشده,تعهد خدمت,5,زن و مرد,نیمسال اول,1404-correction-7,12,37505,دندانپزشکی
1404,دندانپزشکی,دانشگاه علوم پزشکی بندرعباس,,در جدول ذکر نشده,تعهد خدمت,6,زن و مرد,نیمسال اول,1404-correction-7,12,37506,دندانپزشکی
1404,دندانپزشکی,دانشگاه علوم پزشکی بندرعباس,هرمزگان,روزانه,بورسیه / شرایط خاص,3,زن 1 نفر و مرد 2 نفر,نیمسال اول,1404-correction-7,2,33949,دندانپزشکی
1404,دندانپزشکی,دانشگاه علوم پزشکی بندرعباس,هرمزگان,روزانه,بورسیه / شرایط خاص,1,مرد,نیمسال اول,1404-booklet,116,33950,دندانپزشکی
1404,دندانپزشکی,دانشگاه علوم پزشکی بندرعباس,هرمزگان,روزانه,عادی,4,زن و مرد,نیمسال اول,1404-correction-7,12,33948,دندانپزشکی
1404,دندانپزشکی,دانشگاه علوم پزشکی بوشهر,,در جدول ذکر نشده,تعهد خدمت,2,زن و مرد,نیمسال اول,1404-booklet,155,36919,دندانپزشکی
1404,دندانپزشکی,دانشگاه علوم پزشکی بوشهر,,در جدول ذکر نشده,تعهد خدمت,15,زن و مرد,نیمسال اول,1404-correction-7,12,37099,دندانپزشکی
1404,دندانپزشکی,دانشگاه علوم پزشکی بوشهر,بوشهر,روزانه,بورسیه / شرایط خاص,3,زن 1 نفر و مرد 2 نفر,نیمسال اول,1404-correction-7,1,32182,دندانپزشکی
1404,دندانپزشکی,دانشگاه علوم پزشکی بوشهر,بوشهر,روزانه,عادی,7,زن و مرد,نیمسال اول,1404-correction-7,12,32181,دندانپزشکی
1404,دندانپزشکی,دانشگاه علوم پزشکی بیرجند,,در جدول ذکر نشده,تعهد خدمت,12,زن و مرد,نیمسال اول,1404-booklet,155,36925,دندانپزشکی
1404,دندانپزشکی,دانشگاه علوم پزشکی بیرجند,,در جدول ذکر نشده,تعهد خدمت,1,زن و مرد,نیمسال اول,1404-correction-7,12,37292,دندانپزشکی
1404,دندانپزشکی,دانشگاه علوم پزشکی بیرجند,,در جدول ذکر نشده,تعهد خدمت,6,زن و مرد,نیمسال اول,1404-correction-7,4,39224,دندانپزشکی
1404,دندانپزشکی,دانشگاه علوم پزشکی بیرجند,,در جدول ذکر نشده,تعهد خدمت,12,زن و مرد,نیمسال دوم,1404-booklet,155,36926,دندانپزشکی
1404,دندانپزشکی,دانشگاه علوم پزشکی بیرجند,,در جدول ذکر نشده,تعهد خدمت,1,زن و مرد,نیمسال دوم,1404-correction-7,12,37293,دندانپزشکی
1404,دندانپزشکی,دانشگاه علوم پزشکی بیرجند,,در جدول ذکر نشده,تعهد خدمت,6,زن و مرد,نیمسال دوم,1404-correction-7,4,39225,دندانپزشکی
1404,دندانپزشکی,دانشگاه علوم پزشکی بیرجند,خراسان جنوبی,روزانه,عادی,8,زن و مرد,نیمسال اول,1404-correction-7,12,32486,دندانپزشکی
1404,دندانپزشکی,دانشگاه علوم پزشکی بیرجند,خراسان جنوبی,روزانه,عادی,8,زن و مرد,نیمسال دوم,1404-correction-7,12,32487,دندانپزشکی
1404,دندانپزشکی,دانشگاه علوم پزشکی بیرجند,خراسان جنوبی,شهریه‌پرداز,عادی,1,زن و مرد,نیمسال دوم,1404-booklet,65,32505,دندانپزشکی
1404,دندانپزشکی,دانشگاه علوم پزشکی تبریز,,در جدول ذکر نشده,تعهد خدمت,1,زن و مرد,نیمسال اول,1404-correction-7,13,37341,دندانپزشکی
1404,دندانپزشکی,دانشگاه علوم پزشکی تبریز,,در جدول ذکر نشده,تعهد خدمت,19,زن و مرد,نیمسال اول,1404-correction-7,3,39203,دندانپزشکی
1404,دندانپزشکی,دانشگاه علوم پزشکی تبریز,,در جدول ذکر نشده,تعهد خدمت,1,زن و مرد,نیمسال دوم,1404-correction-7,13,37374,دندانپزشکی
1404,دندانپزشکی,دانشگاه علوم پزشکی تبریز,,در جدول ذکر نشده,تعهد خدمت,19,زن و مرد,نیمسال دوم,1404-correction-7,3,39204,دندانپزشکی
1404,دندانپزشکی,دانشگاه علوم پزشکی تبریز,آذربایجان شرقی,روزانه,بورسیه / شرایط خاص,1,زن,نیمسال دوم,1404-booklet,38,31807,دندانپزشکی
1404,دندانپزشکی,دانشگاه علوم پزشکی تبریز,آذربایجان شرقی,روزانه,عادی,27,زن و مرد,نیمسال اول,1404-correction-7,13,31806,دندانپزشکی
1404,دندانپزشکی,دانشگاه علوم پزشکی تبریز,آذربایجان شرقی,روزانه,عادی,27,زن و مرد,نیمسال دوم,1404-correction-7,13,31808,دندانپزشکی
1404,دندانپزشکی,دانشگاه علوم پزشکی تبریز,آذربایجان شرقی,شهریه‌پرداز,عادی,3,زن و مرد,نیمسال اول,1404-correction-7,13,31843,دندانپزشکی
1404,دندانپزشکی,دانشگاه علوم پزشکی تبریز,آذربایجان شرقی,شهریه‌پرداز,عادی,2,زن و مرد,نیمسال دوم,1404-booklet,39,31844,دندانپزشکی
1404,دندانپزشکی,دانشگاه علوم پزشکی تهران,,در جدول ذکر نشده,تعهد خدمت,1,زن و مرد,نیمسال اول,1404-correction-7,14,37100,دندانپزشکی
1404,دندانپزشکی,دانشگاه علوم پزشکی تهران,,در جدول ذکر نشده,تعهد خدمت,1,زن و مرد,نیمسال اول,1404-correction-7,14,37294,دندانپزشکی
1404,دندانپزشکی,دانشگاه علوم پزشکی تهران,,در جدول ذکر نشده,تعهد خدمت,1,زن و مرد,نیمسال اول,1404-correction-7,14,37342,دندانپزشکی
1404,دندانپزشکی,دانشگاه علوم پزشکی تهران,,در جدول ذکر نشده,تعهد خدمت,1,زن و مرد,نیمسال اول,1404-correction-7,14,37507,دندانپزشکی
1404,دندانپزشکی,دانشگاه علوم پزشکی تهران,,در جدول ذکر نشده,تعهد خدمت,37,زن و مرد,نیمسال اول,1404-correction-7,3,39218,دندانپزشکی
1404,دندانپزشکی,دانشگاه علوم پزشکی تهران,تهران,روزانه,عادی,60,زن و مرد,نیمسال اول,1404-correction-7,14,32330,دندانپزشکی
1404,دندانپزشکی,دانشگاه علوم پزشکی تهران,تهران,شهریه‌پرداز,عادی,10,زن و مرد,نیمسال اول,1404-correction-7,14,32363,دندانپزشکی
1404,دندانپزشکی,دانشگاه علوم پزشکی جندیشاپور,,در جدول ذکر نشده,تعهد خدمت,6,زن و مرد,نیمسال اول,1404-booklet,157,36945,دندانپزشکی
1404,دندانپزشکی,دانشگاه علوم پزشکی جندیشاپور,,در جدول ذکر نشده,تعهد خدمت,8,زن و مرد,نیمسال اول,1404-booklet,157,36946,دندانپزشکی
1404,دندانپزشکی,دانشگاه علوم پزشکی جندیشاپور,,در جدول ذکر نشده,تعهد خدمت,18,زن و مرد,نیمسال اول,1404-correction-7,14,37119,دندانپزشکی
1404,دندانپزشکی,دانشگاه علوم پزشکی جندیشاپور,,در جدول ذکر نشده,تعهد خدمت,1,زن و مرد,نیمسال اول,1404-correction-7,14,37295,دندانپزشکی
1404,دندانپزشکی,دانشگاه علوم پزشکی جندیشاپور,,در جدول ذکر نشده,تعهد خدمت,1,زن و مرد,نیمسال اول,1404-correction-7,14,37296,دندانپزشکی
1404,دندانپزشکی,دانشگاه علوم پزشکی جندیشاپور,,در جدول ذکر نشده,تعهد خدمت,17,زن و مرد,نیمسال دوم,1404-correction-7,4,39236,دندانپزشکی
1404,دندانپزشکی,دانشگاه علوم پزشکی جندیشاپور,خوزستان,روزانه,بورسیه / شرایط خاص,3,زن 1 نفر و مرد 2 نفر,نیمسال اول,1404-correction-7,2,32797,دندانپزشکی
1404,دندانپزشکی,دانشگاه علوم پزشکی جندیشاپور,خوزستان,روزانه,بورسیه / شرایط خاص,1,مرد,نیمسال اول,1404-booklet,75,32798,دندانپزشکی
1404,دندانپزشکی,دانشگاه علوم پزشکی جندیشاپور,خوزستان,روزانه,عادی,42,زن و مرد,نیمسال اول,1404-correction-7,14,32796,دندانپزشکی
1404,دندانپزشکی,دانشگاه علوم پزشکی جندیشاپور,خوزستان,شهریه‌پرداز,عادی,3,زن و مرد,نیمسال اول,1404-booklet,76,32830,دندانپزشکی
1404,دندانپزشکی,دانشگاه علوم پزشکی خراسان شمالی,,در جدول ذکر نشده,تعهد خدمت,2,زن و مرد,نیمسال اول,1404-correction-7,16,37297,دندانپزشکی
1404,دندانپزشکی,دانشگاه علوم پزشکی خراسان شمالی,,در جدول ذکر نشده,تعهد خدمت,5,زن و مرد,نیمسال اول,1404-correction-7,4,39233,دندانپزشکی
1404,دندانپزشکی,دانشگاه علوم پزشکی خراسان شمالی,خراسان شمالی,روزانه,عادی,18,زن و مرد,نیمسال اول,1404-correction-7,15,32741,دندانپزشکی
1404,دندانپزشکی,دانشگاه علوم پزشکی رفسنجان,,در جدول ذکر نشده,تعهد خدمت,2,زن و مرد,نیمسال اول,1404-correction-7,16,37298,دندانپزشکی
1404,دندانپزشکی,دانشگاه علوم پزشکی رفسنجان,,در جدول ذکر نشده,تعهد خدمت,6,زن و مرد,نیمسال اول,1404-correction-7,16,37349,دندانپزشکی
1404,دندانپزشکی,دانشگاه علوم پزشکی رفسنجان,,در جدول ذکر نشده,تعهد خدمت,3,زن و مرد,نیمسال اول,1404-correction-7,5,39250,دندانپزشکی
1404,دندانپزشکی,دانشگاه علوم پزشکی رفسنجان,کرمان,روزانه,عادی,20,زن و مرد,نیمسال اول,1404-correction-7,16,33464,دندانپزشکی
1404,دندانپزشکی,دانشگاه علوم پزشکی زاهدان,,در جدول ذکر نشده,تعهد خدمت,5,زن 1 نفر و مرد 4 نفر,نیمسال اول,1404-booklet,158,36962,دندانپزشکی
1404,دندانپزشکی,دانشگاه علوم پزشکی زاهدان,,در جدول ذکر نشده,تعهد خدمت,9,زن 3 نفر و مرد 6 نفر,نیمسال اول,1404-booklet,157,36961,دندانپزشکی
1404,دندانپزشکی,دانشگاه علوم پزشکی زاهدان,,در جدول ذکر نشده,تعهد خدمت,10,زن و مرد,نیمسال اول,1404-booklet,131,37301,دندانپزشکی
1404,دندانپزشکی,دانشگاه علوم پزشکی زاهدان,,در جدول ذکر نشده,تعهد خدمت,1,زن و مرد,نیمسال اول,1404-correction-7,17,37302,دندانپزشکی
1404,دندانپزشکی,دانشگاه علوم پزشکی زاهدان,,در جدول ذکر نشده,تعهد خدمت,8,زن 4 نفر و مرد 4 نفر,نیمسال دوم,1404-booklet,158,36963,دندانپزشکی
1404,دندانپزشکی,دانشگاه علوم پزشکی زاهدان,,در جدول ذکر نشده,تعهد خدمت,12,زن 5 نفر و مرد 7 نفر,نیمسال دوم,1404-booklet,157,36964,دندانپزشکی
1404,دندانپزشکی,دانشگاه علوم پزشکی زاهدان,,در جدول ذکر نشده,تعهد خدمت,1,زن و مرد,نیمسال دوم,1404-correction-7,17,37299,دندانپزشکی
1404,دندانپزشکی,دانشگاه علوم پزشکی زاهدان,,در جدول ذکر نشده,تعهد خدمت,1,زن و مرد,نیمسال دوم,1404-correction-7,17,37300,دندانپزشکی
1404,دندانپزشکی,دانشگاه علوم پزشکی زاهدان,,در جدول ذکر نشده,تعهد خدمت,11,زن و مرد,نیمسال دوم,1404-correction-7,5,39251,دندانپزشکی
1404,دندانپزشکی,دانشگاه علوم پزشکی زاهدان,سیستان و بلوچستان,روزانه,بورسیه / شرایط خاص,3,زن 1 نفر و مرد 2 نفر,نیمسال دوم,1404-correction-7,2,33109,دندانپزشکی
1404,دندانپزشکی,دانشگاه علوم پزشکی زاهدان,سیستان و بلوچستان,روزانه,عادی,9,زن و مرد,نیمسال اول,1404-correction-7,16,33107,دندانپزشکی
1404,دندانپزشکی,دانشگاه علوم پزشکی زاهدان,سیستان و بلوچستان,روزانه,عادی,9,زن و مرد,نیمسال دوم,1404-correction-7,16,33108,دندانپزشکی
1404,دندانپزشکی,دانشگاه علوم پزشکی زاهدان,سیستان و بلوچستان,شهریه‌پرداز,عادی,1,زن و مرد,نیمسال دوم,1404-booklet,87,33143,دندانپزشکی
1404,دندانپزشکی,دانشگاه علوم پزشکی زنجان,,در جدول ذکر نشده,تعهد خدمت,1,زن و مرد,نیمسال اول,1404-correction-7,17,37343,دندانپزشکی
1404,دندانپزشکی,دانشگاه علوم پزشکی زنجان,,در جدول ذکر نشده,تعهد خدمت,15,زن و مرد,نیمسال اول,1404-correction-7,4,39237,دندانپزشکی
1404,دندانپزشکی,دانشگاه علوم پزشکی زنجان,زنجان,روزانه,عادی,33,زن و مرد,نیمسال اول,1404-booklet,81,32958,دندانپزشکی
1404,دندانپزشکی,دانشگاه علوم پزشکی زنجان,زنجان,شهریه‌پرداز,عادی,1,زن و مرد,نیمسال اول,1404-booklet,81,32984,دندانپزشکی
1404,دندانپزشکی,دانشگاه علوم پزشکی سمنان,,در جدول ذکر نشده,تعهد خدمت,1,زن و مرد,نیمسال اول,1404-correction-7,18,37303,دندانپزشکی
1404,دندانپزشکی,دانشگاه علوم پزشکی سمنان,,در جدول ذکر نشده,تعهد خدمت,22,زن و مرد,نیمسال اول,1404-correction-7,4,39240,دندانپزشکی
1404,دندانپزشکی,دانشگاه علوم پزشکی سمنان,سمنان,روزانه,عادی,18,زن و مرد,نیمسال اول,1404-correction-7,18,33002,دندانپزشکی
1404,دندانپزشکی,دانشگاه علوم پزشکی شهرکرد,,در جدول ذکر نشده,تعهد خدمت,5,زن و مرد,نیمسال اول,1404-booklet,155,36922,دندانپزشکی
1404,دندانپزشکی,دانشگاه علوم پزشکی شهرکرد,,در جدول ذکر نشده,تعهد خدمت,1,زن و مرد,نیمسال اول,1404-correction-7,18,37508,دندانپزشکی
1404,دندانپزشکی,دانشگاه علوم پزشکی شهرکرد,,در جدول ذکر نشده,تعهد خدمت,3,زن و مرد,نیمسال اول,1404-correction-7,4,39221,دندانپزشکی
1404,دندانپزشکی,دانشگاه علوم پزشکی شهرکرد,چهارمحال و بختیاری,روزانه,بورسیه / شرایط خاص,1,مرد,نیمسال اول,1404-booklet,64,32453,دندانپزشکی
1404,دندانپزشکی,دانشگاه علوم پزشکی شهرکرد,چهارمحال و بختیاری,روزانه,عادی,16,زن و مرد,نیمسال اول,1404-correction-7,18,32452,دندانپزشکی
1404,دندانپزشکی,دانشگاه علوم پزشکی شهید بهشتی,,در جدول ذکر نشده,تعهد خدمت,13,زن و مرد,نیمسال اول,1404-correction-7,19,37107,دندانپزشکی
1404,دندانپزشکی,دانشگاه علوم پزشکی شهید بهشتی,,در جدول ذکر نشده,تعهد خدمت,2,زن و مرد,نیمسال اول,1404-correction-7,19,37304,دندانپزشکی
1404,دندانپزشکی,دانشگاه علوم پزشکی شهید بهشتی,,در جدول ذکر نشده,تعهد خدمت,2,زن و مرد,نیمسال اول,1404-correction-7,19,37344,دندانپزشکی
1404,دندانپزشکی,دانشگاه علوم پزشکی شهید بهشتی,,در جدول ذکر نشده,تعهد خدمت,2,زن و مرد,نیمسال دوم,1404-correction-7,19,37101,دندانپزشکی
1404,دندانپزشکی,دانشگاه علوم پزشکی شهید بهشتی,,در جدول ذکر نشده,تعهد خدمت,2,زن و مرد,نیمسال دوم,1404-correction-7,19,37509,دندانپزشکی
1404,دندانپزشکی,دانشگاه علوم پزشکی شهید بهشتی,,در جدول ذکر نشده,تعهد خدمت,13,زن و مرد,نیمسال دوم,1404-correction-7,3,39219,دندانپزشکی
1404,دندانپزشکی,دانشگاه علوم پزشکی شهید بهشتی,تهران,روزانه,عادی,35,زن و مرد,نیمسال اول,1404-correction-7,19,32369,دندانپزشکی
1404,دندانپزشکی,دانشگاه علوم پزشکی شهید بهشتی,تهران,روزانه,عادی,35,زن و مرد,نیمسال دوم,1404-correction-7,19,32370,دندانپزشکی
1404,دندانپزشکی,دانشگاه علوم پزشکی شهید بهشتی,تهران,شهریه‌پرداز,عادی,4,زن و مرد,نیمسال اول,1404-booklet,62,32401,دندانپزشکی
1404,دندانپزشکی,دانشگاه علوم پزشکی شهید بهشتی,تهران,شهریه‌پرداز,عادی,3,زن و مرد,نیمسال دوم,1404-booklet,62,32402,دندانپزشکی
1404,دندانپزشکی,دانشگاه علوم پزشکی شیراز,,در جدول ذکر نشده,تعهد خدمت,4,زن و مرد,نیمسال اول,1404-booklet,158,36969,دندانپزشکی
1404,دندانپزشکی,دانشگاه علوم پزشکی شیراز,,در جدول ذکر نشده,تعهد خدمت,4,زن و مرد,نیمسال اول,1404-correction-7,19,37305,دندانپزشکی
1404,دندانپزشکی,دانشگاه علوم پزشکی شیراز,,در جدول ذکر نشده,تعهد خدمت,4,زن و مرد,نیمسال اول,1404-correction-7,19,37306,دندانپزشکی
1404,دندانپزشکی,دانشگاه علوم پزشکی شیراز,,در جدول ذکر نشده,تعهد خدمت,4,زن و مرد,نیمسال اول,1404-correction-7,5,39252,دندانپزشکی
1404,دندانپزشکی,دانشگاه علوم پزشکی شیراز,,در جدول ذکر نشده,تعهد خدمت,24,زن و مرد,نیمسال اول,1404-correction-7,6,39264,دندانپزشکی
1404,دندانپزشکی,دانشگاه علوم پزشکی شیراز,فارس,روزانه,بورسیه / شرایط خاص,1,زن,نیمسال اول,1404-booklet,89,33199,دندانپزشکی
1404,دندانپزشکی,دانشگاه علوم پزشکی شیراز,فارس,روزانه,عادی,54,زن و مرد,نیمسال اول,1404-correction-7,19,33198,دندانپزشکی
1404,دندانپزشکی,دانشگاه علوم پزشکی شیراز,فارس,شهریه‌پرداز,عادی,4,زن و مرد,نیمسال اول,1404-booklet,90,33229,دندانپزشکی
1404,دندانپزشکی,دانشگاه علوم پزشکی قزوین,,در جدول ذکر نشده,تعهد خدمت,1,زن و مرد,نیمسال اول,1404-correction-7,20,37375,دندانپزشکی
1404,دندانپزشکی,دانشگاه علوم پزشکی قزوین,,در جدول ذکر نشده,تعهد خدمت,12,زن و مرد,نیمسال اول,1404-correction-7,6,39266,دندانپزشکی
1404,دندانپزشکی,دانشگاه علوم پزشکی قزوین,قزوین,روزانه,عادی,23,زن و مرد,نیمسال اول,1404-correction-7,20,33334,دندانپزشکی
1404,دندانپزشکی,دانشگاه علوم پزشکی قزوین,قزوین,شهریه‌پرداز,عادی,1,زن و مرد,نیمسال اول,1404-booklet,95,33351,دندانپزشکی
1404,دندانپزشکی,دانشگاه علوم پزشکی قم,,در جدول ذکر نشده,تعهد خدمت,3,زن و مرد,نیمسال اول,1404-booklet,158,36975,دندانپزشکی
1404,دندانپزشکی,دانشگاه علوم پزشکی قم,,در جدول ذکر نشده,تعهد خدمت,1,زن و مرد,نیمسال اول,1404-correction-7,20,37307,دندانپزشکی
1404,دندانپزشکی,دانشگاه علوم پزشکی قم,,در جدول ذکر نشده,تعهد خدمت,12,زن و مرد,نیمسال اول,1404-correction-7,20,37321,دندانپزشکی
1404,دندانپزشکی,دانشگاه علوم پزشکی قم,قم,روزانه,عادی,18,زن و مرد,نیمسال اول,1404-correction-7,20,33365,دندانپزشکی
1404,دندانپزشکی,دانشگاه علوم پزشکی لرستان,,در جدول ذکر نشده,تعهد خدمت,12,زن و مرد,نیمسال اول,1404-correction-7,23,37380,دندانپزشکی
1404,دندانپزشکی,دانشگاه علوم پزشکی لرستان,لرستان,روزانه,عادی,13,زن و مرد,نیمسال اول,1404-correction-7,23,33758,دندانپزشکی
1404,دندانپزشکی,دانشگاه علوم پزشکی مازندران,,در جدول ذکر نشده,تعهد خدمت,1,زن و مرد,نیمسال اول,1404-correction-7,23,37310,دندانپزشکی
1404,دندانپزشکی,دانشگاه علوم پزشکی مازندران,,در جدول ذکر نشده,تعهد خدمت,21,زن و مرد,نیمسال اول,1404-correction-7,7,39307,دندانپزشکی
1404,دندانپزشکی,دانشگاه علوم پزشکی مازندران,مازندران,روزانه,عادی,22,زن و مرد,نیمسال اول,1404-correction-7,23,33799,دندانپزشکی
1404,دندانپزشکی,دانشگاه علوم پزشکی مازندران,مازندران,شهریه‌پرداز,عادی,3,زن و مرد,نیمسال اول,1404-booklet,112,33819,دندانپزشکی
1404,دندانپزشکی,دانشگاه علوم پزشکی مشهد,,در جدول ذکر نشده,تعهد خدمت,2,زن و مرد,نیمسال اول,1404-booklet,156,36935,دندانپزشکی
1404,دندانپزشکی,دانشگاه علوم پزشکی مشهد,,در جدول ذکر نشده,تعهد خدمت,12,زن و مرد,نیمسال اول,1404-correction-7,23,37312,دندانپزشکی
1404,دندانپزشکی,دانشگاه علوم پزشکی مشهد,,در جدول ذکر نشده,تعهد خدمت,9,زن و مرد,نیمسال اول,1404-correction-7,23,37313,دندانپزشکی
1404,دندانپزشکی,دانشگاه علوم پزشکی مشهد,,در جدول ذکر نشده,تعهد خدمت,4,زن و مرد,نیمسال دوم,1404-booklet,156,36934,دندانپزشکی
1404,دندانپزشکی,دانشگاه علوم پزشکی مشهد,,در جدول ذکر نشده,تعهد خدمت,1,زن و مرد,نیمسال دوم,1404-correction-7,23,37311,دندانپزشکی
1404,دندانپزشکی,دانشگاه علوم پزشکی مشهد,,در جدول ذکر نشده,تعهد خدمت,12,زن و مرد,نیمسال دوم,1404-correction-7,4,39230,دندانپزشکی
1404,دندانپزشکی,دانشگاه علوم پزشکی مشهد,,در جدول ذکر نشده,تعهد خدمت,8,زن و مرد,نیمسال دوم,1404-correction-7,5,39257,دندانپزشکی
1404,دندانپزشکی,دانشگاه علوم پزشکی مشهد,خراسان رضوی,روزانه,عادی,30,زن و مرد,نیمسال اول,1404-correction-7,23,32639,دندانپزشکی
1404,دندانپزشکی,دانشگاه علوم پزشکی مشهد,خراسان رضوی,روزانه,عادی,30,زن و مرد,نیمسال دوم,1404-correction-7,23,32640,دندانپزشکی
1404,دندانپزشکی,دانشگاه علوم پزشکی مشهد,خراسان رضوی,شهریه‌پرداز,عادی,2,زن و مرد,نیمسال اول,1404-booklet,71,32668,دندانپزشکی
1404,دندانپزشکی,دانشگاه علوم پزشکی مشهد,خراسان رضوی,شهریه‌پرداز,عادی,3,زن و مرد,نیمسال دوم,1404-booklet,71,32669,دندانپزشکی
1404,دندانپزشکی,دانشگاه علوم پزشکی همدان,,در جدول ذکر نشده,تعهد خدمت,13,زن و مرد,نیمسال اول,1404-booklet,160,37004,دندانپزشکی
1404,دندانپزشکی,دانشگاه علوم پزشکی همدان,,در جدول ذکر نشده,تعهد خدمت,1,زن و مرد,نیمسال اول,1404-correction-7,24,37511,دندانپزشکی
1404,دندانپزشکی,دانشگاه علوم پزشکی همدان,,در جدول ذکر نشده,تعهد خدمت,1,زن و مرد,نیمسال اول,1404-correction-7,24,37512,دندانپزشکی
1404,دندانپزشکی,دانشگاه علوم پزشکی همدان,,در جدول ذکر نشده,تعهد خدمت,16,زن و مرد,نیمسال اول,1404-correction-7,8,39320,دندانپزشکی
1404,دندانپزشکی,دانشگاه علوم پزشکی همدان,همدان,روزانه,عادی,40,زن و مرد,نیمسال اول,1404-correction-7,24,34008,دندانپزشکی
1404,دندانپزشکی,دانشگاه علوم پزشکی همدان,همدان,شهریه‌پرداز,عادی,3,زن و مرد,نیمسال اول,1404-booklet,119,34038,دندانپزشکی
1404,دندانپزشکی,دانشگاه علوم پزشکی کاشان,,در جدول ذکر نشده,تعهد خدمت,7,زن و مرد,نیمسال اول,1404-correction-7,21,37059,دندانپزشکی
1404,دندانپزشکی,دانشگاه علوم پزشکی کاشان,,در جدول ذکر نشده,تعهد خدمت,2,زن و مرد,نیمسال اول,1404-correction-7,21,37308,دندانپزشکی
1404,دندانپزشکی,دانشگاه علوم پزشکی کاشان,,در جدول ذکر نشده,تعهد خدمت,2,زن و مرد,نیمسال اول,1404-correction-7,21,37309,دندانپزشکی
1404,دندانپزشکی,دانشگاه علوم پزشکی کاشان,اصفهان,روزانه,بورسیه / شرایط خاص,1,مرد,نیمسال اول,1404-booklet,47,32075,دندانپزشکی
1404,دندانپزشکی,دانشگاه علوم پزشکی کاشان,اصفهان,روزانه,عادی,14,زن و مرد,نیمسال اول,1404-correction-7,21,32074,دندانپزشکی
1404,دندانپزشکی,دانشگاه علوم پزشکی کردستان,,در جدول ذکر نشده,تعهد خدمت,17,زن و مرد,نیمسال اول,1404-correction-7,21,37345,دندانپزشکی
1404,دندانپزشکی,دانشگاه علوم پزشکی کردستان,کردستان,روزانه,عادی,18,زن و مرد,نیمسال اول,1404-correction-7,21,33397,دندانپزشکی
1404,دندانپزشکی,دانشگاه علوم پزشکی کرمان,,در جدول ذکر نشده,تعهد خدمت,1,زن و مرد,نیمسال اول,1404-correction-7,21,37102,دندانپزشکی
1404,دندانپزشکی,دانشگاه علوم پزشکی کرمان,,در جدول ذکر نشده,تعهد خدمت,1,زن و مرد,نیمسال اول,1404-correction-7,5,39253,دندانپزشکی
1404,دندانپزشکی,دانشگاه علوم پزشکی کرمان,,در جدول ذکر نشده,تعهد خدمت,3,زن و مرد,نیمسال اول,1404-correction-7,5,39254,دندانپزشکی
1404,دندانپزشکی,دانشگاه علوم پزشکی کرمان,,در جدول ذکر نشده,تعهد خدمت,3,زن و مرد,نیمسال اول,1404-correction-7,5,39255,دندانپزشکی
1404,دندانپزشکی,دانشگاه علوم پزشکی کرمان,,در جدول ذکر نشده,تعهد خدمت,3,زن و مرد,نیمسال اول,1404-correction-7,5,39256,دندانپزشکی
1404,دندانپزشکی,دانشگاه علوم پزشکی کرمان,,در جدول ذکر نشده,تعهد خدمت,17,زن و مرد,نیمسال اول,1404-correction-7,6,39283,دندانپزشکی
1404,دندانپزشکی,دانشگاه علوم پزشکی کرمان,,در جدول ذکر نشده,تعهد خدمت,3,زن و مرد,نیمسال اول,1404-correction-7,8,39317,دندانپزشکی
1404,دندانپزشکی,دانشگاه علوم پزشکی کرمان,کرمان,روزانه,عادی,42,زن و مرد,نیمسال اول,1404-correction-7,21,33490,دندانپزشکی
1404,دندانپزشکی,دانشگاه علوم پزشکی کرمان,کرمان,شهریه‌پرداز,عادی,2,زن و مرد,نیمسال اول,1404-booklet,101,33514,دندانپزشکی
1404,دندانپزشکی,دانشگاه علوم پزشکی کرمانشاه,,در جدول ذکر نشده,تعهد خدمت,10,زن و مرد,نیمسال اول,1404-booklet,159,36984,دندانپزشکی
1404,دندانپزشکی,دانشگاه علوم پزشکی کرمانشاه,,در جدول ذکر نشده,تعهد خدمت,8,زن و مرد,نیمسال اول,1404-correction-7,22,37346,دندانپزشکی
1404,دندانپزشکی,دانشگاه علوم پزشکی کرمانشاه,,در جدول ذکر نشده,تعهد خدمت,4,زن و مرد,نیمسال اول,1404-correction-7,3,39213,دندانپزشکی
1404,دندانپزشکی,دانشگاه علوم پزشکی کرمانشاه,,در جدول ذکر نشده,تعهد خدمت,19,زن و مرد,نیمسال اول,1404-correction-7,7,39286,دندانپزشکی
1404,دندانپزشکی,دانشگاه علوم پزشکی کرمانشاه,کرمانشاه,روزانه,عادی,29,زن و مرد,نیمسال اول,1404-correction-7,22,33547,دندانپزشکی
1404,دندانپزشکی,دانشگاه علوم پزشکی کرمانشاه,کرمانشاه,شهریه‌پرداز,عادی,2,زن و مرد,نیمسال اول,1404-booklet,103,33577,دندانپزشکی
1404,دندانپزشکی,دانشگاه علوم پزشکی گلستان,,در جدول ذکر نشده,تعهد خدمت,7,زن و مرد,نیمسال دوم,1404-correction-7,22,37376,دندانپزشکی
1404,دندانپزشکی,دانشگاه علوم پزشکی گلستان,گلستان,روزانه,عادی,15,زن و مرد,نیمسال دوم,1404-correction-7,22,33624,دندانپزشکی
1404,دندانپزشکی,دانشگاه علوم پزشکی گلستان,گلستان,شهریه‌پرداز,عادی,1,زن و مرد,نیمسال دوم,1404-booklet,105,33642,دندانپزشکی
1404,دندانپزشکی,دانشگاه علوم پزشکی گیالن,,در جدول ذکر نشده,تعهد خدمت,1,زن و مرد,نیمسال اول,1404-correction-7,22,37347,دندانپزشکی
1404,دندانپزشکی,دانشگاه علوم پزشکی گیالن,,در جدول ذکر نشده,تعهد خدمت,9,زن و مرد,نیمسال اول,1404-correction-7,7,39301,دندانپزشکی
1404,دندانپزشکی,دانشگاه علوم پزشکی گیالن,,در جدول ذکر نشده,تعهد خدمت,1,زن و مرد,نیمسال دوم,1404-correction-7,22,37104,دندانپزشکی
1404,دندانپزشکی,دانشگاه علوم پزشکی گیالن,,در جدول ذکر نشده,تعهد خدمت,1,زن و مرد,نیمسال دوم,1404-correction-7,22,37377,دندانپزشکی
1404,دندانپزشکی,دانشگاه علوم پزشکی گیالن,,در جدول ذکر نشده,تعهد خدمت,8,زن و مرد,نیمسال دوم,1404-correction-7,7,39302,دندانپزشکی
1404,دندانپزشکی,دانشگاه علوم پزشکی گیالن,گیالن,شهریه‌پرداز,عادی,15,زن و مرد,نیمسال دوم,1404-correction-7,22,33692,دندانپزشکی
1404,دندانپزشکی,دانشگاه علوم پزشکی گیالن,گیالن,روزانه,عادی,20,زن و مرد,نیمسال اول,1404-correction-7,22,33658,دندانپزشکی
1404,دندانپزشکی,دانشگاه علوم پزشکی گیالن,گیالن,روزانه,عادی,19,زن و مرد,نیمسال دوم,1404-correction-7,22,33659,دندانپزشکی
1404,دندانپزشکی,دانشگاه علوم پزشکی یاسوج,,در جدول ذکر نشده,تعهد خدمت,6,زن و مرد,نیمسال اول,1404-booklet,159,36988,دندانپزشکی
1404,دندانپزشکی,دانشگاه علوم پزشکی یاسوج,,در جدول ذکر نشده,تعهد خدمت,1,زن و مرد,نیمسال اول,1404-correction-7,24,37314,دندانپزشکی
1404,دندانپزشکی,دانشگاه علوم پزشکی یاسوج,,در جدول ذکر نشده,تعهد خدمت,7,زن و مرد,نیمسال اول,1404-correction-7,7,39289,دندانپزشکی
1404,دندانپزشکی,دانشگاه علوم پزشکی یاسوج,کهگیلویه و بویراحمد,روزانه,عادی,12,زن و مرد,نیمسال اول,1404-correction-7,24,33601,دندانپزشکی
1404,دندانپزشکی,دانشگاه علوم پزشکی یزد,,در جدول ذکر نشده,تعهد خدمت,1,زن و مرد,نیمسال اول,1404-correction-7,24,37315,دندانپزشکی
1404,دندانپزشکی,دانشگاه علوم پزشکی یزد,,در جدول ذکر نشده,تعهد خدمت,1,زن و مرد,نیمسال اول,1404-correction-7,24,37513,دندانپزشکی
1404,دندانپزشکی,دانشگاه علوم پزشکی یزد,,در جدول ذکر نشده,تعهد خدمت,26,زن و مرد,نیمسال اول,1404-correction-7,24,37514,دندانپزشکی
1404,دندانپزشکی,دانشگاه علوم پزشکی یزد,,در جدول ذکر نشده,تعهد خدمت,2,زن و مرد,نیمسال اول,1404-correction-7,5,39258,دندانپزشکی
1404,دندانپزشکی,دانشگاه علوم پزشکی یزد,,در جدول ذکر نشده,تعهد خدمت,3,زن و مرد,نیمسال اول,1404-correction-7,5,39259,دندانپزشکی
1404,دندانپزشکی,دانشگاه علوم پزشکی یزد,,در جدول ذکر نشده,تعهد خدمت,2,زن و مرد,نیمسال اول,1404-correction-7,5,39260,دندانپزشکی
1404,دندانپزشکی,دانشگاه علوم پزشکی یزد,یزد,روزانه,عادی,38,زن و مرد,نیمسال اول,1404-correction-7,24,34090,دندانپزشکی
1404,دندانپزشکی,دانشگاه علوم پزشکی یزد,یزد,شهریه‌پرداز,عادی,5,زن و مرد,نیمسال دوم,1404-booklet,122,34096,دندانپزشکی
