year,major,university,campus,province,program_type,program_type_raw,admission_category,capacity,gender,intake,admission_conditions,source_id,source_page,base_source_id,base_source_page,notes
1404,زیست‌شناسی سلولی و مولکولی,دانشگاه پیام نور استان آذربایجان غربی -مرکز ارومیه,,آذربایجان غربی,پیام نور,پیام نور,عادی,40,زن و مرد,نیمسال اول,,1404-booklet,310,1404-booklet,310,کدرشته‌محل منبع: 10059؛ عنوان رشته در منبع: زیست شناسی سلولی و مولکولی؛ نحوه پذیرش: صرفاً با سوابق تحصیلی
1404,زیست‌شناسی سلولی و مولکولی,دانشگاه پیام نور استان آذربایجان غربی -مرکز خوی,,آذربایجان غربی,پیام نور,پیام نور,عادی,30,زن و مرد,نیمسال اول,,1404-booklet,312,1404-booklet,312,کدرشته‌محل منبع: 10131؛ عنوان رشته در منبع: زیست شناسی سلولی و مولکولی؛ نحوه پذیرش: صرفاً با سوابق تحصیلی
1404,زیست‌شناسی سلولی و مولکولی,دانشگاه پیام نور استان آذربایجان غربی -مرکز شاهیندژ,,آذربایجان غربی,پیام نور,پیام نور,عادی,30,زن و مرد,نیمسال اول,,1404-booklet,312,1404-booklet,312,کدرشته‌محل منبع: 10152؛ عنوان رشته در منبع: زیست شناسی سلولی و مولکولی؛ نحوه پذیرش: صرفاً با سوابق تحصیلی
1404,زیست‌شناسی سلولی و مولکولی,دانشگاه پیام نور استان آذربایجان غربی -مرکز میاندواب,,آذربایجان غربی,پیام نور,پیام نور,عادی,30,زن و مرد,نیمسال اول,,1404-booklet,314,1404-booklet,314,کدرشته‌محل منبع: 10205؛ عنوان رشته در منبع: زیست شناسی سلولی و مولکولی؛ نحوه پذیرش: صرفاً با سوابق تحصیلی
1404,زیست‌شناسی سلولی و مولکولی,دانشگاه پیام نور استان آذربایجان غربی -مرکز نقده,,آذربایجان غربی,پیام نور,پیام نور,عادی,20,زن و مرد,نیمسال اول,,1404-booklet,314,1404-booklet,314,کدرشته‌محل منبع: 10229؛ عنوان رشته در منبع: زیست شناسی سلولی و مولکولی؛ نحوه پذیرش: صرفاً با سوابق تحصیلی
1404,زیست‌شناسی سلولی و مولکولی,موسسه غیرانتفاعی صبا -ارومیه,,آذربایجان غربی,غیرانتفاعی,غیرانتفاعی,عادی,60,زن و مرد,نیمسال اول,,1404-booklet,252,1404-booklet,252,کدرشته‌محل منبع: 10315؛ عنوان رشته در منبع: زیست شناسی سلولی و مولکولی؛ نحوه پذیرش: صرفاً با سوابق تحصیلی
1404,زیست‌شناسی سلولی و مولکولی,دانشگاه پیام نور استان آذربایجان شرقی -مرکز تبریز,,آذربایجان شرقی,پیام نور,پیام نور,عادی,40,زن و مرد,نیمسال اول,,1404-booklet,305,1404-booklet,305,کدرشته‌محل منبع: 10437؛ عنوان رشته در منبع: زیست شناسی سلولی و مولکولی؛ نحوه پذیرش: صرفاً با سوابق تحصیلی
1404,زیست‌شناسی سلولی و مولکولی,دانشگاه پیام نور استان آذربایجان شرقی -مرکز شبستر,,آذربایجان شرقی,پیام نور,پیام نور,عادی,30,زن و مرد,نیمسال اول,,1404-booklet,306,1404-booklet,306,کدرشته‌محل منبع: 10480؛ عنوان رشته در منبع: زیست شناسی سلولی و مولکولی؛ نحوه پذیرش: صرفاً با سوابق تحصیلی
1404,زیست‌شناسی سلولی و مولکولی,دانشگاه پیام نور استان آذربایجان شرقی -مرکز مراغه,,آذربایجان شرقی,پیام نور,پیام نور,عادی,30,زن و مرد,نیمسال اول,,1404-booklet,307,1404-booklet,307,کدرشته‌محل منبع: 10502؛ عنوان رشته در منبع: زیست شناسی سلولی و مولکولی؛ نحوه پذیرش: صرفاً با سوابق تحصیلی
1404,زیست‌شناسی سلولی و مولکولی,دانشگاه پیام نور استان آذربایجان شرقی -مرکز مرند,,آذربایجان شرقی,پیام نور,پیام نور,عادی,30,زن و مرد,نیمسال اول,,1404-booklet,307,1404-booklet,307,کدرشته‌محل منبع: 10523؛ عنوان رشته در منبع: زیست شناسی سلولی و مولکولی؛ نحوه پذیرش: صرفاً با سوابق تحصیلی
1404,زیست‌شناسی سلولی و مولکولی,دانشگاه پیام نور استان آذربایجان شرقی -مرکز هشترود,,آذربایجان شرقی,پیام نور,پیام نور,عادی,20,زن و مرد,نیمسال اول,,1404-booklet,308,1404-booklet,308,کدرشته‌محل منبع: 10555؛ عنوان رشته در منبع: زیست شناسی سلولی و مولکولی؛ نحوه پذیرش: صرفاً با سوابق تحصیلی
1404,زیست‌شناسی سلولی و مولکولی,دانشگاه پیام نور استان آذربایجان شرقی -واحد آذرشهر,,آذربایجان شرقی,پیام نور,پیام نور,عادی,60,زن و مرد,نیمسال اول,,1404-booklet,308,1404-booklet,308,کدرشته‌محل منبع: 10567؛ عنوان رشته در منبع: زیست شناسی سلولی و مولکولی؛ نحوه پذیرش: صرفاً با سوابق تحصیلی
1404,زیست‌شناسی سلولی و مولکولی,دانشگاه پیام نور استان آذربایجان شرقی -واحد اهر,,آذربایجان شرقی,پیام نور,پیام نور,عادی,30,زن و مرد,نیمسال اول,,1404-booklet,309,1404-booklet,309,کدرشته‌محل منبع: 10591؛ عنوان رشته در منبع: زیست شناسی سلولی و مولکولی؛ نحوه پذیرش: صرفاً با سوابق تحصیلی
1404,زیست‌شناسی سلولی و مولکولی,دانشگاه پیام نور استان آذربایجان شرقی -واحد ملکان,,آذربایجان شرقی,پیام نور,پیام نور,عادی,20,زن و مرد,نیمسال اول,,1404-booklet,310,1404-booklet,310,کدرشته‌محل منبع: 10641؛ عنوان رشته در منبع: زیست شناسی سلولی و مولکولی؛ نحوه پذیرش: صرفاً با سوابق تحصیلی
1404,زیست‌شناسی سلولی و مولکولی,موسسه غیرانتفاعی ربع رشید -تبریز,,آذربایجان شرقی,غیرانتفاعی,غیرانتفاعی,عادی,60,زن و مرد,نیمسال اول,فاقد خوابگاه,1404-booklet,249,1404-booklet,249,کدرشته‌محل منبع: 10668؛ عنوان رشته در منبع: زیست شناسی سلولی و مولکولی؛ نحوه پذیرش: صرفاً با سوابق تحصیلی
1404,زیست‌شناسی سلولی و مولکولی,موسسه غیرانتفاعی سراج -تبریز,,آذربایجان شرقی,غیرانتفاعی,غیرانتفاعی,عادی,60,زن و مرد,نیمسال اول,,1404-booklet,250,1404-booklet,250,کدرشته‌محل منبع: 10692؛ عنوان رشته در منبع: زیست شناسی سلولی و مولکولی؛ نحوه پذیرش: صرفاً با سوابق تحصیلی
1404,زیست‌شناسی سلولی و مولکولی,موسسه غیرانتفاعی نبی اکرم (ص) -تبریز,,آذربایجان شرقی,غیرانتفاعی,غیرانتفاعی,عادی,60,زن و مرد,نیمسال اول,,1404-booklet,251,1404-booklet,251,کدرشته‌محل منبع: 10732؛ عنوان رشته در منبع: زیست شناسی سلولی و مولکولی؛ نحوه پذیرش: صرفاً با سوابق تحصیلی
1404,زیست‌شناسی سلولی و مولکولی,دانشگاه پیام نور استان اردبیل -مرکز اردبیل,,اردبیل,پیام نور,پیام نور,عادی,40,زن و مرد,نیمسال اول,,1404-booklet,315,1404-booklet,315,کدرشته‌محل منبع: 10803؛ عنوان رشته در منبع: زیست شناسی سلولی و مولکولی؛ نحوه پذیرش: صرفاً با سوابق تحصیلی
1404,زیست‌شناسی سلولی و مولکولی,دانشگاه پیام نور استان اصفهان -مرکز اردستان,,اصفهان,پیام نور,پیام نور,عادی,20,زن و مرد,نیمسال اول,,1404-booklet,317,1404-booklet,317,کدرشته‌محل منبع: 10948؛ عنوان رشته در منبع: زیست شناسی سلولی و مولکولی؛ نحوه پذیرش: صرفاً با سوابق تحصیلی
1404,زیست‌شناسی سلولی و مولکولی,دانشگاه پیام نور استان اصفهان -مرکز اصفهان,,اصفهان,پیام نور,پیام نور,عادی,40,زن و مرد,نیمسال اول,,1404-booklet,318,1404-booklet,318,کدرشته‌محل منبع: 10977؛ عنوان رشته در منبع: زیست شناسی سلولی و مولکولی؛ نحوه پذیرش: صرفاً با سوابق تحصیلی
1404,زیست‌شناسی سلولی و مولکولی,دانشگاه پیام نور استان اصفهان -مرکز سمیرم,,اصفهان,پیام نور,پیام نور,عادی,20,زن و مرد,نیمسال اول,,1404-booklet,320,1404-booklet,320,کدرشته‌محل منبع: 11085؛ عنوان رشته در منبع: زیست شناسی سلولی و مولکولی؛ نحوه پذیرش: صرفاً با سوابق تحصیلی
1404,زیست‌شناسی سلولی و مولکولی,دانشگاه پیام نور استان اصفهان -مرکز شاهینشهر,,اصفهان,پیام نور,پیام نور,عادی,30,زن و مرد,نیمسال اول,,1404-booklet,320,1404-booklet,320,کدرشته‌محل منبع: 11096؛ عنوان رشته در منبع: زیست شناسی سلولی و مولکولی؛ نحوه پذیرش: صرفاً با سوابق تحصیلی
1404,زیست‌شناسی سلولی و مولکولی,دانشگاه پیام نور استان اصفهان -مرکز شهرضا,,اصفهان,پیام نور,پیام نور,عادی,60,زن و مرد,نیمسال اول,,1404-booklet,321,1404-booklet,321,کدرشته‌محل منبع: 11112؛ عنوان رشته در منبع: زیست شناسی سلولی و مولکولی؛ نحوه پذیرش: صرفاً با سوابق تحصیلی
1404,زیست‌شناسی سلولی و مولکولی,دانشگاه پیام نور استان اصفهان -مرکز گلپایگان,,اصفهان,پیام نور,پیام نور,عادی,20,زن و مرد,نیمسال اول,,1404-booklet,322,1404-booklet,322,کدرشته‌محل منبع: 11171؛ عنوان رشته در منبع: زیست شناسی سلولی و مولکولی؛ نحوه پذیرش: صرفاً با سوابق تحصیلی
1404,زیست‌شناسی سلولی و مولکولی,دانشگاه پیام نور استان اصفهان -مرکز نجفآباد,,اصفهان,پیام نور,پیام نور,عادی,40,زن و مرد,نیمسال اول,,1404-booklet,323,1404-booklet,323,کدرشته‌محل منبع: 11213؛ عنوان رشته در منبع: زیست شناسی سلولی و مولکولی؛ نحوه پذیرش: صرفاً با سوابق تحصیلی
1404,زیست‌شناسی سلولی و مولکولی,دانشگاه غیرانتفاعی شهید اشرفی اصفهانی -اصفهان,,اصفهان,غیرانتفاعی,غیرانتفاعی,عادی,60,زن و مرد,نیمسال اول,معرفی به خوابگاه,1404-booklet,253,1404-booklet,253,کدرشته‌محل منبع: 11296؛ عنوان رشته در منبع: زیست شناسی سلولی و مولکولی؛ نحوه پذیرش: صرفاً با سوابق تحصیلی
1404,زیست‌شناسی سلولی و مولکولی,موسسه غیرانتفاعی پیام -گلپایگان,,اصفهان,غیرانتفاعی,غیرانتفاعی,عادی,30,زن و مرد,نیمسال اول,,1404-booklet,254,1404-booklet,254,کدرشته‌محل منبع: 11353؛ عنوان رشته در منبع: زیست شناسی سلولی و مولکولی؛ نحوه پذیرش: صرفاً با سوابق تحصیلی
1404,زیست‌شناسی سلولی و مولکولی,موسسه غیرانتفاعی نقش جهان -اصفهان,,اصفهان,غیرانتفاعی,غیرانتفاعی,عادی,60,زن و مرد,نیمسال اول,معرفی به خوابگاه,1404-booklet,257,1404-booklet,257,کدرشته‌محل منبع: 11492؛ عنوان رشته در منبع: زیست شناسی سلولی و مولکولی؛ نحوه پذیرش: صرفاً با سوابق تحصیلی
1404,زیست‌شناسی سلولی و مولکولی,موسسه غیرانتفاعی نور دانش -میمه,,اصفهان,غیرانتفاعی,غیرانتفاعی,عادی,60,زن و مرد,نیمسال اول,معرفی به خوابگاه,1404-booklet,257,1404-booklet,257,کدرشته‌محل منبع: 11502؛ عنوان رشته در منبع: زیست شناسی سلولی و مولکولی؛ نحوه پذیرش: صرفاً با سوابق تحصیلی
1404,زیست‌شناسی سلولی و مولکولی,دانشگاه پیام نور استان ایالم -مرکز ایالم,,ایالم,پیام نور,پیام نور,عادی,20,زن و مرد,نیمسال اول,,1404-booklet,327,1404-booklet,327,کدرشته‌محل منبع: 11677؛ عنوان رشته در منبع: زیست شناسی سلولی و مولکولی؛ نحوه پذیرش: صرفاً با سوابق تحصیلی
1404,زیست‌شناسی سلولی و مولکولی,دانشگاه پیام نور استان ایالم -واحد سرابله,,ایالم,پیام نور,پیام نور,عادی,20,زن و مرد,نیمسال اول,,1404-booklet,328,1404-booklet,328,کدرشته‌محل منبع: 11715؛ عنوان رشته در منبع: زیست شناسی سلولی و مولکولی؛ نحوه پذیرش: صرفاً با سوابق تحصیلی
1404,زیست‌شناسی سلولی و مولکولی,دانشگاه پیام نور استان بوشهر -مرکز بوشهر,,بوشهر,پیام نور,پیام نور,عادی,40,زن و مرد,نیمسال اول,,1404-booklet,328,1404-booklet,328,کدرشته‌محل منبع: 11780؛ عنوان رشته در منبع: زیست شناسی سلولی و مولکولی؛ نحوه پذیرش: صرفاً با سوابق تحصیلی
1404,زیست‌شناسی سلولی و مولکولی,موسسه غیرانتفاعی خرد -بوشهر,,بوشهر,غیرانتفاعی,غیرانتفاعی,عادی,60,زن و مرد,نیمسال اول,معرفی به خوابگاه,1404-booklet,259,1404-booklet,259,کدرشته‌محل منبع: 11881؛ عنوان رشته در منبع: زیست شناسی سلولی و مولکولی؛ نحوه پذیرش: صرفاً با سوابق تحصیلی
1404,زیست‌شناسی سلولی و مولکولی,موسسه غیرانتفاعی لیان -بوشهر,,بوشهر,غیرانتفاعی,غیرانتفاعی,عادی,20,زن و مرد,نیمسال اول,معرفی به خوابگاه,1404-booklet,259,1404-booklet,259,کدرشته‌محل منبع: 11901؛ عنوان رشته در منبع: زیست شناسی سلولی و مولکولی؛ نحوه پذیرش: صرفاً با سوابق تحصیلی
1404,زیست‌شناسی سلولی و مولکولی,دانشگاه پیام نور استان تهران -مرکز پاکدشت,,تهران,پیام نور,پیام نور,عادی,30,زن و مرد,نیمسال اول,,1404-booklet,332,1404-booklet,332,کدرشته‌محل منبع: 11982؛ عنوان رشته در منبع: زیست شناسی سلولی و مولکولی؛ نحوه پذیرش: صرفاً با سوابق تحصیلی
1404,زیست‌شناسی سلولی و مولکولی,دانشگاه پیام نور استان تهران -مرکز دماوند,,تهران,پیام نور,پیام نور,عادی,20,زن و مرد,نیمسال اول,,1404-booklet,333,1404-booklet,333,کدرشته‌محل منبع: 12035؛ عنوان رشته در منبع: زیست شناسی سلولی و مولکولی؛ نحوه پذیرش: صرفاً با سوابق تحصیلی
1404,زیست‌شناسی سلولی و مولکولی,دانشگاه پیام نور استان تهران -واحد شهر جدید پردیس,,تهران,پیام نور,پیام نور,عادی,20,زن و مرد,نیمسال اول,,1404-booklet,336,1404-booklet,336,کدرشته‌محل منبع: 12140؛ عنوان رشته در منبع: زیست شناسی سلولی و مولکولی؛ نحوه پذیرش: صرفاً با سوابق تحصیلی
1404,زیست‌شناسی سلولی و مولکولی,دانشگاه پیام نور استان تهران -واحد لواسانات,,تهران,پیام نور,پیام نور,عادی,30,زن و مرد,نیمسال اول,,1404-booklet,337,1404-booklet,337,کدرشته‌محل منبع: 12192؛ عنوان رشته در منبع: زیست شناسی سلولی و مولکولی؛ نحوه پذیرش: صرفاً با سوابق تحصیلی
1404,زیست‌شناسی سلولی و مولکولی,موسسه غیرانتفاعی آل طه (ویژه خواهران) -تهران,,تهران,غیرانتفاعی,غیرانتفاعی,عادی,60,زن,نیمسال اول,,1404-booklet,261,1404-booklet,261,کدرشته‌محل منبع: 12284؛ عنوان رشته در منبع: زیست شناسی سلولی و مولکولی؛ نحوه پذیرش: صرفاً با سوابق تحصیلی
1404,زیست‌شناسی سلولی و مولکولی,دانشگاه پیام نور استان چهار محال و بختیاری -مرکز شهرکرد,,چهار محال و بختیاری,پیام نور,پیام نور,عادی,40,زن و مرد,نیمسال اول,,1404-booklet,338,1404-booklet,338,کدرشته‌محل منبع: 12413؛ عنوان رشته در منبع: زیست شناسی سلولی و مولکولی؛ نحوه پذیرش: صرفاً با سوابق تحصیلی
1404,زیست‌شناسی سلولی و مولکولی,دانشگاه پیام نور استان خراسان جنوبی -مرکز بیرجند,,خراسان جنوبی,پیام نور,پیام نور,عادی,30,زن و مرد,نیمسال اول,,1404-booklet,340,1404-booklet,340,کدرشته‌محل منبع: 12575؛ عنوان رشته در منبع: زیست شناسی سلولی و مولکولی؛ نحوه پذیرش: صرفاً با سوابق تحصیلی
1404,زیست‌شناسی سلولی و مولکولی,دانشگاه پیام نور استان خراسان رضوی -مرکز تربت حیدریه,,خراسان رضوی,پیام نور,پیام نور,عادی,30,زن و مرد,نیمسال اول,,1404-booklet,341,1404-booklet,341,کدرشته‌محل منبع: 12806؛ عنوان رشته در منبع: زیست شناسی سلولی و مولکولی؛ نحوه پذیرش: صرفاً با سوابق تحصیلی
1404,زیست‌شناسی سلولی و مولکولی,دانشگاه پیام نور استان خراسان رضوی -مرکز سبزوار,,خراسان رضوی,پیام نور,پیام نور,عادی,30,زن و مرد,نیمسال اول,,1404-booklet,342,1404-booklet,342,کدرشته‌محل منبع: 12835؛ عنوان رشته در منبع: زیست شناسی سلولی و مولکولی؛ نحوه پذیرش: صرفاً با سوابق تحصیلی
1404,زیست‌شناسی سلولی و مولکولی,دانشگاه پیام نور استان خراسان رضوی -مرکز مشهد,,خراسان رضوی,پیام نور,پیام نور,عادی,40,زن و مرد,نیمسال اول,,1404-booklet,344,1404-booklet,344,کدرشته‌محل منبع: 12923؛ عنوان رشته در منبع: زیست شناسی سلولی و مولکولی؛ نحوه پذیرش: صرفاً با سوابق تحصیلی
1404,زیست‌شناسی سلولی و مولکولی,موسسه غیرانتفاعی شاندیز -مشهد,,خراسان رضوی,غیرانتفاعی,غیرانتفاعی,عادی,60,زن و مرد,نیمسال اول,معرفی به خوابگاه,1404-booklet,269,1404-booklet,269,کدرشته‌محل منبع: 13282؛ عنوان رشته در منبع: زیست شناسی سلولی و مولکولی؛ نحوه پذیرش: صرفاً با سوابق تحصیلی
1404,زیست‌شناسی سلولی و مولکولی,دانشگاه کوثر (ویژه خواهران) -بجنورد,,خراسان شمالی,روزانه,روزانه,عادی,52,زن,نیمسال اول,,1404-booklet,191,1404-booklet,191,کدرشته‌محل منبع: 13368؛ عنوان رشته در منبع: زیست شناسی سلولی و مولکولی؛ نحوه پذیرش: صرفاً با سوابق تحصیلی
1404,زیست‌شناسی سلولی و مولکولی,دانشگاه پیام نور استان خراسان شمالی -مرکز بجنورد,,خراسان شمالی,پیام نور,پیام نور,عادی,30,زن و مرد,نیمسال اول,,1404-booklet,347,1404-booklet,347,کدرشته‌محل منبع: 13395؛ عنوان رشته در منبع: زیست شناسی سلولی و مولکولی؛ نحوه پذیرش: صرفاً با سوابق تحصیلی
1404,زیست‌شناسی سلولی و مولکولی,دانشگاه پیام نور استان خوزستان -مرکز اهواز,,خوزستان,پیام نور,پیام نور,عادی,40,زن و مرد,نیمسال اول,,1404-booklet,349,1404-booklet,349,کدرشته‌محل منبع: 13566؛ عنوان رشته در منبع: زیست شناسی سلولی و مولکولی؛ نحوه پذیرش: صرفاً با سوابق تحصیلی
1404,زیست‌شناسی سلولی و مولکولی,دانشگاه پیام نور استان خوزستان -مرکز خرمشهر,,خوزستان,پیام نور,پیام نور,عادی,40,زن و مرد,نیمسال اول,,1404-booklet,350,1404-booklet,350,کدرشته‌محل منبع: 13642؛ عنوان رشته در منبع: زیست شناسی سلولی و مولکولی؛ نحوه پذیرش: صرفاً با سوابق تحصیلی
1404,زیست‌شناسی سلولی و مولکولی,دانشگاه پیام نور استان خوزستان -مرکز دزفول,,خوزستان,پیام نور,پیام نور,عادی,40,زن و مرد,نیمسال اول,,1404-booklet,351,1404-booklet,351,کدرشته‌محل منبع: 13662؛ عنوان رشته در منبع: زیست شناسی سلولی و مولکولی؛ نحوه پذیرش: صرفاً با سوابق تحصیلی
1404,زیست‌شناسی سلولی و مولکولی,دانشگاه پیام نور استان خوزستان -مرکز رامهرمز,,خوزستان,پیام نور,پیام نور,عادی,30,زن و مرد,نیمسال اول,,1404-booklet,351,1404-booklet,351,کدرشته‌محل منبع: 13685؛ عنوان رشته در منبع: زیست شناسی سلولی و مولکولی؛ نحوه پذیرش: صرفاً با سوابق تحصیلی
1404,زیست‌شناسی سلولی و مولکولی,دانشگاه پیام نور استان خوزستان -مرکز شادگان,,خوزستان,پیام نور,پیام نور,عادی,40,زن و مرد,نیمسال اول,,1404-booklet,352,1404-booklet,352,کدرشته‌محل منبع: 13723؛ عنوان رشته در منبع: زیست شناسی سلولی و مولکولی؛ نحوه پذیرش: صرفاً با سوابق تحصیلی
1404,زیست‌شناسی سلولی و مولکولی,دانشگاه پیام نور استان خوزستان -واحد ایذه,,خوزستان,پیام نور,پیام نور,عادی,30,زن و مرد,نیمسال اول,,1404-booklet,353,1404-booklet,353,کدرشته‌محل منبع: 13757؛ عنوان رشته در منبع: زیست شناسی سلولی و مولکولی؛ نحوه پذیرش: صرفاً با سوابق تحصیلی
1404,زیست‌شناسی سلولی و مولکولی,دانشگاه پیام نور استان خوزستان -واحد شوشتر,,خوزستان,پیام نور,پیام نور,عادی,30,زن و مرد,نیمسال اول,,1404-booklet,354,1404-booklet,354,کدرشته‌محل منبع: 13798؛ عنوان رشته در منبع: زیست شناسی سلولی و مولکولی؛ نحوه پذیرش: صرفاً با سوابق تحصیلی
1404,زیست‌شناسی سلولی و مولکولی,دانشگاه پیام نور استان زنجان -مرکز زنجان,,زنجان,پیام نور,پیام نور,عادی,30,زن و مرد,نیمسال اول,,1404-booklet,355,1404-booklet,355,کدرشته‌محل منبع: 13931؛ عنوان رشته در منبع: زیست شناسی سلولی و مولکولی؛ نحوه پذیرش: صرفاً با سوابق تحصیلی
1404,زیست‌شناسی سلولی و مولکولی,دانشگاه سمنان,,سمنان,روزانه,روزانه,عادی,20,زن,نیمسال اول,,1404-booklet,196,1404-booklet,196,کدرشته‌محل منبع: 14070؛ عنوان رشته در منبع: زیست شناسی سلولی و مولکولی؛ نحوه پذیرش: صرفاً با سوابق تحصیلی
1404,زیست‌شناسی سلولی و مولکولی,دانشگاه سمنان,,سمنان,نوبت دوم,نوبت دوم,عادی,10,زن,نیمسال اول,,1404-booklet,196,1404-booklet,196,کدرشته‌محل منبع: 14072؛ عنوان رشته در منبع: زیست شناسی سلولی و مولکولی؛ نحوه پذیرش: صرفاً با سوابق تحصیلی
1404,زیست‌شناسی سلولی و مولکولی,دانشگاه پیام نور استان سمنان -مرکز سمنان,,سمنان,پیام نور,پیام نور,عادی,30,زن و مرد,نیمسال اول,,1404-booklet,357,1404-booklet,357,کدرشته‌محل منبع: 14121؛ عنوان رشته در منبع: زیست شناسی سلولی و مولکولی؛ نحوه پذیرش: صرفاً با سوابق تحصیلی
1404,زیست‌شناسی سلولی و مولکولی,دانشگاه پیام نور استان سمنان -مرکز شاهرود,,سمنان,پیام نور,پیام نور,عادی,20,زن و مرد,نیمسال اول,,1404-booklet,357,1404-booklet,357,کدرشته‌محل منبع: 14143؛ عنوان رشته در منبع: زیست شناسی سلولی و مولکولی؛ نحوه پذیرش: صرفاً با سوابق تحصیلی
1404,زیست‌شناسی سلولی و مولکولی,دانشگاه زابل,,سیستان و بلوچستان,روزانه,روزانه,عادی,30,زن و مرد,نیمسال اول,,1404-booklet,198,1404-booklet,198,کدرشته‌محل منبع: 14308؛ عنوان رشته در منبع: زیست شناسی سلولی و مولکولی؛ نحوه پذیرش: صرفاً با سوابق تحصیلی
1404,زیست‌شناسی سلولی و مولکولی,دانشگاه زابل,,سیستان و بلوچستان,نوبت دوم,نوبت دوم,عادی,15,زن و مرد,نیمسال اول,,1404-booklet,199,1404-booklet,199,کدرشته‌محل منبع: 14328؛ عنوان رشته در منبع: زیست شناسی سلولی و مولکولی؛ نحوه پذیرش: صرفاً با سوابق تحصیلی
1404,زیست‌شناسی سلولی و مولکولی,دانشگاه سیستان و بلوچستان -زاهدان,,سیستان و بلوچستان,روزانه,روزانه,عادی,50,زن و مرد,نیمسال اول,,1404-booklet,202,1404-booklet,202,کدرشته‌محل منبع: 14415؛ عنوان رشته در منبع: زیست شناسی سلولی و مولکولی؛ نحوه پذیرش: صرفاً با سوابق تحصیلی
1404,زیست‌شناسی سلولی و مولکولی,دانشگاه پیام نور استان سیستان و بلوچستان -مرکز ایرانشهر,,سیستان و بلوچستان,پیام نور,پیام نور,عادی,30,زن و مرد,نیمسال اول,,1404-booklet,358,1404-booklet,358,کدرشته‌محل منبع: 14477؛ عنوان رشته در منبع: زیست شناسی سلولی و مولکولی؛ نحوه پذیرش: صرفاً با سوابق تحصیلی
1404,زیست‌شناسی سلولی و مولکولی,دانشگاه پیام نور استان سیستان و بلوچستان -مرکز زابل,,سیستان و بلوچستان,پیام نور,پیام نور,عادی,20,زن و مرد,نیمسال اول,,1404-booklet,359,1404-booklet,359,کدرشته‌محل منبع: 14518؛ عنوان رشته در منبع: زیست شناسی سلولی و مولکولی؛ نحوه پذیرش: صرفاً با سوابق تحصیلی
1404,زیست‌شناسی سلولی و مولکولی,دانشگاه پیام نور استان سیستان و بلوچستان -مرکز زاهدان,,سیستان و بلوچستان,پیام نور,پیام نور,عادی,30,زن و مرد,نیمسال اول,,1404-booklet,359,1404-booklet,359,کدرشته‌محل منبع: 14545؛ عنوان رشته در منبع: زیست شناسی سلولی و مولکولی؛ نحوه پذیرش: صرفاً با سوابق تحصیلی
1404,زیست‌شناسی سلولی و مولکولی,دانشگاه پیام نور استان فارس -مرکز آباده,,فارس,پیام نور,پیام نور,عادی,30,زن و مرد,نیمسال اول,,1404-booklet,361,1404-booklet,361,کدرشته‌محل منبع: 14701؛ عنوان رشته در منبع: زیست شناسی سلولی و مولکولی؛ نحوه پذیرش: صرفاً با سوابق تحصیلی
1404,زیست‌شناسی سلولی و مولکولی,دانشگاه پیام نور استان فارس -مرکز استهبان,,فارس,پیام نور,پیام نور,عادی,30,زن و مرد,نیمسال اول,,1404-booklet,361,1404-booklet,361,کدرشته‌محل منبع: 14717؛ عنوان رشته در منبع: زیست شناسی سلولی و مولکولی؛ نحوه پذیرش: صرفاً با سوابق تحصیلی
1404,زیست‌شناسی سلولی و مولکولی,دانشگاه پیام نور استان فارس -مرکز اوز,,فارس,پیام نور,پیام نور,عادی,30,زن و مرد,نیمسال اول,,1404-booklet,361,1404-booklet,361,کدرشته‌محل منبع: 14735؛ عنوان رشته در منبع: زیست شناسی سلولی و مولکولی؛ نحوه پذیرش: صرفاً با سوابق تحصیلی
1404,زیست‌شناسی سلولی و مولکولی,دانشگاه پیام نور استان فارس -مرکز خرامه,,فارس,پیام نور,پیام نور,عادی,30,زن و مرد,نیمسال اول,,1404-booklet,362,1404-booklet,362,کدرشته‌محل منبع: 14778؛ عنوان رشته در منبع: زیست شناسی سلولی و مولکولی؛ نحوه پذیرش: صرفاً با سوابق تحصیلی
1404,زیست‌شناسی سلولی و مولکولی,دانشگاه پیام نور استان فارس -مرکز شیراز,,فارس,پیام نور,پیام نور,عادی,40,زن و مرد,نیمسال اول,,1404-booklet,363,1404-booklet,363,کدرشته‌محل منبع: 14829؛ عنوان رشته در منبع: زیست شناسی سلولی و مولکولی؛ نحوه پذیرش: صرفاً با سوابق تحصیلی
1404,زیست‌شناسی سلولی و مولکولی,دانشگاه پیام نور استان فارس -مرکز فسا,,فارس,پیام نور,پیام نور,عادی,30,زن و مرد,نیمسال اول,,1404-booklet,364,1404-booklet,364,کدرشته‌محل منبع: 14868؛ عنوان رشته در منبع: زیست شناسی سلولی و مولکولی؛ نحوه پذیرش: صرفاً با سوابق تحصیلی
1404,زیست‌شناسی سلولی و مولکولی,دانشگاه پیام نور استان فارس -مرکز فیروزآباد,,فارس,پیام نور,پیام نور,عادی,30,زن و مرد,نیمسال اول,,1404-booklet,365,1404-booklet,365,کدرشته‌محل منبع: 14887؛ عنوان رشته در منبع: زیست شناسی سلولی و مولکولی؛ نحوه پذیرش: صرفاً با سوابق تحصیلی
1404,زیست‌شناسی سلولی و مولکولی,موسسه غیرانتفاعی زند شیراز,,فارس,غیرانتفاعی,غیرانتفاعی,عادی,60,زن و مرد,نیمسال اول,,1404-booklet,277,1404-booklet,277,کدرشته‌محل منبع: 15141؛ عنوان رشته در منبع: زیست شناسی سلولی و مولکولی؛ نحوه پذیرش: صرفاً با سوابق تحصیلی
1404,زیست‌شناسی سلولی و مولکولی,دانشگاه پیام نور استان قزوین -مرکز قزوین,,قزوین,پیام نور,پیام نور,عادی,40,زن و مرد,نیمسال اول,,1404-booklet,368,1404-booklet,368,کدرشته‌محل منبع: 15219؛ عنوان رشته در منبع: زیست شناسی سلولی و مولکولی؛ نحوه پذیرش: صرفاً با سوابق تحصیلی
1404,زیست‌شناسی سلولی و مولکولی,دانشگاه پیام نور استان قم -مرکز قم,,قم,پیام نور,پیام نور,عادی,40,زن و مرد,نیمسال اول,,1404-booklet,369,1404-booklet,369,کدرشته‌محل منبع: 15412؛ عنوان رشته در منبع: زیست شناسی سلولی و مولکولی؛ نحوه پذیرش: صرفاً با سوابق تحصیلی
1404,زیست‌شناسی سلولی و مولکولی,دانشگاه پیام نور استان کردستان -مرکز بیجار,,کردستان,پیام نور,پیام نور,عادی,20,زن و مرد,نیمسال اول,,1404-booklet,370,1404-booklet,370,کدرشته‌محل منبع: 15619؛ عنوان رشته در منبع: زیست شناسی سلولی و مولکولی؛ نحوه پذیرش: صرفاً با سوابق تحصیلی
1404,زیست‌شناسی سلولی و مولکولی,دانشگاه پیام نور استان کرمان -مرکز بم,,کرمان,پیام نور,پیام نور,عادی,40,زن و مرد,نیمسال اول,,1404-booklet,373,1404-booklet,373,کدرشته‌محل منبع: 15900؛ عنوان رشته در منبع: زیست شناسی سلولی و مولکولی؛ نحوه پذیرش: صرفاً با سوابق تحصیلی
1404,زیست‌شناسی سلولی و مولکولی,دانشگاه پیام نور استان کرمان -مرکز رفسنجان,,کرمان,پیام نور,پیام نور,عادی,30,زن و مرد,نیمسال اول,,1404-booklet,373,1404-booklet,373,کدرشته‌محل منبع: 15930؛ عنوان رشته در منبع: زیست شناسی سلولی و مولکولی؛ نحوه پذیرش: صرفاً با سوابق تحصیلی
1404,زیست‌شناسی سلولی و مولکولی,دانشگاه پیام نور استان کرمان -مرکز سیرجان,,کرمان,پیام نور,پیام نور,عادی,30,زن و مرد,نیمسال اول,,1404-booklet,374,1404-booklet,374,کدرشته‌محل منبع: 15948؛ عنوان رشته در منبع: زیست شناسی سلولی و مولکولی؛ نحوه پذیرش: صرفاً با سوابق تحصیلی
1404,زیست‌شناسی سلولی و مولکولی,دانشگاه پیام نور استان کرمان -مرکز کرمان,,کرمان,پیام نور,پیام نور,عادی,30,زن و مرد,نیمسال اول,,1404-booklet,374,1404-booklet,374,کدرشته‌محل منبع: 15979؛ عنوان رشته در منبع: زیست شناسی سلولی و مولکولی؛ نحوه پذیرش: صرفاً با سوابق تحصیلی
1404,زیست‌شناسی سلولی و مولکولی,دانشگاه پیام نور استان کرمان -واحد کهنوج,,کرمان,پیام نور,پیام نور,عادی,20,زن و مرد,نیمسال اول,,1404-booklet,375,1404-booklet,375,کدرشته‌محل منبع: 16035؛ عنوان رشته در منبع: زیست شناسی سلولی و مولکولی؛ نحوه پذیرش: صرفاً با سوابق تحصیلی
1404,زیست‌شناسی سلولی و مولکولی,دانشگاه پیام نور استان کرمانشاه -مرکز اسالمآباد غرب,,کرمانشاه,پیام نور,پیام نور,عادی,30,زن و مرد,نیمسال اول,,1404-booklet,376,1404-booklet,376,کدرشته‌محل منبع: 16184؛ عنوان رشته در منبع: زیست شناسی سلولی و مولکولی؛ نحوه پذیرش: صرفاً با سوابق تحصیلی
1404,زیست‌شناسی سلولی و مولکولی,دانشگاه پیام نور استان کرمانشاه -مرکز کرمانشاه,,کرمانشاه,پیام نور,پیام نور,عادی,40,زن و مرد,نیمسال اول,,1404-booklet,377,1404-booklet,377,کدرشته‌محل منبع: 16241؛ عنوان رشته در منبع: زیست شناسی سلولی و مولکولی؛ نحوه پذیرش: صرفاً با سوابق تحصیلی
1404,زیست‌شناسی سلولی و مولکولی,دانشگاه پیام نور استان کهگیلویه و بویر احمد -مرکز یاسوج,,کهگیلویه و بویر احمد,پیام نور,پیام نور,عادی,30,زن و مرد,نیمسال اول,,1404-booklet,379,1404-booklet,379,کدرشته‌محل منبع: 16428؛ عنوان رشته در منبع: زیست شناسی سلولی و مولکولی؛ نحوه پذیرش: صرفاً با سوابق تحصیلی
1404,زیست‌شناسی سلولی و مولکولی,دانشگاه پیام نور استان کهگیلویه و بویر احمد -واحد دهدشت,,کهگیلویه و بویر احمد,پیام نور,پیام نور,عادی,30,زن و مرد,نیمسال اول,,1404-booklet,380,1404-booklet,380,کدرشته‌محل منبع: 16460؛ عنوان رشته در منبع: زیست شناسی سلولی و مولکولی؛ نحوه پذیرش: صرفاً با سوابق تحصیلی
1404,زیست‌شناسی سلولی و مولکولی,دانشگاه پیام نور استان گلستان -مرکز گرگان,,گلستان,پیام نور,پیام نور,عادی,30,زن و مرد,نیمسال اول,,1404-booklet,381,1404-booklet,381,کدرشته‌محل منبع: 16585؛ عنوان رشته در منبع: زیست شناسی سلولی و مولکولی؛ نحوه پذیرش: صرفاً با سوابق تحصیلی
1404,زیست‌شناسی سلولی و مولکولی,دانشگاه پیام نور استان گیالن -مرکز تالش,,گیالن,پیام نور,پیام نور,عادی,30,زن و مرد,نیمسال اول,,1404-booklet,382,1404-booklet,382,کدرشته‌محل منبع: 16802؛ عنوان رشته در منبع: زیست شناسی سلولی و مولکولی؛ نحوه پذیرش: صرفاً با سوابق تحصیلی
1404,زیست‌شناسی سلولی و مولکولی,دانشگاه پیام نور استان گیالن -مرکز رشت,,گیالن,پیام نور,پیام نور,عادی,40,زن و مرد,نیمسال اول,,1404-booklet,383,1404-booklet,383,کدرشته‌محل منبع: 16829؛ عنوان رشته در منبع: زیست شناسی سلولی و مولکولی؛ نحوه پذیرش: صرفاً با سوابق تحصیلی
1404,زیست‌شناسی سلولی و مولکولی,دانشگاه پیام نور استان لرستان -مرکز الیگودرز,,لرستان,پیام نور,پیام نور,عادی,20,زن و مرد,نیمسال اول,,1404-booklet,385,1404-booklet,385,کدرشته‌محل منبع: 17086؛ عنوان رشته در منبع: زیست شناسی سلولی و مولکولی؛ نحوه پذیرش: صرفاً با سوابق تحصیلی
1404,زیست‌شناسی سلولی و مولکولی,دانشگاه پیام نور استان لرستان -مرکز پلدختر,,لرستان,پیام نور,پیام نور,عادی,20,زن و مرد,نیمسال اول,,1404-booklet,386,1404-booklet,386,کدرشته‌محل منبع: 17111؛ عنوان رشته در منبع: زیست شناسی سلولی و مولکولی؛ نحوه پذیرش: صرفاً با سوابق تحصیلی
1404,زیست‌شناسی سلولی و مولکولی,دانشگاه پیام نور استان لرستان -مرکز خرمآباد,,لرستان,پیام نور,پیام نور,عادی,30,زن و مرد,نیمسال اول,,1404-booklet,386,1404-booklet,386,کدرشته‌محل منبع: 17128؛ عنوان رشته در منبع: زیست شناسی سلولی و مولکولی؛ نحوه پذیرش: صرفاً با سوابق تحصیلی
1404,زیست‌شناسی سلولی و مولکولی,دانشگاه پیام نور استان لرستان -واحد دورود,,لرستان,پیام نور,پیام نور,عادی,20,زن و مرد,نیمسال اول,,1404-booklet,387,1404-booklet,387,کدرشته‌محل منبع: 17161؛ عنوان رشته در منبع: زیست شناسی سلولی و مولکولی؛ نحوه پذیرش: صرفاً با سوابق تحصیلی
1404,زیست‌شناسی سلولی و مولکولی,دانشگاه پیام نور استان لرستان -واحد کوهدشت,,لرستان,پیام نور,پیام نور,عادی,20,زن و مرد,نیمسال اول,,1404-booklet,387,1404-booklet,387,کدرشته‌محل منبع: 17177؛ عنوان رشته در منبع: زیست شناسی سلولی و مولکولی؛ نحوه پذیرش: صرفاً با سوابق تحصیلی
1404,زیست‌شناسی سلولی و مولکولی,دانشگاه پیام نور استان مازندران -مرکز بابل,,مازندران,پیام نور,پیام نور,عادی,40,زن و مرد,نیمسال اول,,1404-booklet,388,1404-booklet,388,کدرشته‌محل منبع: 17312؛ عنوان رشته در منبع: زیست شناسی سلولی و مولکولی؛ نحوه پذیرش: صرفاً با سوابق تحصیلی
1404,زیست‌شناسی سلولی و مولکولی,دانشگاه پیام نور استان مازندران -مرکز ساری,,مازندران,پیام نور,پیام نور,عادی,40,زن و مرد,نیمسال اول,,1404-booklet,390,1404-booklet,390,کدرشته‌محل منبع: 17397؛ عنوان رشته در منبع: زیست شناسی سلولی و مولکولی؛ نحوه پذیرش: صرفاً با سوابق تحصیلی
1404,زیست‌شناسی سلولی و مولکولی,دانشگاه پیام نور استان مازندران -مرکز محمودآباد,,مازندران,پیام نور,پیام نور,عادی,30,زن و مرد,نیمسال اول,,1404-booklet,391,1404-booklet,391,کدرشته‌محل منبع: 17427؛ عنوان رشته در منبع: زیست شناسی سلولی و مولکولی؛ نحوه پذیرش: صرفاً با سوابق تحصیلی
1404,زیست‌شناسی سلولی و مولکولی,موسسه غیرانتفاعی سنا -ساری,,مازندران,غیرانتفاعی,غیرانتفاعی,عادی,60,زن و مرد,نیمسال اول,,1404-booklet,298,1404-booklet,298,کدرشته‌محل منبع: 17749؛ عنوان رشته در منبع: زیست شناسی سلولی و مولکولی؛ نحوه پذیرش: صرفاً با سوابق تحصیلی
1404,زیست‌شناسی سلولی و مولکولی,دانشگاه پیام نور استان مرکزی -مرکز اراک,,مرکزی,پیام نور,پیام نور,عادی,40,زن و مرد,نیمسال اول,,1404-booklet,392,1404-booklet,392,کدرشته‌محل منبع: 17947؛ عنوان رشته در منبع: زیست شناسی سلولی و مولکولی؛ نحوه پذیرش: صرفاً با سوابق تحصیلی
1404,زیست‌شناسی سلولی و مولکولی,دانشگاه پیام نور استان مرکزی -مرکز ساوه,,مرکزی,پیام نور,پیام نور,عادی,30,زن و مرد,نیمسال اول,,1404-booklet,393,1404-booklet,393,کدرشته‌محل منبع: 18001؛ عنوان رشته در منبع: زیست شناسی سلولی و مولکولی؛ نحوه پذیرش: صرفاً با سوابق تحصیلی
1404,زیست‌شناسی سلولی و مولکولی,دانشگاه پیام نور استان مرکزی -مرکز شازند,,مرکزی,پیام نور,پیام نور,عادی,20,زن و مرد,نیمسال اول,,1404-booklet,394,1404-booklet,394,کدرشته‌محل منبع: 18019؛ عنوان رشته در منبع: زیست شناسی سلولی و مولکولی؛ نحوه پذیرش: صرفاً با سوابق تحصیلی
1404,زیست‌شناسی سلولی و مولکولی,دانشگاه پیام نور استان مرکزی -مرکز محالت,,مرکزی,پیام نور,پیام نور,عادی,20,زن و مرد,نیمسال اول,,1404-booklet,394,1404-booklet,394,کدرشته‌محل منبع: 18036؛ عنوان رشته در منبع: زیست شناسی سلولی و مولکولی؛ نحوه پذیرش: صرفاً با سوابق تحصیلی
1404,زیست‌شناسی سلولی و مولکولی,دانشگاه پیام نور استان هرمزگان -مرکز بندرعباس,,هرمزگان,پیام نور,پیام نور,عادی,30,زن و مرد,نیمسال اول,,1404-booklet,395,1404-booklet,395,کدرشته‌محل منبع: 18156؛ عنوان رشته در منبع: زیست شناسی سلولی و مولکولی؛ نحوه پذیرش: صرفاً با سوابق تحصیلی
1404,زیست‌شناسی سلولی و مولکولی,دانشگاه پیام نور استان هرمزگان -واحد قشم,,هرمزگان,پیام نور,پیام نور,عادی,20,زن و مرد,نیمسال اول,,1404-booklet,397,1404-booklet,397,کدرشته‌محل منبع: 18233؛ عنوان رشته در منبع: زیست شناسی سلولی و مولکولی؛ نحوه پذیرش: صرفاً با سوابق تحصیلی
1404,زیست‌شناسی سلولی و مولکولی,دانشگاه پیام نور استان همدان -مرکز اسدآباد,,همدان,پیام نور,پیام نور,عادی,20,زن و مرد,نیمسال اول,,1404-booklet,397,1404-booklet,397,کدرشته‌محل منبع: 18334؛ عنوان رشته در منبع: زیست شناسی سلولی و مولکولی؛ نحوه پذیرش: صرفاً با سوابق تحصیلی
1404,زیست‌شناسی سلولی و مولکولی,دانشگاه پیام نور استان همدان -مرکز بهار,,همدان,پیام نور,پیام نور,عادی,20,زن و مرد,نیمسال اول,,1404-booklet,397,1404-booklet,397,کدرشته‌محل منبع: 18350؛ عنوان رشته در منبع: زیست شناسی سلولی و مولکولی؛ نحوه پذیرش: صرفاً با سوابق تحصیلی
1404,زیست‌شناسی سلولی و مولکولی,دانشگاه پیام نور استان همدان -مرکز رزن,,همدان,پیام نور,پیام نور,عادی,60,زن و مرد,نیمسال اول,,1404-booklet,398,1404-booklet,398,کدرشته‌محل منبع: 18374؛ عنوان رشته در منبع: زیست شناسی سلولی و مولکولی؛ نحوه پذیرش: صرفاً با سوابق تحصیلی
1404,زیست‌شناسی سلولی و مولکولی,دانشگاه پیام نور استان همدان -مرکز ملایر,,همدان,پیام نور,پیام نور,عادی,20,زن و مرد,نیمسال اول,,1404-booklet,398,1404-booklet,398,کدرشته‌محل منبع: 18398؛ عنوان رشته در منبع: زیست شناسی سلولی و مولکولی؛ نحوه پذیرش: صرفاً با سوابق تحصیلی
1404,زیست‌شناسی سلولی و مولکولی,دانشگاه پیام نور استان همدان -مرکز نهاوند,,همدان,پیام نور,پیام نور,عادی,20,زن و مرد,نیمسال اول,,1404-booklet,399,1404-booklet,399,کدرشته‌محل منبع: 18411؛ عنوان رشته در منبع: زیست شناسی سلولی و مولکولی؛ نحوه پذیرش: صرفاً با سوابق تحصیلی
1404,زیست‌شناسی سلولی و مولکولی,دانشگاه پیام نور استان یزد -مرکز تفت,,یزد,پیام نور,پیام نور,عادی,20,زن و مرد,نیمسال اول,,1404-booklet,400,1404-booklet,400,کدرشته‌محل منبع: 18561؛ عنوان رشته در منبع: زیست شناسی سلولی و مولکولی؛ نحوه پذیرش: صرفاً با سوابق تحصیلی
1404,زیست‌شناسی سلولی و مولکولی,دانشگاه پیام نور استان یزد -مرکز میبد,,یزد,پیام نور,پیام نور,عادی,30,زن و مرد,نیمسال اول,,1404-booklet,401,1404-booklet,401,کدرشته‌محل منبع: 18607؛ عنوان رشته در منبع: زیست شناسی سلولی و مولکولی؛ نحوه پذیرش: صرفاً با سوابق تحصیلی
1404,زیست‌شناسی سلولی و مولکولی,دانشگاه پیام نور استان یزد -مرکز یزد,,یزد,پیام نور,پیام نور,عادی,40,زن و مرد,نیمسال اول,,1404-booklet,402,1404-booklet,402,کدرشته‌محل منبع: 18631؛ عنوان رشته در منبع: زیست شناسی سلولی و مولکولی؛ نحوه پذیرش: صرفاً با سوابق تحصیلی
1404,زیست‌شناسی سلولی و مولکولی,دانشگاه غیرانتفاعی علم و هنر -یزد,,یزد,غیرانتفاعی,غیرانتفاعی,عادی,60,زن و مرد,نیمسال اول,محدودیت در ارائه خوابگاه,1404-booklet,304,1404-booklet,304,کدرشته‌محل منبع: 18681؛ عنوان رشته در منبع: زیست شناسی سلولی و مولکولی؛ نحوه پذیرش: صرفاً با سوابق تحصیلی
1404,زیست‌شناسی سلولی و مولکولی,دانشگاه زابل,,سیستان و بلوچستان,روزانه,همانند دوره روزانه رایگان (سهمیه مناطق محروم/ویژه),تعهد خدمت,2,زن و مرد,نیمسال اول,سهمیه مناطق محروم/ویژه؛ دوره همانند روزانه رایگان؛ شرایط و تعهد خدمت مطابق بخش مربوط دفترچه,1404-booklet,244,1404-booklet,244,کدرشته‌محل منبع: 18881؛ عنوان رشته در منبع: زیست شناسی سلولی و مولکولی؛ نحوه پذیرش: صرفاً با سوابق تحصیلی؛ سهمیه مناطق محروم/ویژه
1404,زیست‌شناسی سلولی و مولکولی,دانشگاه سیستان و بلوچستان -زاهدان,,سیستان و بلوچستان,روزانه,همانند دوره روزانه رایگان (سهمیه مناطق محروم/ویژه),تعهد خدمت,2,زن و مرد,نیمسال اول,سهمیه مناطق محروم/ویژه؛ دوره همانند روزانه رایگان؛ شرایط و تعهد خدمت مطابق بخش مربوط دفترچه,1404-booklet,244,1404-booklet,244,کدرشته‌محل منبع: 18916؛ عنوان رشته در منبع: زیست شناسی سلولی و مولکولی؛ نحوه پذیرش: صرفاً با سوابق تحصیلی؛ سهمیه مناطق محروم/ویژه
1404,زیست‌شناسی سلولی و مولکولی,دانشگاه پیام نور استان آذربایجان غربی -واحد اشنویه,,آذربایجان غربی,پیام نور,پیام نور,عادی,30,زن و مرد,نیمسال اول,,1404-correction-7,34,1404-correction-7,34,کدرشته‌محل منبع: 19110؛ عنوان رشته در منبع: زیست شناسی سلولی و مولکولی؛ نحوه پذیرش: صرفاً با سوابق تحصیلی؛ رشته‌محل جدید اصلاحیه
1404,زیست‌شناسی سلولی و مولکولی,دانشگاه پیام نور استان تهران -واحد پیشوا,,تهران,پیام نور,پیام نور,عادی,30,زن و مرد,نیمسال اول,,1404-correction-7,38,1404-correction-7,38,کدرشته‌محل منبع: 19233؛ عنوان رشته در منبع: زیست شناسی سلولی و مولکولی؛ نحوه پذیرش: صرفاً با سوابق تحصیلی؛ رشته‌محل جدید اصلاحیه
1404,زیست‌شناسی سلولی و مولکولی,دانشگاه پیام نور استان چهارمحال و بختیاری -واحد فرخشهر,,چهارمحال و بختیاری,پیام نور,پیام نور,عادی,30,زن و مرد,نیمسال اول,,1404-correction-7,38,1404-correction-7,38,کدرشته‌محل منبع: 19247؛ عنوان رشته در منبع: زیست شناسی سلولی و مولکولی؛ نحوه پذیرش: صرفاً با سوابق تحصیلی؛ رشته‌محل جدید اصلاحیه
1404,زیست‌شناسی سلولی و مولکولی,دانشگاه پیام نور استان خراسان رضوی -مرکز گناباد,,خراسان رضوی,پیام نور,پیام نور,عادی,30,زن و مرد,نیمسال اول,,1404-correction-7,39,1404-correction-7,39,کدرشته‌محل منبع: 19273؛ عنوان رشته در منبع: زیست شناسی سلولی و مولکولی؛ نحوه پذیرش: صرفاً با سوابق تحصیلی؛ رشته‌محل جدید اصلاحیه
1404,زیست‌شناسی سلولی و مولکولی,دانشگاه پیام نور استان خوزستان -واحد اندیکا,,خوزستان,پیام نور,پیام نور,عادی,30,زن و مرد,نیمسال اول,,1404-correction-7,40,1404-correction-7,40,کدرشته‌محل منبع: 19352؛ عنوان رشته در منبع: زیست شناسی سلولی و مولکولی؛ نحوه پذیرش: صرفاً با سوابق تحصیلی؛ رشته‌محل جدید اصلاحیه
1404,زیست‌شناسی سلولی و مولکولی,دانشگاه پیام نور استان فارس -مرکز بوانات,,فارس,پیام نور,پیام نور,عادی,30,زن و مرد,نیمسال اول,,1404-correction-7,43,1404-correction-7,43,کدرشته‌محل منبع: 19422؛ عنوان رشته در منبع: زیست شناسی سلولی و مولکولی؛ نحوه پذیرش: صرفاً با سوابق تحصیلی؛ رشته‌محل جدید اصلاحیه
1404,زیست‌شناسی سلولی و مولکولی,دانشگاه پیام نور استان قم -واحد جعفریه,,قم,پیام نور,پیام نور,عادی,30,زن و مرد,نیمسال اول,,1404-correction-7,44,1404-correction-7,44,کدرشته‌محل منبع: 19480؛ عنوان رشته در منبع: زیست شناسی سلولی و مولکولی؛ نحوه پذیرش: صرفاً با سوابق تحصیلی؛ رشته‌محل جدید اصلاحیه
1404,زیست‌شناسی سلولی و مولکولی,دانشگاه پیام نور استان کرمان -واحد منوجان,,کرمان,پیام نور,پیام نور,عادی,30,زن و مرد,نیمسال اول,,1404-correction-7,45,1404-correction-7,45,کدرشته‌محل منبع: 19524؛ عنوان رشته در منبع: زیست شناسی سلولی و مولکولی؛ نحوه پذیرش: صرفاً با سوابق تحصیلی؛ رشته‌محل جدید اصلاحیه
1404,زیست‌شناسی سلولی و مولکولی,دانشگاه پیام نور استان کرمانشاه -واحد گیلان غرب,,کرمانشاه,پیام نور,پیام نور,عادی,30,زن و مرد,نیمسال اول,,1404-correction-7,46,1404-correction-7,46,کدرشته‌محل منبع: 19554؛ عنوان رشته در منبع: زیست شناسی سلولی و مولکولی؛ نحوه پذیرش: صرفاً با سوابق تحصیلی؛ رشته‌محل جدید اصلاحیه
1404,زیست‌شناسی سلولی و مولکولی,دانشگاه پیام نور استان لرستان -واحد ازنا,,لرستان,پیام نور,پیام نور,عادی,30,زن و مرد,نیمسال اول,,1404-correction-7,47,1404-correction-7,47,کدرشته‌محل منبع: 19614؛ عنوان رشته در منبع: زیست شناسی سلولی و مولکولی؛ نحوه پذیرش: صرفاً با سوابق تحصیلی؛ رشته‌محل جدید اصلاحیه
1404,زیست‌شناسی سلولی و مولکولی,موسسه غیرانتفاعی روزبهان -ساری,,مازندران,غیرانتفاعی,غیرانتفاعی,عادی,15,زن و مرد,نیمسال اول,,1404-correction-7,33,1404-correction-7,33,کدرشته‌محل منبع: 19639؛ عنوان رشته در منبع: زیست شناسی سلولی و مولکولی؛ نحوه پذیرش: صرفاً با سوابق تحصیلی؛ رشته‌محل جدید اصلاحیه
1404,زیست‌شناسی سلولی و مولکولی,دانشگاه پیام نور استان هرمزگان -واحد بندر خمیر,,هرمزگان,پیام نور,پیام نور,عادی,30,زن و مرد,نیمسال اول,,1404-correction-7,48,1404-correction-7,48,کدرشته‌محل منبع: 19641؛ عنوان رشته در منبع: زیست شناسی سلولی و مولکولی؛ نحوه پذیرش: صرفاً با سوابق تحصیلی؛ رشته‌محل جدید اصلاحیه
1404,زیست‌شناسی سلولی و مولکولی,دانشگاه تبریز,,آذربایجان شرقی,روزانه,روزانه,عادی,28,زن و مرد,نیمسال اول,,1404-booklet,164,1404-booklet,164,کدرشته‌محل منبع: 34133؛ عنوان رشته در منبع: زیست شناسی سلولی و مولکولی؛ نحوه پذیرش: با آزمون
1404,زیست‌شناسی سلولی و مولکولی,دانشگاه تبریز,,آذربایجان شرقی,نوبت دوم,نوبت دوم,عادی,4,زن و مرد,نیمسال اول,فاقد خوابگاه,1404-booklet,164,1404-booklet,164,کدرشته‌محل منبع: 34141؛ عنوان رشته در منبع: زیست شناسی سلولی و مولکولی؛ نحوه پذیرش: با آزمون
1404,زیست‌شناسی سلولی و مولکولی,دانشگاه شهید مدنی آذربایجان,,آذربایجان شرقی,روزانه,روزانه,عادی,34,زن و مرد,نیمسال اول,,1404-booklet,165,1404-booklet,165,کدرشته‌محل منبع: 34145؛ عنوان رشته در منبع: زیست شناسی سلولی و مولکولی؛ نحوه پذیرش: با آزمون
1404,زیست‌شناسی سلولی و مولکولی,دانشگاه مراغه,,آذربایجان شرقی,روزانه,روزانه,عادی,30,زن و مرد,نیمسال اول,,1404-booklet,166,1404-booklet,166,کدرشته‌محل منبع: 34146؛ عنوان رشته در منبع: زیست شناسی سلولی و مولکولی؛ نحوه پذیرش: با آزمون
1404,زیست‌شناسی سلولی و مولکولی,دانشگاه مراغه,,آذربایجان شرقی,نوبت دوم,نوبت دوم,عادی,5,زن و مرد,نیمسال اول,,1404-booklet,166,1404-booklet,166,کدرشته‌محل منبع: 34149؛ عنوان رشته در منبع: زیست شناسی سلولی و مولکولی؛ نحوه پذیرش: با آزمون
1404,زیست‌شناسی سلولی و مولکولی,دانشگاه محقق اردبیلی -اردبیل,,اردبیل,روزانه,روزانه,عادی,35,زن و مرد,نیمسال اول,,1404-booklet,170,1404-booklet,170,کدرشته‌محل منبع: 34161؛ عنوان رشته در منبع: زیست شناسی سلولی و مولکولی؛ نحوه پذیرش: با آزمون
1404,زیست‌شناسی سلولی و مولکولی,دانشگاه اصفهان,,اصفهان,روزانه,روزانه,عادی,25,زن و مرد,نیمسال اول,,1404-booklet,171,1404-booklet,171,کدرشته‌محل منبع: 34164؛ عنوان رشته در منبع: زیست شناسی سلولی و مولکولی؛ نحوه پذیرش: با آزمون
1404,زیست‌شناسی سلولی و مولکولی,دانشگاه اصفهان,,اصفهان,نوبت دوم,نوبت دوم,عادی,5,زن و مرد,نیمسال اول,فاقد خوابگاه,1404-booklet,172,1404-booklet,172,کدرشته‌محل منبع: 34169؛ عنوان رشته در منبع: زیست شناسی سلولی و مولکولی؛ نحوه پذیرش: با آزمون
1404,زیست‌شناسی سلولی و مولکولی,دانشگاه خوارزمی (محل تحصیل کرج),,البرز,روزانه,روزانه,عادی,30,زن و مرد,نیمسال اول,,1404-booklet,175,1404-booklet,175,کدرشته‌محل منبع: 34186؛ عنوان رشته در منبع: زیست شناسی سلولی و مولکولی؛ نحوه پذیرش: با آزمون
1404,زیست‌شناسی سلولی و مولکولی,دانشگاه خوارزمی (محل تحصیل کرج),,البرز,نوبت دوم,نوبت دوم,عادی,5,زن و مرد,نیمسال اول,,1404-booklet,175,1404-booklet,175,کدرشته‌محل منبع: 34190؛ عنوان رشته در منبع: زیست شناسی سلولی و مولکولی؛ نحوه پذیرش: با آزمون
1404,زیست‌شناسی سلولی و مولکولی,دانشگاه خلیج فارس -بوشهر,,بوشهر,روزانه,روزانه,عادی,30,زن و مرد,نیمسال اول,,1404-booklet,176,1404-booklet,176,کدرشته‌محل منبع: 34197؛ عنوان رشته در منبع: زیست شناسی سلولی و مولکولی؛ نحوه پذیرش: با آزمون
1404,زیست‌شناسی سلولی و مولکولی,دانشگاه تهران,,تهران,روزانه,روزانه,عادی,20,زن و مرد,نیمسال اول,,1404-booklet,177,1404-booklet,177,کدرشته‌محل منبع: 34207؛ عنوان رشته در منبع: زیست شناسی سلولی و مولکولی؛ نحوه پذیرش: با آزمون
1404,زیست‌شناسی سلولی و مولکولی,دانشگاه شاهد – تهران *,,تهران,روزانه,روزانه,عادی,30,زن و مرد,نیمسال اول,دارای مصاحبه,1404-booklet,178,1404-booklet,178,کدرشته‌محل منبع: 34212؛ عنوان رشته در منبع: زیست شناسی سلولی و مولکولی؛ نحوه پذیرش: با آزمون
1404,زیست‌شناسی سلولی و مولکولی,دانشگاه شهید بهشتی -تهران,,تهران,روزانه,روزانه,عادی,24,زن و مرد,نیمسال اول,محدودیت در ارائه خوابگاه,1404-booklet,178,1404-booklet,178,کدرشته‌محل منبع: 34217؛ عنوان رشته در منبع: زیست شناسی سلولی و مولکولی؛ نحوه پذیرش: با آزمون
1404,زیست‌شناسی سلولی و مولکولی,دانشگاه شهرکرد,,چهارمحال و بختیاری,روزانه,روزانه,عادی,35,زن و مرد,نیمسال اول,,1404-booklet,182,1404-booklet,182,کدرشته‌محل منبع: 34224؛ عنوان رشته در منبع: زیست شناسی سلولی و مولکولی؛ نحوه پذیرش: با آزمون
1404,زیست‌شناسی سلولی و مولکولی,دانشگاه بیرجند,,خراسان جنوبی,روزانه,روزانه,عادی,40,زن و مرد,نیمسال اول,,1404-booklet,183,1404-booklet,183,کدرشته‌محل منبع: 34227؛ عنوان رشته در منبع: زیست شناسی سلولی و مولکولی؛ نحوه پذیرش: با آزمون
1404,زیست‌شناسی سلولی و مولکولی,دانشگاه بیرجند,,خراسان جنوبی,نوبت دوم,نوبت دوم,عادی,10,زن و مرد,نیمسال اول,,1404-booklet,183,1404-booklet,183,کدرشته‌محل منبع: 34228؛ عنوان رشته در منبع: زیست شناسی سلولی و مولکولی؛ نحوه پذیرش: با آزمون
1404,زیست‌شناسی سلولی و مولکولی,دانشگاه حکیم سبزواری -سبزوار,,خراسان رضوی,روزانه,روزانه,عادی,28,زن و مرد,نیمسال دوم,,1404-booklet,185,1404-booklet,185,کدرشته‌محل منبع: 34230؛ عنوان رشته در منبع: زیست شناسی سلولی و مولکولی؛ نحوه پذیرش: با آزمون
1404,زیست‌شناسی سلولی و مولکولی,دانشگاه حکیم سبزواری -سبزوار,,خراسان رضوی,نوبت دوم,نوبت دوم,عادی,2,زن و مرد,نیمسال دوم,,1404-booklet,185,1404-booklet,185,کدرشته‌محل منبع: 34233؛ عنوان رشته در منبع: زیست شناسی سلولی و مولکولی؛ نحوه پذیرش: با آزمون
1404,زیست‌شناسی سلولی و مولکولی,دانشگاه فردوسی مشهد,,خراسان رضوی,روزانه,روزانه,عادی,30,زن و مرد,نیمسال اول,,1404-booklet,186,1404-booklet,186,کدرشته‌محل منبع: 34238؛ عنوان رشته در منبع: زیست شناسی سلولی و مولکولی؛ نحوه پذیرش: با آزمون
1404,زیست‌شناسی سلولی و مولکولی,دانشگاه فردوسی مشهد,,خراسان رضوی,نوبت دوم,نوبت دوم,عادی,5,زن و مرد,نیمسال اول,فاقد خوابگاه,1404-booklet,187,1404-booklet,187,کدرشته‌محل منبع: 34247؛ عنوان رشته در منبع: زیست شناسی سلولی و مولکولی؛ نحوه پذیرش: با آزمون
1404,زیست‌شناسی سلولی و مولکولی,دانشگاه شهید چمران اهواز,,خوزستان,روزانه,روزانه,عادی,30,زن و مرد,نیمسال اول,,1404-booklet,192,1404-booklet,192,کدرشته‌محل منبع: 34254؛ عنوان رشته در منبع: زیست شناسی سلولی و مولکولی؛ نحوه پذیرش: با آزمون
1404,زیست‌شناسی سلولی و مولکولی,دانشگاه صنعتی خاتم الانبیاء (ص) بهبهان,,خوزستان,روزانه,روزانه,عادی,35,زن و مرد,نیمسال اول,,1404-booklet,193,1404-booklet,193,کدرشته‌محل منبع: 34257؛ عنوان رشته در منبع: زیست شناسی سلولی و مولکولی؛ نحوه پذیرش: با آزمون
1404,زیست‌شناسی سلولی و مولکولی,دانشگاه صنعتی خاتم الانبیاء (ص) بهبهان,,خوزستان,نوبت دوم,نوبت دوم,عادی,2,زن و مرد,نیمسال اول,,1404-booklet,193,1404-booklet,193,کدرشته‌محل منبع: 34259؛ عنوان رشته در منبع: زیست شناسی سلولی و مولکولی؛ نحوه پذیرش: با آزمون
1404,زیست‌شناسی سلولی و مولکولی,دانشگاه علوم و فنون دریایی خرمشهر,,خوزستان,روزانه,روزانه,عادی,30,زن و مرد,نیمسال اول,,1404-booklet,193,1404-booklet,193,کدرشته‌محل منبع: 34261؛ عنوان رشته در منبع: زیست شناسی سلولی و مولکولی؛ نحوه پذیرش: با آزمون
1404,زیست‌شناسی سلولی و مولکولی,دانشگاه زنجان,,زنجان,روزانه,روزانه,عادی,45,زن و مرد,نیمسال اول,,1404-booklet,194,1404-booklet,194,کدرشته‌محل منبع: 34263؛ عنوان رشته در منبع: زیست شناسی سلولی و مولکولی؛ نحوه پذیرش: با آزمون
1404,زیست‌شناسی سلولی و مولکولی,دانشگاه دامغان,,سمنان,روزانه,روزانه,عادی,30,زن و مرد,نیمسال اول,دارای خوابگاه,1404-booklet,195,1404-booklet,195,کدرشته‌محل منبع: 34264؛ عنوان رشته در منبع: زیست شناسی سلولی و مولکولی؛ نحوه پذیرش: با آزمون
1404,زیست‌شناسی سلولی و مولکولی,دانشگاه سمنان,,سمنان,روزانه,روزانه,عادی,30,زن و مرد,نیمسال اول,,1404-booklet,195,1404-booklet,195,کدرشته‌محل منبع: 34266؛ عنوان رشته در منبع: زیست شناسی سلولی و مولکولی؛ نحوه پذیرش: با آزمون
1404,زیست‌شناسی سلولی و مولکولی,دانشگاه سمنان,,سمنان,نوبت دوم,نوبت دوم,عادی,10,زن و مرد,نیمسال اول,,1404-booklet,196,1404-booklet,196,کدرشته‌محل منبع: 34268؛ عنوان رشته در منبع: زیست شناسی سلولی و مولکولی؛ نحوه پذیرش: با آزمون
1404,زیست‌شناسی سلولی و مولکولی,دانشگاه شیراز,,فارس,روزانه,روزانه,عادی,20,زن و مرد,نیمسال اول,دارای خوابگاه,1404-booklet,204,1404-booklet,204,کدرشته‌محل منبع: 34276؛ عنوان رشته در منبع: زیست شناسی سلولی و مولکولی؛ نحوه پذیرش: با آزمون
1404,زیست‌شناسی سلولی و مولکولی,دانشگاه کردستان -سنندج,,کردستان,روزانه,روزانه,عادی,50,زن و مرد,نیمسال اول,,1404-booklet,207,1404-booklet,207,کدرشته‌محل منبع: 34281؛ عنوان رشته در منبع: زیست شناسی سلولی و مولکولی؛ نحوه پذیرش: با آزمون
1404,زیست‌شناسی سلولی و مولکولی,دانشگاه جیرفت,,کرمان,روزانه,روزانه,عادی,20,زن و مرد,نیمسال اول,,1404-booklet,209,1404-booklet,209,کدرشته‌محل منبع: 34284؛ عنوان رشته در منبع: زیست شناسی سلولی و مولکولی؛ نحوه پذیرش: با آزمون
1404,زیست‌شناسی سلولی و مولکولی,دانشگاه شهید باهنر کرمان,,کرمان,روزانه,روزانه,عادی,34,زن و مرد,نیمسال اول,عدم تعهد در واگذاری خوابگاه,1404-booklet,210,1404-booklet,210,کدرشته‌محل منبع: 34286؛ عنوان رشته در منبع: زیست شناسی سلولی و مولکولی؛ نحوه پذیرش: با آزمون
1404,زیست‌شناسی سلولی و مولکولی,دانشگاه رازی -کرمانشاه,,کرمانشاه,روزانه,روزانه,عادی,35,زن و مرد,نیمسال اول,,1404-booklet,213,1404-booklet,213,کدرشته‌محل منبع: 34290؛ عنوان رشته در منبع: زیست شناسی سلولی و مولکولی؛ نحوه پذیرش: با آزمون
1404,زیست‌شناسی سلولی و مولکولی,دانشگاه گنبد,,گلستان,روزانه,روزانه,عادی,25,زن و مرد,نیمسال اول,دارای خوابگاه,1404-booklet,217,1404-booklet,217,کدرشته‌محل منبع: 34296؛ عنوان رشته در منبع: زیست شناسی سلولی و مولکولی؛ نحوه پذیرش: با آزمون
1404,زیست‌شناسی سلولی و مولکولی,دانشگاه گیالن -رشت,,گیالن,روزانه,روزانه,عادی,30,زن و مرد,نیمسال اول,فاقد خوابگاه,1404-booklet,220,1404-booklet,220,کدرشته‌محل منبع: 34298؛ عنوان رشته در منبع: زیست شناسی سلولی و مولکولی؛ نحوه پذیرش: با آزمون
1404,زیست‌شناسی سلولی و مولکولی,دانشگاه گیالن -رشت,,گیالن,نوبت دوم,نوبت دوم,عادی,15,زن و مرد,نیمسال اول,فاقد خوابگاه,1404-booklet,220,1404-booklet,220,کدرشته‌محل منبع: 34301؛ عنوان رشته در منبع: زیست شناسی سلولی و مولکولی؛ نحوه پذیرش: با آزمون
1404,زیست‌شناسی سلولی و مولکولی,دانشگاه تخصصی فنّاوریهای نوین آمل,,مازندران,روزانه,روزانه,عادی,24,زن و مرد,نیمسال اول,معرفی به خوابگاه,1404-booklet,223,1404-booklet,223,کدرشته‌محل منبع: 34309؛ عنوان رشته در منبع: زیست شناسی سلولی و مولکولی؛ نحوه پذیرش: با آزمون
1404,زیست‌شناسی سلولی و مولکولی,دانشگاه تخصصی فنّاوریهای نوین آمل,,مازندران,نوبت دوم,نوبت دوم,عادی,9,زن و مرد,نیمسال اول,معرفی به خوابگاه,1404-booklet,224,1404-booklet,224,کدرشته‌محل منبع: 34316؛ عنوان رشته در منبع: زیست شناسی سلولی و مولکولی؛ نحوه پذیرش: با آزمون
1404,زیست‌شناسی سلولی و مولکولی,دانشگاه مازندران -بابلسر,,مازندران,روزانه,روزانه,عادی,30,زن و مرد,نیمسال اول,فاقد خوابگاه,1404-booklet,225,1404-booklet,225,کدرشته‌محل منبع: 34323؛ عنوان رشته در منبع: زیست شناسی سلولی و مولکولی؛ نحوه پذیرش: با آزمون
1404,زیست‌شناسی سلولی و مولکولی,دانشگاه مازندران -بابلسر,,مازندران,نوبت دوم,نوبت دوم,عادی,13,زن و مرد,نیمسال اول,فاقد خوابگاه,1404-booklet,225,1404-booklet,225,کدرشته‌محل منبع: 34326؛ عنوان رشته در منبع: زیست شناسی سلولی و مولکولی؛ نحوه پذیرش: با آزمون
1404,زیست‌شناسی سلولی و مولکولی,دانشگاه اراک,,مرکزی,روزانه,روزانه,عادی,45,زن و مرد,نیمسال اول,,1404-booklet,228,1404-booklet,228,کدرشته‌محل منبع: 34329؛ عنوان رشته در منبع: زیست شناسی سلولی و مولکولی؛ نحوه پذیرش: با آزمون
1404,زیست‌شناسی سلولی و مولکولی,دانشگاه بوعلی سینا -همدان,,همدان,روزانه,روزانه,عادی,35,زن و مرد,نیمسال اول,,1404-booklet,230,1404-booklet,230,کدرشته‌محل منبع: 34334؛ عنوان رشته در منبع: زیست شناسی سلولی و مولکولی؛ نحوه پذیرش: با آزمون
1404,زیست‌شناسی سلولی و مولکولی,دانشگاه یزد,,یزد,روزانه,روزانه,عادی,35,زن و مرد,نیمسال اول,,1404-booklet,234,1404-booklet,234,کدرشته‌محل منبع: 34342؛ عنوان رشته در منبع: زیست شناسی سلولی و مولکولی؛ نحوه پذیرش: با آزمون
1404,زیست‌شناسی سلولی و مولکولی,دانشگاه شهید چمران اهواز,,خوزستان,روزانه,همانند دوره روزانه رایگان (سهمیه مناطق محروم/ویژه),تعهد خدمت,1,زن و مرد,نیمسال اول,سهمیه مناطق محروم/ویژه؛ دوره همانند روزانه رایگان؛ شرایط و تعهد خدمت مطابق بخش مربوط دفترچه,1404-booklet,236,1404-booklet,236,کدرشته‌محل منبع: 37653؛ عنوان رشته در منبع: زیست شناسی سلولی و مولکولی؛ نحوه پذیرش: با آزمون؛ سهمیه مناطق محروم/ویژه
1404,زیست‌شناسی سلولی و مولکولی,دانشگاه خلیج فارس -بوشهر,,بوشهر,روزانه,همانند دوره روزانه رایگان (سهمیه مناطق محروم/ویژه),تعهد خدمت,1,زن و مرد,نیمسال اول,سهمیه مناطق محروم/ویژه؛ دوره همانند روزانه رایگان؛ شرایط و تعهد خدمت مطابق بخش مربوط دفترچه,1404-booklet,236,1404-booklet,236,کدرشته‌محل منبع: 37656؛ عنوان رشته در منبع: زیست شناسی سلولی و مولکولی؛ نحوه پذیرش: با آزمون؛ سهمیه مناطق محروم/ویژه
1404,زیست‌شناسی سلولی و مولکولی,دانشگاه شهرکرد,,چهارمحال و بختیاری,روزانه,همانند دوره روزانه رایگان (سهمیه مناطق محروم/ویژه),تعهد خدمت,1,زن و مرد,نیمسال اول,سهمیه مناطق محروم/ویژه؛ دوره همانند روزانه رایگان؛ شرایط و تعهد خدمت مطابق بخش مربوط دفترچه,1404-booklet,237,1404-booklet,237,کدرشته‌محل منبع: 37660؛ عنوان رشته در منبع: زیست شناسی سلولی و مولکولی؛ نحوه پذیرش: با آزمون؛ سهمیه مناطق محروم/ویژه
1404,زیست‌شناسی سلولی و مولکولی,دانشگاه شیراز,,فارس,روزانه,همانند دوره روزانه رایگان (سهمیه مناطق محروم/ویژه),تعهد خدمت,1,زن و مرد,نیمسال اول,سهمیه مناطق محروم/ویژه؛ دوره همانند روزانه رایگان؛ شرایط و تعهد خدمت مطابق بخش مربوط دفترچه,1404-booklet,238,1404-booklet,238,کدرشته‌محل منبع: 37669؛ عنوان رشته در منبع: زیست شناسی سلولی و مولکولی؛ نحوه پذیرش: با آزمون؛ سهمیه مناطق محروم/ویژه
1404,زیست‌شناسی سلولی و مولکولی,دانشگاه شهید چمران اهواز,,خوزستان,روزانه,همانند دوره روزانه رایگان (سهمیه مناطق محروم/ویژه),تعهد خدمت,1,زن و مرد,نیمسال اول,سهمیه مناطق محروم/ویژه؛ دوره همانند روزانه رایگان؛ شرایط و تعهد خدمت مطابق بخش مربوط دفترچه,1404-booklet,238,1404-booklet,238,کدرشته‌محل منبع: 37672؛ عنوان رشته در منبع: زیست شناسی سلولی و مولکولی؛ نحوه پذیرش: با آزمون؛ سهمیه مناطق محروم/ویژه
1404,زیست‌شناسی سلولی و مولکولی,دانشگاه شیراز,,فارس,روزانه,همانند دوره روزانه رایگان (سهمیه مناطق محروم/ویژه),تعهد خدمت,3,زن و مرد,نیمسال اول,سهمیه مناطق محروم/ویژه؛ دوره همانند روزانه رایگان؛ شرایط و تعهد خدمت مطابق بخش مربوط دفترچه,1404-booklet,238,1404-booklet,238,کدرشته‌محل منبع: 37676؛ عنوان رشته در منبع: زیست شناسی سلولی و مولکولی؛ نحوه پذیرش: با آزمون؛ سهمیه مناطق محروم/ویژه
1404,زیست‌شناسی سلولی و مولکولی,دانشگاه محقق اردبیلی -اردبیل,,اردبیل,روزانه,همانند دوره روزانه رایگان (سهمیه مناطق محروم/ویژه),تعهد خدمت,3,زن و مرد,نیمسال اول,سهمیه مناطق محروم/ویژه؛ دوره همانند روزانه رایگان؛ شرایط و تعهد خدمت مطابق بخش مربوط دفترچه,1404-booklet,239,1404-booklet,239,کدرشته‌محل منبع: 37982؛ عنوان رشته در منبع: زیست شناسی سلولی و مولکولی؛ نحوه پذیرش: با آزمون؛ سهمیه مناطق محروم/ویژه
1404,زیست‌شناسی سلولی و مولکولی,دانشگاه تهران,,تهران,روزانه,همانند دوره روزانه رایگان (سهمیه مناطق محروم/ویژه),تعهد خدمت,2,زن و مرد,نیمسال اول,سهمیه مناطق محروم/ویژه؛ دوره همانند روزانه رایگان؛ شرایط و تعهد خدمت مطابق بخش مربوط دفترچه,1404-booklet,240,1404-booklet,240,کدرشته‌محل منبع: 37988؛ عنوان رشته در منبع: زیست شناسی سلولی و مولکولی؛ نحوه پذیرش: با آزمون؛ سهمیه مناطق محروم/ویژه
1404,زیست‌شناسی سلولی و مولکولی,دانشگاه شهید بهشتی -تهران,,تهران,روزانه,همانند دوره روزانه رایگان (سهمیه مناطق محروم/ویژه),تعهد خدمت,2,زن و مرد,نیمسال اول,سهمیه مناطق محروم/ویژه؛ دوره همانند روزانه رایگان؛ شرایط و تعهد خدمت مطابق بخش مربوط دفترچه,1404-booklet,240,1404-booklet,240,کدرشته‌محل منبع: 37989؛ عنوان رشته در منبع: زیست شناسی سلولی و مولکولی؛ نحوه پذیرش: با آزمون؛ سهمیه مناطق محروم/ویژه
1404,زیست‌شناسی سلولی و مولکولی,دانشگاه شهرکرد,,چهارمحال و بختیاری,روزانه,همانند دوره روزانه رایگان (سهمیه مناطق محروم/ویژه),تعهد خدمت,2,زن و مرد,نیمسال اول,سهمیه مناطق محروم/ویژه؛ دوره همانند روزانه رایگان؛ شرایط و تعهد خدمت مطابق بخش مربوط دفترچه,1404-booklet,241,1404-booklet,241,کدرشته‌محل منبع: 38001؛ عنوان رشته در منبع: زیست شناسی سلولی و مولکولی؛ نحوه پذیرش: با آزمون؛ سهمیه مناطق محروم/ویژه
1404,زیست‌شناسی سلولی و مولکولی,دانشگاه بیرجند,,خراسان جنوبی,روزانه,همانند دوره روزانه رایگان (سهمیه مناطق محروم/ویژه),تعهد خدمت,3,زن و مرد,نیمسال اول,سهمیه مناطق محروم/ویژه؛ دوره همانند روزانه رایگان؛ شرایط و تعهد خدمت مطابق بخش مربوط دفترچه,1404-booklet,241,1404-booklet,241,کدرشته‌محل منبع: 38002؛ عنوان رشته در منبع: زیست شناسی سلولی و مولکولی؛ نحوه پذیرش: با آزمون؛ سهمیه مناطق محروم/ویژه
1404,زیست‌شناسی سلولی و مولکولی,دانشگاه دامغان,,سمنان,روزانه,همانند دوره روزانه رایگان (سهمیه مناطق محروم/ویژه),تعهد خدمت,2,زن و مرد,نیمسال اول,سهمیه مناطق محروم/ویژه؛ دوره همانند روزانه رایگان؛ شرایط و تعهد خدمت مطابق بخش مربوط دفترچه,1404-booklet,242,1404-booklet,242,کدرشته‌محل منبع: 38004؛ عنوان رشته در منبع: زیست شناسی سلولی و مولکولی؛ نحوه پذیرش: با آزمون؛ سهمیه مناطق محروم/ویژه
1404,زیست‌شناسی سلولی و مولکولی,دانشگاه سمنان,,سمنان,روزانه,همانند دوره روزانه رایگان (سهمیه مناطق محروم/ویژه),تعهد خدمت,2,زن و مرد,نیمسال اول,سهمیه مناطق محروم/ویژه؛ دوره همانند روزانه رایگان؛ شرایط و تعهد خدمت مطابق بخش مربوط دفترچه,1404-booklet,242,1404-booklet,242,کدرشته‌محل منبع: 38005؛ عنوان رشته در منبع: زیست شناسی سلولی و مولکولی؛ نحوه پذیرش: با آزمون؛ سهمیه مناطق محروم/ویژه
1404,زیست‌شناسی سلولی و مولکولی,دانشگاه شیراز,,فارس,روزانه,همانند دوره روزانه رایگان (سهمیه مناطق محروم/ویژه),تعهد خدمت,3,زن و مرد,نیمسال اول,سهمیه مناطق محروم/ویژه؛ دوره همانند روزانه رایگان؛ شرایط و تعهد خدمت مطابق بخش مربوط دفترچه,1404-booklet,245,1404-booklet,245,کدرشته‌محل منبع: 38009؛ عنوان رشته در منبع: زیست شناسی سلولی و مولکولی؛ نحوه پذیرش: با آزمون؛ سهمیه مناطق محروم/ویژه
1404,زیست‌شناسی سلولی و مولکولی,دانشگاه جیرفت,,کرمان,روزانه,همانند دوره روزانه رایگان (سهمیه مناطق محروم/ویژه),تعهد خدمت,2,زن و مرد,نیمسال اول,سهمیه مناطق محروم/ویژه؛ دوره همانند روزانه رایگان؛ شرایط و تعهد خدمت مطابق بخش مربوط دفترچه,1404-booklet,246,1404-booklet,246,کدرشته‌محل منبع: 38013؛ عنوان رشته در منبع: زیست شناسی سلولی و مولکولی؛ نحوه پذیرش: با آزمون؛ سهمیه مناطق محروم/ویژه
1404,زیست‌شناسی سلولی و مولکولی,دانشگاه شهید باهنر کرمان,,کرمان,روزانه,همانند دوره روزانه رایگان (سهمیه مناطق محروم/ویژه),تعهد خدمت,2,زن و مرد,نیمسال اول,سهمیه مناطق محروم/ویژه؛ دوره همانند روزانه رایگان؛ شرایط و تعهد خدمت مطابق بخش مربوط دفترچه,1404-booklet,246,1404-booklet,246,کدرشته‌محل منبع: 38014؛ عنوان رشته در منبع: زیست شناسی سلولی و مولکولی؛ نحوه پذیرش: با آزمون؛ سهمیه مناطق محروم/ویژه
1404,زیست‌شناسی سلولی و مولکولی,دانشگاه شهید باهنر کرمان,,کرمان,روزانه,همانند دوره روزانه رایگان (سهمیه مناطق محروم/ویژه),تعهد خدمت,1,زن و مرد,نیمسال اول,سهمیه مناطق محروم/ویژه؛ دوره همانند روزانه رایگان؛ شرایط و تعهد خدمت مطابق بخش مربوط دفترچه,1404-booklet,248,1404-booklet,248,کدرشته‌محل منبع: 38273؛ عنوان رشته در منبع: زیست شناسی سلولی و مولکولی؛ نحوه پذیرش: با آزمون؛ سهمیه مناطق محروم/ویژه
1404,زیست‌شناسی سلولی و مولکولی,دانشگاه غیرانتفاعی علم و فرهنگ -تهران,,تهران,غیرانتفاعی,غیرانتفاعی,عادی,55,زن و مرد,نیمسال اول,معرفی به خوابگاه,1404-booklet,260,1404-booklet,260,کدرشته‌محل منبع: 38604؛ عنوان رشته در منبع: زیست شناسی سلولی و مولکولی؛ نحوه پذیرش: با آزمون
1404,زیست‌شناسی سلولی و مولکولی,موسسه غیرانتفاعی کاویان -مشهد,,خراسان رضوی,غیرانتفاعی,غیرانتفاعی,عادی,50,زن و مرد,نیمسال اول,معرفی به خوابگاه,1404-booklet,270,1404-booklet,270,کدرشته‌محل منبع: 38620؛ عنوان رشته در منبع: زیست شناسی سلولی و مولکولی؛ نحوه پذیرش: با آزمون
1404,زیست‌شناسی سلولی و مولکولی,دانشگاه غیرانتفاعی دانش البرز -آبیک,,قزوین,غیرانتفاعی,غیرانتفاعی,عادی,60,زن و مرد,نیمسال اول,,1404-booklet,278,1404-booklet,278,کدرشته‌محل منبع: 38621؛ عنوان رشته در منبع: زیست شناسی سلولی و مولکولی؛ نحوه پذیرش: با آزمون
1404,زیست‌شناسی سلولی و مولکولی,دانشگاه غیرانتفاعی غیاث الدین جمشید کاشانی -آبیک,,قزوین,غیرانتفاعی,غیرانتفاعی,عادی,60,زن و مرد,نیمسال اول,,1404-booklet,279,1404-booklet,279,کدرشته‌محل منبع: 38624؛ عنوان رشته در منبع: زیست شناسی سلولی و مولکولی؛ نحوه پذیرش: با آزمون
1404,زیست‌شناسی سلولی و مولکولی,دانشگاه پیام نور استان البرز -مرکز کرج,,البرز,پیام نور,پیام نور,عادی,40,زن و مرد,نیمسال اول,,1404-booklet,324,1404-booklet,324,کدرشته‌محل منبع: 38951؛ عنوان رشته در منبع: زیست شناسی سلولی و مولکولی؛ نحوه پذیرش: با آزمون
1404,زیست‌شناسی سلولی و مولکولی,دانشگاه پیام نور استان تهران -تهران شرق,,تهران,پیام نور,پیام نور,عادی,40,زن و مرد,نیمسال اول,,1404-booklet,331,1404-booklet,331,کدرشته‌محل منبع: 38952؛ عنوان رشته در منبع: زیست شناسی سلولی و مولکولی؛ نحوه پذیرش: با آزمون
1404,زیست‌شناسی سلولی و مولکولی,دانشگاه پیام نور استان تهران -واحد شهریار,,تهران,پیام نور,پیام نور,عادی,40,زن و مرد,نیمسال اول,,1404-booklet,336,1404-booklet,336,کدرشته‌محل منبع: 38953؛ عنوان رشته در منبع: زیست شناسی سلولی و مولکولی؛ نحوه پذیرش: با آزمون
