رتبه در سهمیه,رشته قبولی,دانشگاه,نوع پذیرش
484,حقوق,دانشگاه اصفهان,ذکر نشده
690,حقوق,دانشگاه تهران(قم),ذکر نشده
839,حقوق,فردوسی مشهد,نوبت دوم
975,حقوق,دانشگاه اصفهان,نوبت دوم
979,حقوق,دانشگاه تبریز,نوبت دوم
1435,حقوق,رازی کرمانشاه,ذکر نشده
1539,حقوق,سیستان و بلوچستان -زاهدان,ذکر نشده
1919,حقوق,دانشگاه شهرکرد,ذکر نشده
1919,حقوق,شهید مدنی آذربایجان تبریز,ذکر نشده
2096,حقوق,بوعلی سینا همدان,ذکر نشده
2348,حقوق,دانشگاه گلستان -گرگان,ذکر نشده
2363,حقوق,دانشگاه هرمزگان -بندرعباس,ذکر نشده
2515,حقوق,دانشگاه مازندران -بابلسر,نوبت دوم
2877,حقوق,دانشگاه ارومیه,ذکر نشده
2982,حقوق,دانشگاه لرستان -خرم آباد,ذکر نشده
3125,حقوق,مجتمع آموزش عالی گناباد,ذکر نشده
3130,حقوق,غیرانتفاعی علم و فرهنگ تهران,ذکر نشده
3264,حقوق,دانشگاه زنجان,ذکر نشده
4115,حقوق,دانشگاه دامغان,نوبت دوم
4638,حقوق,دانشگاه بجنورد,ذکر نشده
4705,حقوق,پیام نور البرز -کرج,ذکر نشده
4961,حقوق,دانشگاه بیرجند,نوبت دوم
5099,حقوق,غیرانتفاعی ارشاد - دماوند(تهران),ذکر نشده
6705,حقوق,پیام نور آذربایجان شرقی -تبریز,ذکر نشده
8399,حقوق,پیام نور اردبیل -اردبیل,ذکر نشده
17360,حقوق,غیرانتفاعی آل طه تهران,ذکر نشده
18294,حقوق,پیام نور تهران -ری,ذکر نشده
10,روانشناسی,دانشگاه تهران,ذکر نشده
96,روانشناسی,علوم توانبخشی و سلامت اجتماعی تهران,ذکر نشده
132,روانشناسی,دانشگاه الزهرا,نوبت دوم
559,روانشناسی,دانشگاه گلستان -گرگان,ذکر نشده
674,روانشناسی,فردوسی مشهد,نوبت دوم
866,روانشناسی,دانشگاه یاسوج,ذکر نشده
1014,روانشناسی,دانشگاه اصفهان,نوبت دوم
1161,روانشناسی,دانشگاه تبریز,نوبت دوم
1513,روانشناسی,دانشگاه مازندران -بابلسر,ذکر نشده
1591,روانشناسی,دانشگاه جهرم,ذکر نشده
1615,روانشناسی,بوعلی سینا همدان,ذکر نشده
1966,روانشناسی,دانشگاه هرمزگان -بندرعباس,ذکر نشده
2000,روانشناسی,دانشگاه لرستان -خرم آباد,ذکر نشده
2019,روانشناسی,شهید مدنی آذربایجان تبریز,ذکر نشده
2349,روانشناسی,سلمان فارسی کازرون,ذکر نشده
2353,روانشناسی,حکیم سبزواری سبزوار,ذکر نشده
2500,روانشناسی,دانشگاه گنبد,ذکر نشده
2889,روانشناسی,شهید چمران اهواز,ذکر نشده
3151,روانشناسی,دانشگاه ارومیه,ذکر نشده
3338,روانشناسی,دانشگاه مازندران -بابلسر,نوبت دوم
3417,روانشناسی,دانشگاه مالیر,ذکر نشده
5813,روانشناسی,غیرانتفاعی حکمت رضوی مشهد,ذکر نشده
7143,روانشناسی,غیرانتفاعی آل طه تهران,ذکر نشده
9141,روانشناسی,پیام نور خراسان رضوی -مشهد,ذکر نشده
9382,روانشناسی,پیام نور فارس -شیراز,ذکر نشده
12291,روانشناسی,پیام نور اردبیل -اردبیل,ذکر نشده
1012,حسابداری,دانشگاه الزهرا,ذکر نشده
1248,حسابداری,دانشگاه گیالن -رشت,ذکر نشده
1294,حسابداری,صنعت نفت(تهران),ذکر نشده
1429,حسابداری,عالمه طباطبایی تهران,نوبت دوم
2916,حسابداری,خلیج فارس بوشهر,ذکر نشده
2921,حسابداری,دانشگاه سمنان,ذکر نشده
3064,حسابداری,دانشگاه گنبد,ذکر نشده
3293,حسابداری,دانشگاه جهرم,ذکر نشده
3937,حسابداری,دانشگاه ارومیه,ذکر نشده
5289,حسابداری,پیام نور اصفهان -اصفهان,ذکر نشده
6728,حسابداری,پیام نور البرز -کرج,ذکر نشده
6921,حسابداری,دانشگاه مازندران -بابلسر,نوبت دوم
15055,حسابداری,غیرانتفاعی آل طه تهران,ذکر نشده
16553,حسابداری,پیام نور تهران -پاکدشت,ذکر نشده
100,مشاوره,عالمه طباطبایی تهران,ذکر نشده
241,مشاوره,شهید بهشتی تهران,ذکر نشده
441,مشاوره,دانشگاه الزهرا,ذکر نشده
1566,مشاوره,دانشگاه یزد,ذکر نشده
1817,مشاوره,شهید چمران اهواز,ذکر نشده
2290,مشاوره,دانشگاه بیرجند,ذکر نشده
2360,مشاوره,شهید مدنی آذربایجان تبریز,ذکر نشده
2437,مشاوره,دانشگاه لرستان -خرم آباد,ذکر نشده
3002,مشاوره,دانشگاه کردستان -سنندج,ذکر نشده
3392,مشاوره,دانشگاه شهرکرد,ذکر نشده
3455,مشاوره,دانشگاه گیالن -رشت,نوبت دوم
3768,مشاوره,دانشگاه اراک,ذکر نشده
3841,مشاوره,دانشگاه اردکان,ذکر نشده
12510,مشاوره,پیام نور آذربایجان شرقی -تبریز,ذکر نشده
14563,مشاوره,غیرانتفاعی رسام کرج,ذکر نشده
146,مدیریت بازرگانی,دانشگاه تهران,ذکر نشده
236,مدیریت مالی,شهید بهشتی تهران,ذکر نشده
395,مدیریت بیمه اکو,عالمه طباطبایی تهران,ذکر نشده
498,مدیریت صنعتی,دانشگاه تهران,ذکر نشده
550,مدیریت بازرگانی,عالمه طباطبایی تهران,ذکر نشده
734,مدیریت بازرگانی,دانشگاه شاهد تهران,ذکر نشده
1251,مدیریت دولتی,دانشگاه تهران,ذکر نشده
1797,مدیریت بازرگانی,دانشگاه کاشان,ذکر نشده
2633,مدیریت بازرگانی,دانشگاه گیالن -رشت,ذکر نشده
2830,مدیریت صنعتی,بین المللی امام خمینی(ره) - قزوین,ذکر نشده
3053,مدیریت آموزشی با رویکرد آموزش سازمانی,دانشگاه اصفهان,ذکر نشده
3144,مدیریت آموزشی با رویکرد آموزش سازمانی,دانشگاه تهران,ذکر نشده
3544,مدیریت بازرگانی,دانشگاه سمنان,ذکر نشده
4369,مدیریت امور بانکی,غیرانتفاعی خاتم تهران,ذکر نشده
4775,مدیریت بازرگانی,دانشگاه هرمزگان -بندرعباس,ذکر نشده
5088,مدیریت بازرگانی,محقق اردبیلی اردبیل,ذکر نشده
5198,مدیریت صنعتی,دانشگاه شاهد تهران,ذکر نشده
5427,مدیریت دولتی,دانشگاه اردکان,ذکر نشده
5553,مدیریت مالی,صنعتی شاهرود,نوبت دوم
5632,مدیریت مالی,رازی کرمانشاه(جوانرود),ذکر نشده
5637,مدیریت آموزشی با رویکرد آموزش سازمانی,دانشگاه شیراز,ذکر نشده
5900,مدیریت بازرگانی,دانشگاه بجنورد,ذکر نشده
6245,مدیریت آموزشی با رویکرد آموزش سازمانی,دانشگاه یزد,ذکر نشده
6797,مدیریت بازرگانی,دانشگاه اردکان,ذکر نشده
6865,مدیریت بازرگانی,دانشگاه زنجان,ذکر نشده
6965,مدیریت بازرگانی,دانشگاه کردستان -سنندج,ذکر نشده
7138,مدیریت بازرگانی,غیرانتفاعی علم و فرهنگ تهران,ذکر نشده
7322,مدیریت دولتی,دانشگاه سمنان,ذکر نشده
7355,مدیریت بازرگانی,دانشگاه گیالن -رشت,نوبت دوم
7710,مدیریت صنعتی,دانشگاه هرمزگان -بندرعباس,ذکر نشده
8029,مدیریت آموزشی با رویکرد آموزش سازمانی,دانشگاه گیالن -رشت,ذکر نشده
8091,مدیریت مالی,غیرانتفاعی ارشاد - دماوند(تهران),ذکر نشده
8975,مدیریت صنعتی,دانشگاه زنجان,ذکر نشده
9122,مدیریت صنعتی,صنعتی شاهرود,ذکر نشده
9520,مدیریت بازرگانی,دانشگاه ولی عصر رفسنجان,ذکر نشده
12138,مدیریت بازرگانی,شهید باهنر - کرمان(بافت),ذکر نشده
13344,مدیریت صنعتی,صنعتی شاهرود,نوبت دوم
10311,مدیریت کسب و کار,دانشگاه میبد,ذکر نشده
10948,مدیریت کسب و کار,دانشگاه مالیر,ذکر نشده
730,اقتصاد,دانشگاه تهران,ذکر نشده
1461,اقتصاد,شهید بهشتی تهران,ذکر نشده
2665,اقتصاد,دانشگاه تبریز,ذکر نشده
3815,اقتصاد,دانشگاه اصفهان,ذکر نشده
4219,اقتصاد,عالمه طباطبایی تهران,نوبت دوم
4263,اقتصاد,دانشگاه الزهرا,ذکر نشده
4388,اقتصاد,دانشگاه ایالم,ذکر نشده
5698,اقتصاد,دانشگاه مازندران -بابلسر,ذکر نشده
5817,اقتصاد,رازی کرمانشاه,ذکر نشده
6236,اقتصاد,دانشگاه گیالن -رشت,ذکر نشده
6374,اقتصاد,شهید چمران اهواز,ذکر نشده
6791,اقتصاد,دانشگاه ارومیه,ذکر نشده
7543,اقتصاد,دانشگاه اراک,ذکر نشده
7657,اقتصاد,دانشگاه بجنورد,ذکر نشده
8448,اقتصاد,محقق اردبیلی اردبیل,ذکر نشده
8727,اقتصاد,دانشگاه کردستان -سنندج,ذکر نشده
8820,اقتصاد,دانشگاه گنبد,ذکر نشده
9365,اقتصاد,دانشگاه گیالن -رشت,نوبت دوم
9585,اقتصاد,دانشگاه سمنان,ذکر نشده
10825,اقتصاد,دانشگاه مازندران -بابلسر,نوبت دوم
10941,اقتصاد,دانشگاه اردکان,ذکر نشده
12455,اقتصاد,دانشگاه ولی عصر رفسنجان,ذکر نشده
12715,اقتصاد,علوم و فنون دریایی خرمشهر,ذکر نشده
12984,اقتصاد,دانشگاه دامغان,ذکر نشده
15362,اقتصاد,پیام نور تهران - تهران غرب,ذکر نشده
8320,مردم شناسی,دانشگاه تهران,ذکر نشده
12246,مردم شناسی,دانشگاه مازندران -بابلسر,ذکر نشده
1844,گردشگری,عالمه طباطبایی تهران,ذکر نشده
8296,گردشگری,دانشگاه تبریز,نوبت دوم
9741,گردشگری,دانشگاه گیالن -رشت,نوبت دوم
10969,گردشگری,دانشگاه کردستان -سنندج,ذکر نشده
12971,گردشگری,غیرانتفاعی علم و فرهنگ تهران,ذکر نشده
1263,جامعه شناسی,دانشگاه تهران,ذکر نشده
3884,جامعه شناسی,دانشگاه بیرجند,ذکر نشده
5114,جامعه شناسی,شهید بهشتی تهران,ذکر نشده
5313,جامعه شناسی,دانشگاه شیراز,ذکر نشده
5335,جامعه شناسی,دانشگاه تبریز,ذکر نشده
5922,جامعه شناسی,رازی کرمانشاه,ذکر نشده
6140,جامعه شناسی,دانشگاه ایالم,ذکر نشده
7100,جامعه شناسی,دانشگاه یاسوج,ذکر نشده
8139,جامعه شناسی,دانشگاه ارومیه,ذکر نشده
8742,جامعه شناسی,دانشگاه کردستان -سنندج,ذکر نشده
8833,جامعه شناسی,دانشگاه مازندران -بابلسر,ذکر نشده
8845,جامعه شناسی,دانشگاه هرمزگان -بندرعباس,ذکر نشده
9398,جامعه شناسی,شهید چمران اهواز,ذکر نشده
10021,جامعه شناسی,بوعلی سینا همدان,ذکر نشده
10319,جامعه شناسی,بین المللی امام خمینی(ره) - قزوین,ذکر نشده
10355,جامعه شناسی,شهید باهنر کرمان,ذکر نشده
11443,جامعه شناسی,دانشگاه یزد,ذکر نشده
6318,مطالعات ارتباطی,عالمه طباطبایی تهران,ذکر نشده
10948,مطالعات ارتباطی,عالمه طباطبایی تهران,نوبت دوم
1795,علوم تربیتی,عالمه طباطبایی تهران,ذکر نشده
1894,علوم تربیتی,دانشگاه تبریز,ذکر نشده
2251,علوم تربیتی,دانشگاه الزهرا,ذکر نشده
2572,علوم تربیتی,شهید باهنر کرمان,ذکر نشده
3019,علوم تربیتی,دانشگاه کردستان -سنندج,ذکر نشده
3609,علوم تربیتی,دانشگاه شاهد تهران,ذکر نشده
3691,علوم تربیتی,شهید چمران اهواز,ذکر نشده
3752,علوم تربیتی,حکیم سبزواری سبزوار,ذکر نشده
3908,علوم تربیتی,بوعلی سینا همدان,ذکر نشده
3909,علوم تربیتی,دانشگاه شیراز,ذکر نشده
4681,علوم تربیتی,دانشگاه ارومیه,ذکر نشده
4768,علوم تربیتی,شهید مدنی آذربایجان تبریز,ذکر نشده
4925,علوم تربیتی,حکیم سبزواری سبزوار,نوبت دوم
5319,علوم تربیتی,دانشگاه گیالن -رشت,ذکر نشده
5329,علوم تربیتی,دانشگاه اراک,ذکر نشده
8910,علوم تربیتی,دانشگاه گیالن -رشت,نوبت دوم
3818,روزنامه نگاری,عالمه طباطبایی تهران,ذکر نشده
2889,علوم سیاسی,عالمه طباطبایی تهران,ذکر نشده
6075,علوم سیاسی,دانشگاه یزد,ذکر نشده
6118,علوم سیاسی,عالمه طباطبایی تهران,نوبت دوم
6213,علوم سیاسی,دانشگاه اصفهان,ذکر نشده
6561,علوم سیاسی,دانشگاه اراک,ذکر نشده
8287,علوم سیاسی,شهید باهنر کرمان,ذکر نشده
8675,علوم سیاسی,بوعلی سینا همدان,ذکر نشده
10799,علوم سیاسی,دانشگاه گیالن -رشت,ذکر نشده
11617,علوم سیاسی,دانشگاه مازندران -بابلسر,ذکر نشده
12617,علوم سیاسی,دانشگاه گیالن -رشت,نوبت دوم
13553,علوم سیاسی,رازی کرمانشاه,ذکر نشده
14728,علوم سیاسی,دانشگاه بجنورد,ذکر نشده
16198,علوم سیاسی,دانشگاه مازندران -بابلسر,نوبت دوم
1191,زبان و ادبیات فارسی,شهید بهشتی تهران,ذکر نشده
1203,زبان و ادبیات فارسی,دانشگاه تهران,ذکر نشده
2587,زبان و ادبیات فارسی,دانشگاه شیراز,ذکر نشده
3878,زبان و ادبیات فارسی,فردوسی مشهد,ذکر نشده
4737,زبان و ادبیات فارسی,دانشگاه اصفهان,ذکر نشده
4899,زبان و ادبیات فارسی,بوعلی سینا همدان,ذکر نشده
5413,زبان و ادبیات فارسی,دانشگاه مازندران -بابلسر,ذکر نشده
5782,زبان و ادبیات فارسی,شهید چمران اهواز,ذکر نشده
6280,زبان و ادبیات فارسی,دانشگاه تبریز,ذکر نشده
7887,زبان و ادبیات فارسی,خلیج فارس بوشهر,ذکر نشده
8592,زبان و ادبیات فارسی,دانشگاه گیالن -رشت,ذکر نشده
8732,زبان و ادبیات فارسی,دانشگاه گلستان -گرگان,ذکر نشده
8827,زبان و ادبیات فارسی,دانشگاه ایالم,ذکر نشده
8962,زبان و ادبیات فارسی,دانشگاه بیرجند,ذکر نشده
9032,زبان و ادبیات فارسی,دانشگاه ارومیه,ذکر نشده
9153,زبان و ادبیات فارسی,دانشگاه نیشابور,ذکر نشده
9505,زبان و ادبیات فارسی,دانشگاه اصفهان,نوبت دوم
9750,زبان و ادبیات فارسی,حکیم سبزواری سبزوار,ذکر نشده
10837,زبان و ادبیات فارسی,دانشگاه زابل,ذکر نشده
11345,زبان و ادبیات فارسی,شهید مدنی آذربایجان تبریز,ذکر نشده
12634,زبان و ادبیات فارسی,دانشگاه یاسوج,ذکر نشده
13137,زبان و ادبیات فارسی,دانشگاه اراک,ذکر نشده
13316,زبان و ادبیات فارسی,دانشگاه گیالن -رشت,نوبت دوم
5968,علوم ارتباطات اجتماعی,دانشگاه تهران,ذکر نشده
4598,هتلداری,عالمه طباطبایی تهران,ذکر نشده
4093,روابط عمومی,عالمه طباطبایی تهران,ذکر نشده
7062,روابط عمومی,عالمه طباطبایی تهران,نوبت دوم
2887,مددکاری اجتماعی,دانشگاه شاهد تهران,ذکر نشده
4850,مددکاری اجتماعی,دانشگاه یزد,ذکر نشده
8647,مطالعات خانواده,شهید مدنی آذربایجان تبریز,ذکر نشده
89,زبان و ادبیات عربی,بین المللی امام خمینی(ره) - قزوین,ذکر نشده
1085,زبان و ادبیات عربی,دانشگاه تهران(قم),ذکر نشده
1536,زبان و ادبیات عربی,دانشگاه یزد,ذکر نشده
1699,زبان و ادبیات عربی,عالمه طباطبایی تهران,نوبت دوم
4725,زبان و ادبیات عربی,دانشگاه شیراز,ذکر نشده
5186,مترجمی زبان عربی,دانشگاه تهران,ذکر نشده
6187,زبان و ادبیات عربی,دانشگاه سمنان,ذکر نشده
6811,زبان و ادبیات عربی,خلیج فارس بوشهر,ذکر نشده
8282,زبان و ادبیات عربی,فردوسی مشهد,نوبت دوم
8287,زبان و ادبیات عربی,دانشگاه کاشان,ذکر نشده
9147,زبان و ادبیات عربی,شهید مدنی آذربایجان تبریز,ذکر نشده
9485,زبان و ادبیات عربی,دانشگاه ایالم,ذکر نشده
11041,مترجمی زبان عربی,شهید چمران اهواز,ذکر نشده
11487,زبان و ادبیات عربی,دانشگاه اراک,ذکر نشده
13066,زبان و ادبیات عربی,دانشگاه قم,ذکر نشده
1699,فقه و مبانی حقوق اسلامی,دانشگاه مازندران -بابلسر,ذکر نشده
2217,فقه و مبانی حقوق اسلامی,فردوسی مشهد,ذکر نشده
3381,فقه و مبانی حقوق اسلامی,دانشگاه اصفهان,ذکر نشده
4775,فقه و مبانی حقوق اسلامی,بوعلی سینا همدان,ذکر نشده
5192,فلسفه,و کالم اسلامی شهید چمران اهواز,ذکر نشده
7514,فقه و مبانی حقوق اسلامی,دانشگاه جهرم,ذکر نشده
7926,فقه و مبانی حقوق اسلامی,دانشگاه قم,ذکر نشده
8163,فقه و مبانی حقوق اسلامی,دانشگاه سمنان,ذکر نشده
8448,فقه و مبانی حقوق اسلامی,دانشگاه ایالم,ذکر نشده
9262,فقه شافعی,دانشگاه کردستان -سنندج,ذکر نشده
9315,فقه و مبانی حقوق اسلامی,حکیم سبزواری سبزوار,ذکر نشده
9783,فقه و مبانی حقوق اسلامی,رازی کرمانشاه,نوبت دوم
9836,فقه و مبانی حقوق اسلامی,شهید باهنر کرمان,نوبت دوم
11874,تاریخ,و تمدن ملل اسلامی بین المللی امام خمینی(ره) - قزوین,ذکر نشده
12086,فقه و مبانی حقوق اسلامی,دانشگاه والیت -ایرانشهر,ذکر نشده
6049,فلسفه,شهید بهشتی تهران,ذکر نشده
10756,فلسفه,دانشگاه تبریز,ذکر نشده
5075,جغرافیا,فردوسی مشهد,ذکر نشده
6391,جغرافیا,فردوسی مشهد,نوبت دوم
6696,جغرافیا,دانشگاه شیراز,ذکر نشده
6757,جغرافیا,دانشگاه اصفهان,ذکر نشده
10888,جغرافیا,دانشگاه ارومیه,ذکر نشده
12204,جغرافیا,رازی کرمانشاه,ذکر نشده
12277,جغرافیا,دانشگاه کاشان,ذکر نشده
12654,جغرافیا,شهید چمران اهواز,ذکر نشده
12685,جغرافیا,شهید بهشتی تهران,ذکر نشده
13267,جغرافیا,دانشگاه گیالن -رشت,ذکر نشده
13524,جغرافیا,دانشگاه تبریز,نوبت دوم
14619,جغرافیا,دانشگاه مازندران -بابلسر,ذکر نشده
14711,جغرافیا,دانشگاه گلستان -گرگان,ذکر نشده
5275,تاریخ,دانشگاه شیراز,ذکر نشده
6965,تاریخ,عالمه طباطبایی تهران,ذکر نشده
8342,تاریخ,سیستان و بلوچستان -زاهدان,ذکر نشده
9920,تاریخ,دانشگاه ارومیه,ذکر نشده
12204,تاریخ,خلیج فارس بوشهر,ذکر نشده
5156,باستانشناسی,شهید بهشتی تهران,ذکر نشده
9741,باستانشناسی,دانشگاه شهرکرد,ذکر نشده
3836,علوم ورزشی,دانشگاه الزهرا,ذکر نشده
10121,علوم ورزشی,شهید باهنر کرمان,ذکر نشده
6853,برنامه ریزی اجتماعی و تعاون,عالمه طباطبایی تهران,ذکر نشده
12246,برنامه ریزی اجتماعی و تعاون,حکیم سبزواری سبزوار,ذکر نشده
5937,علوم قرآن و حدیث,دانشگاه الزهرا,ذکر نشده
9014,علوم قرآن و حدیث,عالمه طباطبایی تهران,ذکر نشده
11903,علوم قرآن و حدیث,دانشگاه شاهد تهران,ذکر نشده
13939,علوم قرآن و حدیث,دانشگاه مازندران -بابلسر,ذکر نشده
14940,علوم قرآن و حدیث,عالمه طباطبایی تهران,نوبت دوم
12525,علم اطلاعات و دانش شناسی,دانشگاه اصفهان,ذکر نشده