سال,گروه آزمایشی,رتبه کشوری,رتبه در سهمیه,سهمیه,رشته قبولی,دانشگاه قبولی,نوع دوره قبولی,لینک منبع,پست تلگرام,هش تصویر,کانال منبع,روش استخراج رتبه,وضعیت بازبینی رتبه
1398,انسانی,,31,,روانشناسی,دانشگاه تهران,روزانه,https://t.me/kousarhighschool/1856,kousarhighschool/1856,6adfa6a9b9faaafde49af3f94f77784ce46e593e415d5427428ef50bb4c89220,kousarhighschool,design_B_digit_model,model_validated_cv_100pct
1398,انسانی,,32,,کارشناسى ارشد پیوسته علوم قضایى,دانشگاه علوم قضایى و خدمات دادگسترى,روزانه,https://t.me/G2_konkur99/14578,G2_konkur99/14578,86afccf52b6c0e03d7942f86a4cbd888457b68e494c676b0335fe597f96bb1d7,G2_konkur99 | g2_old,design_B_digit_model,model_validated_cv_100pct
1398,انسانی,,41,منطقه 3,مدیریت مالی,دانشگاه تهران,روزانه,https://t.me/G2_konkur1401/5035,G2_konkur1401/5035,3ac7e18c1995436d98d9a1b9f3e867183f5f9ed1b89a62f8dfdaac1150ac9d5d,,visual_read_from_report_card_image,manual_visual_single_pass
1398,انسانی,,66,,حقوق,دانشگاه شهیدبهشتى تهران,روزانه,https://t.me/G2_konkur99/14597,G2_konkur99/14597,f6762fe19c20c62bd979f32e6ffd51501dbca7caa6f5d7ce89d992c221c31c58,G2_konkur99 | g2_old,design_B_digit_model,model_validated_cv_100pct
1398,انسانی,,126,,کارشناسی ارشد پیوسته علوم قضایی,دانشگاه علوم قضایی و خدمات اداری دادگستری,روزانه,https://t.me/kousarhighschool/1804,kousarhighschool/1804,efab1c5be63a73c145b2c47256ba9537c39a0b079514641239ab9a97d84cc136,kousarhighschool,design_B_digit_model,model_validated_cv_100pct
1398,انسانی,,127,منطقه 1,حقوق,دانشگاه شهید بهشتی تهران,روزانه,https://t.me/G2_konkur99/14679,G2_konkur99/14679,fad7aa1bbd3c4a171b460c95bc7cea97885b67dc96e8a30b6b5bd535936fd8f0,,visual_read_from_report_card_image,manual_visual_single_pass
1398,انسانی,,142,منطقه 2,جامعه شناسی,دانشگاه خوارزمی تهران,روزانه,https://t.me/G2_konkur406/8076,G2_konkur406/8076,74e5abdc97dd525f31e421c1de81fef071304926e4507bd3de680f9a88956f16,,visual_read_from_report_card_image,manual_visual_single_pass
1398,انسانی,,148,منطقه 2,حقوق,دانشگاه شهید بهشتی تهران,روزانه,https://t.me/G2_konkur99/14658,G2_konkur99/14658,bf51b7a32036d6969b4406b92767193448993f975bf19d7139f8db5a4e071357,,visual_read_from_report_card_image,manual_visual_single_pass
1398,انسانی,,150,,حقوق,دانشگاه شهید بهشتی تهران,روزانه,https://t.me/Gozine2_Roshtkhar/163,Gozine2_Roshtkhar/163,1f2920f6e8cd1f95436467522504b3593f713b928d95fa80ce8e18be71eaaa41,gozine2_roshtkhar,design_B_digit_model,model_validated_cv_100pct
1398,انسانی,,160,,علوم قضایى,دانشگاه علوم قضایى و خدمات دادگسترى,روزانه,https://t.me/kousarhighschool/1759,kousarhighschool/1759,e6a5c26b31248d913f0f1033c0df2618a79d7daefa0a90d52521d9c63e6b960a,kousarhighschool,design_B_digit_model,model_validated_cv_100pct
1398,انسانی,,160,,علوم قضایی,دانشگاه علوم قضایی و خدمات اداری دادگستری,روزانه,https://t.me/G2_konkur99/14567,G2_konkur99/14567,1f0e7d68a6467edd7dc6737a0a5eac78767804643c714ee41657cc0f9baac085,G2_konkur99 | g2_old,design_B_digit_model,model_validated_cv_100pct
1398,انسانی,,226,,مدیریت مالی,دانشگاه تهران,روزانه,https://t.me/G2_konkur99/14612,G2_konkur99/14612,61c335d02ab347d785d0aa7702e1756b2cab28f6a96a0fead9ccd0540f37cc99,G2_konkur99 | g2_old | gozine2_roshtkhar,design_B_digit_model,model_validated_cv_100pct
1398,انسانی,,269,,حقوق,دانشگاه علامه طباطبایی تهران,روزانه,https://t.me/kousarhighschool/1396,kousarhighschool/1396,6bb58b20367a6702b0c202a6b1a9472cbcda9dbbde5cdfae090178e66da09685,kousarhighschool,design_B_digit_model,model_validated_cv_100pct
1398,انسانی,,285,,علوم سیاسی,دانشگاه تهران,روزانه,https://t.me/G2_konkur406/7986,G2_konkur406/7986,e30d5540c9dce69fa0c7117ea00213286ae34eaa1301d11916ff249cba6ec10f,G2_konkur406,design_B_digit_model,model_validated_cv_100pct
1398,انسانی,,331,,علوم ارتباطات اجتماعى,دانشگاه تهران,روزانه,https://t.me/karname_konkur/4882,karname_konkur/4882,6ae34c8787e2e77c19f15c5e5d8c9499d07860efaea8cd5262031db8938d2514,karname_konkur,design_B_digit_model,model_validated_cv_100pct
1398,انسانی,,355,,حقوق,دانشگاه مازندران بابلسر,روزانه,https://t.me/G2_konkur406/8017,G2_konkur406/8017,daa169f4d82646b46714cb3ce3bd80c4e53209df182876305c2e70a34ca8d24e,G2_konkur406,design_B_digit_model,model_validated_cv_100pct
1398,انسانی,,413,منطقه 1,حقوق,دانشگاه شیراز,روزانه,https://t.me/G2_konkur406/9837,G2_konkur406/9837,b60c5a23fc8670629e87e4459b35631a62c8ddfc0c80796c6d04d7ad2f950d38,,visual_read_from_report_card_image,manual_visual_single_pass
1398,انسانی,,415,,حقوق,دانشگاه گیلان رشت,روزانه,https://t.me/G2_konkur406/9622,G2_konkur406/9622,cc75470586455da0cfc8c563dbb674c6a74ace97a89654abca1aee9b772a6cf9,G2_konkur406,manual_visual,visual_checked
1398,انسانی,,460,منطقه 2,حقوق,دانشگاه شیراز,روزانه,https://t.me/G2_konkur99/14683,G2_konkur99/14683,23c7e93a41fcd876afcb381524fe4908a3da96ec713a266221756f22e8b62a69,,visual_read_from_report_card_image,manual_visual_single_pass
1398,انسانی,,509,,مدیریت مالى,دانشگاه شهیدبهشتى,روزانه,https://t.me/G2_konkur99/14585,G2_konkur99/14585,462244590d550223f388ccdab8357aa99743aaf789356213f29d2cf56495a606,G2_konkur99 | g2_old,design_B_digit_model,model_validated_cv_100pct
1398,انسانی,,559,,حقوق,دانشگاه تهران,روزانه,https://t.me/G2_konkur406/9683,G2_konkur406/9683,91b31bb7289a3817019c57defc8baaac8f06366a81c77dbc59b3a7db762c71fa,G2_konkur406,manual_visual,visual_checked
1398,انسانی,,602,,مدیریت مالى,دانشگاه شهید بهشتى,روزانه,https://t.me/kousarhighschool/1697,kousarhighschool/1697,44a470dba96db7478cae3b59449f8e3d2f2ea08e1be404fbd020f497f578a3a8,kousarhighschool,design_B_digit_model,model_validated_cv_100pct
1398,انسانی,,607,منطقه 1,حقوق,دانشگاه شاهد تهران,روزانه,https://t.me/G2_konkur99/14668,G2_konkur99/14668,9a12408ada7414d8f36419e37148323967476555723160ff119eed19b3be08bb,,visual_read_from_report_card_image,manual_visual_single_pass
1398,انسانی,,607,,مردم شناسی,دانشگاه مازندران بابلسر,روزانه,https://t.me/G2_konkur406/9773,G2_konkur406/9773,527c2f671942ce4bab9a6c99aae415edefd02077da2deadab23a62292bba5b9f,G2_konkur406,manual_visual,visual_checked
1398,انسانی,,616,,حسابداری,دانشگاه شهید بهشتی تهران,روزانه,https://t.me/Gozine2_Roshtkhar/140,Gozine2_Roshtkhar/140,ddc62323af95a8d3b469856d6d2800a53fecf1e4a8e2944e37f5582623c2bc62,gozine2_roshtkhar,design_B_digit_model,model_validated_cv_100pct
1398,انسانی,,633,,مشاوره,دانشگاه اصفهان,روزانه,https://t.me/Gozine2_Roshtkhar/325,Gozine2_Roshtkhar/325,4a0a5e2678525fbf017953e3866474234d4828b8bed81cb7d1075d4d4d0af548,gozine2_roshtkhar,design_B_digit_model,model_validated_cv_100pct
1398,انسانی,,637,,حقوق,دانشگاه تهران,روزانه,https://t.me/G2_konkur406/8060,G2_konkur406/8060,9355c6126c3f378f3c83c6307a0c5c36b54ac63c47535bd9ffa35a2db8ad604c,G2_konkur406,design_B_digit_model,model_validated_cv_100pct
1398,انسانی,,657,,علوم تربیتی,دانشگاه فردوسی مشهد,روزانه,https://t.me/G2_konkur406/8036,G2_konkur406/8036,de9f2d3f327ce1d534361f9ab0021a8bacb262c449d6c755e6c62673b592673b,G2_konkur406,design_B_digit_model,model_validated_cv_100pct
1398,انسانی,,786,,فقه و مبانی حقوق اسلامی,دانشگاه تهران,روزانه,https://t.me/G2_konkur99/14627,G2_konkur99/14627,47cf653e04e1bb8107ab84d06e8b542b9fc64052b71a24f8c48e0c500a938ac1,G2_konkur99 | g2_old,design_B_digit_model,model_validated_cv_100pct
1398,انسانی,,818,,مشاوره,دانشگاه تهران,روزانه,https://t.me/karname_konkur/4860,karname_konkur/4860,03c22b4ebba96832f4035d23624103e4b18c63cc16a25a588c1b1dec0069a14d,karname_konkur,design_B_digit_model,model_validated_cv_100pct
1398,انسانی,,833,,مشاوره,دانشگاه علامه طباطبایی تهران,روزانه,https://t.me/kousarhighschool/1478,kousarhighschool/1478,ab20f4284691ebd9a3a9b485a295ffd9463be8860da7f35974ba78227bec5c90,kousarhighschool,design_B_digit_model,model_validated_cv_100pct
1398,انسانی,,905,منطقه 1,حقوق,دانشگاه اصفهان,شبانه,https://t.me/G2_konkur1401/4868,G2_konkur1401/4868,cc88a2184edbe143fc3d76cde85dead9dc598690d86521ac91490476fecfb677,,visual_read_from_report_card_image,manual_visual_single_pass
1398,انسانی,,915,,حقوق,دانشگاه الزهرا تهران,روزانه,https://t.me/gozine2neka/7332,gozine2neka/7332,beeb3419e0cf6dc24590aaa2dd2c975133cd6df21ae959d5e66d5c5b78eb0bdb,gozine2neka,design_B_digit_model,model_validated_cv_100pct
1398,انسانی,,956,,مشاوره,دانشگاه خوارزمی تهران,روزانه,https://t.me/Gozine2_Roshtkhar/225,Gozine2_Roshtkhar/225,45a5cf43c4ee6357c30680c000ed0e6160260523815eb72ad82a88836518c71e,gozine2_roshtkhar,design_B_digit_model,model_validated_cv_100pct
1398,انسانی,,961,,حقوق,دانشگاه تهران,روزانه,https://t.me/G2_konkur99/14561,G2_konkur99/14561,634941198927a0d19370ed5f68cba6c840de0cde420844067f0d2a6134f9b9c3,G2_konkur99 | g2_old,design_B_digit_model,model_validated_cv_100pct
1398,انسانی,,986,,مدیریت مالی,دانشگاه علامه طباطبایی تهران,روزانه,https://t.me/kousarhighschool/1124,kousarhighschool/1124,f17f807d4a7d91fa026862e1defd781d8b8bf17a1cb6a02c9f23cca7197dee17,kousarhighschool,design_B_digit_model,model_validated_cv_100pct
1398,انسانی,,1021,,زبان و ادبیات فارسی,دانشگاه علامه طباطبایی تهران,روزانه,https://t.me/G2_konkur99/14620,G2_konkur99/14620,3d5515beadc435578a8e1c60ed9972ee990df22dafb5379d8cf6896ee6dd2131,G2_konkur99 | g2_old,design_B_digit_model,model_validated_cv_100pct
1398,انسانی,,1030,,مطالعات ارتباطى فناورى اطلاعات,دانشگاه علامه طباطبایى,روزانه,https://t.me/kousarhighschool/1825,kousarhighschool/1825,ccf73e4a5641c15398a6163b0fe30d08e29e788d9f63580af519b9a494e485f7,kousarhighschool,design_B_digit_model,model_validated_cv_100pct
1398,انسانی,,1047,منطقه 2,حقوق,دانشگاه مازندران بابلسر,روزانه,https://t.me/G2_konkur406/9853,G2_konkur406/9853,3c2fc1aa873dda6146dc8a7f16244854ef6c2c226ee8470df19b826329d9282d,,visual_read_from_report_card_image,manual_visual_single_pass
1398,انسانی,,1056,منطقه 2,حقوق,دانشگاه گلستان گرگان,روزانه,https://t.me/G2_konkur406/9809,G2_konkur406/9809,2ae71bbc3494d10bcbbef84a9f7a916fe4189a94deae5fa5cd68f7777853d596,,visual_read_from_report_card_image,manual_visual_single_pass
1398,انسانی,,1204,,روزنامه نگاری,دانشگاه صداسیمای جمهوری اسلامی ایران,روزانه,https://t.me/kousarhighschool/1864,kousarhighschool/1864,f507d44f6ac25737594671fdaaecfae984b9116824255475e27117b34bae88b7,kousarhighschool,design_B_digit_model,model_validated_cv_100pct
1398,انسانی,,1208,,علوم تربیتی,دانشگاه علامه طباطبایی تهران,شبانه,https://t.me/G2_konkur406/8068,G2_konkur406/8068,0e4d58fde7addbe8b6bf1211caa6b84a488dc87450aa9312200a2126511f1336,G2_konkur406,design_B_digit_model,model_validated_cv_100pct
1398,انسانی,,1255,,زبان و ادبیات فارسی,دانشگاه تهران,روزانه,https://t.me/karname_konkur/4827,karname_konkur/4827,79f64535e741b8ba0d4f5cb5f0ff9eba24e5b288a1c800132c1487df33793f71,karname_konkur,design_B_digit_model,model_validated_cv_100pct
1398,انسانی,,1309,منطقه 1,جامعه شناسی,دانشگاه فردوسی مشهد,روزانه,https://t.me/G2_konkur406/8090,G2_konkur406/8090,dd75437d231c0da8fd7ee2432b9f25ba6a7979f1e8373f2b1b300815c1c15297,,visual_read_from_report_card_image,manual_visual_single_pass
1398,انسانی,,1397,منطقه 1,فقه و حقوق اسلامی,دانشگاه خوارزمی تهران,روزانه,https://t.me/G2_konkur99/14652,G2_konkur99/14652,a90f26cc819e549ba0472f8ced3312592df31f4b99ab003dcfe83a4af890bb8c,,visual_read_from_report_card_image,manual_visual_single_pass
1398,انسانی,,1447,,روانشناسی,دانشگاه بوعلی سینا همدان,روزانه,https://t.me/karname_konkur/4753,karname_konkur/4753,2f174be80a78ac481335434487513fed68911698cb2aac5a9bcec00d793601bf,karname_konkur,design_B_digit_model,model_validated_cv_100pct
1398,انسانی,,1475,منطقه 1,علوم سیاسی,دانشگاه علامه طباطبایی,روزانه,https://t.me/G2_konkur406/9885,G2_konkur406/9885,ddef59b322ee86fce8159b566d10836bf2c861b8abc022238e8bc92c7020afdf,,visual_read_from_report_card_image,manual_visual_single_pass
1398,انسانی,,1564,,علوم تربیتى,دانشگاه تهران,روزانه,https://t.me/G2_konkur99/14542,G2_konkur99/14542,cb99350ea37028fc58c3326e8d3c33d01cbea7b6413cb739226059bf440fac23,G2_konkur99 | g2_old,design_B_digit_model,model_validated_cv_100pct
1398,انسانی,,1568,,روانشناسى,دانشگاه گیلان,روزانه,https://t.me/karname_konkur/4858,karname_konkur/4858,e35f69ceb4a44e2c89d8c657142ea25b024b6402cead686b9b9e73baca77d6c0,karname_konkur,design_B_digit_model,model_validated_cv_100pct
1398,انسانی,,1586,منطقه 3,حقوق,دانشگاه بوعلی سینا همدان,روزانه,https://t.me/gozine_dorost/2430,gozine_dorost/2430,7154a947a21e10fcb89a9083eceab89cb7eb85164895955b2d7c45985d8fb822,,visual_read_from_report_card_image,manual_visual_single_pass
1398,انسانی,,1763,,حقوق,دانشگاه سمنان,روزانه,https://t.me/G2_konkur406/9653,G2_konkur406/9653,7a5011570455f0416fb492f51f2a3b3c414a6b02c2d65b46f9d86123faffed67,G2_konkur406,manual_visual,visual_checked
1398,انسانی,,1806,,روانشناسی,دانشگاه شهید مطهری تهران,روزانه,https://t.me/Gozine2_Roshtkhar/320,Gozine2_Roshtkhar/320,8eae9de685d5165c928feb480d7d54549c614eadd6bdead615e5232089555e05,gozine2_roshtkhar,design_B_digit_model,model_validated_cv_100pct
1398,انسانی,,1893,,حقوق,دانشگاه محقق اردبیلی اردبیل,روزانه,https://t.me/G2_konkur406/8000,G2_konkur406/8000,c0e8567a5dc0ab91d74e10f7d0b9b80c40254e3f7edb836498a1df9f3923e912,G2_konkur406,design_B_digit_model,model_validated_cv_100pct
1398,انسانی,,1966,منطقه 2,زبان و ادبیات فارسی,دانشگاه شهید بهشتی تهران,روزانه,https://t.me/G2_konkur99/14673,G2_konkur99/14673,ff1b03306921efb2893462b28d14913591db4be108734e0d803a75a3fa1cc88f,,visual_read_from_report_card_image,manual_visual_single_pass
1398,انسانی,,1979,,حسابدارى,دانشگاه اصفهان,روزانه,https://t.me/karname_konkur/4879,karname_konkur/4879,fd9d70b198a7613807fb78a6be5e459debbc89616db95c92e4490a566f1db098,karname_konkur,design_B_digit_model,model_validated_cv_100pct
1398,انسانی,,2062,,علوم تربیتی,دانشگاه اصفهان,شبانه,https://t.me/G2_konkur406/9607,G2_konkur406/9607,c3e96014d643ffc81d6e2069845be96565609c8155043b6e6a50f8c4bbc31cd5,G2_konkur406,manual_visual,visual_checked
1398,انسانی,,2222,,باستان شناسى,دانشگاه تهران,روزانه,https://t.me/G2_konkur99/14591,G2_konkur99/14591,5083b9302481e9b18147b71a6c036c9e3e79eef10c21f5b4e388c4a14ed3702c,G2_konkur99 | g2_old,design_B_digit_model,model_validated_cv_100pct
1398,انسانی,,2260,منطقه 1,مشاوره,دانشگاه گیلان رشت,روزانه,https://t.me/G2_konkur406/8112,G2_konkur406/8112,9956a8eb4d610cac0183c2a4ed4e663c4e1079a97f4450aa767eef05752982a4,,visual_read_from_report_card_image,manual_visual_single_pass
1398,انسانی,,2409,,حقوق,دانشگاه سمنان,شبانه,https://t.me/G2_konkur406/9719,G2_konkur406/9719,06657e5ceac7c13a17370be690d8674481a1a5aa6e57812791db18efd33431ff,G2_konkur406,manual_visual,visual_checked
1398,انسانی,,2461,منطقه 1,علوم سیاسی,دانشگاه اصفهان,روزانه,https://t.me/G2_konkur1401/4940,G2_konkur1401/4940,7bd7c72958726368c476b6ec76b9e05133b4932057b4dee5d04df7327966cfe9,,visual_read_from_report_card_image,manual_visual_single_pass
1398,انسانی,,2551,,حقوق,دانشگاه سمنان,روزانه,https://t.me/G2_konkur406/8029,G2_konkur406/8029,309b16fcfcda30168384d696a776b32c958f1aa1c8c98c2f3a96999728e7fc7c,G2_konkur406,design_B_digit_model,model_validated_cv_100pct
1398,انسانی,,2591,,حقوق,دانشگاه شهرکرد,روزانه,https://t.me/G2_konkur406/9738,G2_konkur406/9738,c1d1ff902ecac50f73bacb951cc2406a761ecfc9611fdaa192f12c92058271af,G2_konkur406,manual_visual,visual_checked
1398,انسانی,,2692,,مدیریت مالی,دانشگاه تهران,روزانه,https://t.me/G2_konkur99/14605,G2_konkur99/14605,49afd5a523574f225f428ce2f934b70f62dcbdc2dee3277c5e0f173e4557faa5,G2_konkur99 | g2_old,design_B_digit_model,model_validated_cv_100pct
1398,انسانی,,2731,,زبان و ادبیات عربی,دانشگاه فردوسی مشهد,روزانه,https://t.me/G2_konkur99/14642,G2_konkur99/14642,3677b672addcbf650f52c9b29c2e014ed54fa271c232873dffe5d22732e7503e,G2_konkur99 | g2_old,design_B_digit_model,model_validated_cv_100pct
1398,انسانی,,2758,,فقه و حقوق اسلامی,دانشگاه شهید مدنی آذربایجان تبریز,روزانه,https://t.me/G2_konkur406/8048,G2_konkur406/8048,77e6ed0fc9473046d4b5c11e7ed48f6243e7162a5897680224bf73fc3320bbb5,G2_konkur406,design_B_digit_model,model_validated_cv_100pct
1398,انسانی,,2787,,فقه حقوق اسلامى,دانشگاه شهیدمدنى آذربایجان,روزانه,https://t.me/G2_konkur99/14573,G2_konkur99/14573,8e489ec24b326fa720a5b25ff1a3b50a0027e4debcb8209b508be735ed62cf20,G2_konkur99 | g2_old,design_B_digit_model,model_validated_cv_100pct
1398,انسانی,,2902,منطقه 1,حقوق,دانشگاه سمنان,شبانه,https://t.me/G2_konkur406/9794,G2_konkur406/9794,f943abbfc2219de96a3c2f425962215c43ac03a24aaf292a24527fc0e78494f9,,visual_read_from_report_card_image,manual_visual_single_pass
1398,انسانی,,2933,منطقه 1,جامعه شناسی,دانشگاه اصفهان,شبانه,https://t.me/G2_konkur1401/5002,G2_konkur1401/5002,4963ffd88e8a0060fc851b2538440d2846bb32e72f03b45879dd1c47aaa0a363,,visual_read_from_report_card_image,manual_visual_single_pass
1398,انسانی,,2954,,مدیریت بیمه,دانشگاه خوارزمى تهران,روزانه,https://t.me/kousarhighschool/565,kousarhighschool/565,c14cb6f25f43b569508aa4040a98bedce7e585c6afb010e672b771bec3b5c096,kousarhighschool,design_B_digit_model,model_validated_cv_100pct
1398,انسانی,,3070,,جامعه شناسی,دانشگاه تهران,روزانه,https://t.me/kousarhighschool/1062,kousarhighschool/1062,7d5f6ac10825feb36b314a413e93b16e94d0b1e2f585d36a279d477a47d448ce,kousarhighschool,design_B_digit_model,model_validated_cv_100pct
1398,انسانی,,3094,,جغرافیا,دانشگاه اصفهان,روزانه,https://t.me/G2_konkur406/9539,G2_konkur406/9539,161179dbc5f3e5db17fe7fabb1512438a197e1929fa05d5ac4cbe18eb5af2fbd,G2_konkur406,manual_visual,visual_checked
1398,انسانی,,3240,,مطالعات ارتباطى فناورى اطلاعات,دانشگاه علامه طباطبایى,روزانه,https://t.me/kousarhighschool/1768,kousarhighschool/1768,32d6d77c93c7786045653f8f1618026fde01f7b82b60533acd5e1822da932292,kousarhighschool,design_B_digit_model,model_validated_cv_100pct
1398,انسانی,,3254,,حقوق,دانشگاه محقق اردبیلی,روزانه,https://t.me/G2_konkur406/9704,G2_konkur406/9704,b9c1403ae737d16eacf7f28c472bd1dc5c23a48254a1e8133bb110a84ac2a170,G2_konkur406,manual_visual,visual_checked
1398,انسانی,,3327,,حقوق,دانشگاه شهید چمران اهواز,روزانه,https://t.me/G2_konkur406/9577,G2_konkur406/9577,70a1d8071bc88a52b798c2a2f5d43b2c095a1a0d34ea0d8bb15e00e78ad6290f,G2_konkur406,manual_visual,visual_checked
1398,انسانی,,3379,,مترجمی زبان عربی,دانشگاه اصفهان,روزانه,https://t.me/G2_konkur406/9594,G2_konkur406/9594,2dd3412104f366f67b70e72cf7deee407717028fe8e4799bd60b8c318c9d3827,G2_konkur406,manual_visual,visual_checked
1398,انسانی,,3499,منطقه 2,فلسفه,دانشگاه علامه طباطبایی تهران,روزانه,https://t.me/G2_konkur99/14646,G2_konkur99/14646,ced03d391beacc02e8a950a9e114c847bb54dd5b496d493733ecac80fbafd547,,visual_read_from_report_card_image,manual_visual_single_pass
1398,انسانی,,3779,منطقه 3,حقوق,دانشگاه دامغان,روزانه,https://t.me/G2_konkur406/8132,G2_konkur406/8132,5eda563b485431f8304b18711359cc09630170ddd0a8e2f25da59a642ba6aebc,,visual_read_from_report_card_image,manual_visual_single_pass
1398,انسانی,,3928,,ادیان عرفان,دانشگاه الزهرا,روزانه,https://t.me/karname_konkur/4855,karname_konkur/4855,efc9c62f4402da7c6bd1fe169d5533c99e3f5716ea9cad7b8ee430535705bec5,karname_konkur,design_B_digit_model,model_validated_cv_100pct
1398,انسانی,,3962,,حقوق,دانشگاه اصفهان,روزانه,https://t.me/gozine2neka/7315,gozine2neka/7315,e8bac0ba50d5f6ce2c646ca87cce13c38cce2894f77ba482cdd83f6f9b33c17a,gozine2neka,design_B_digit_model,model_validated_cv_100pct
1398,انسانی,,4016,,حقوق,دانشگاه بیرجند,روزانه,https://t.me/G2_konkur99/14634,G2_konkur99/14634,381d82251c231d7ea339f2b96678cda54207a1dcfdc5888c89289ee570dbd36b,G2_konkur99 | g2_old,design_B_digit_model,model_validated_cv_100pct
1398,انسانی,,4032,,فلسفه,دانشگاه اصفهان,روزانه,https://t.me/G2_konkur99/14555,G2_konkur99/14555,c3f0cc7040563207995b2f01ae1c7eff7f4e68ecc7b2c389e74dbb5de5eedbdf,G2_konkur99 | g2_old,design_B_digit_model,model_validated_cv_100pct
1398,انسانی,,4282,منطقه 2,فقه و حقوق اسلامی,دانشگاه بوعلی سینا همدان,روزانه,https://t.me/G2_konkur406/8097,G2_konkur406/8097,6030c0cf6b659e199b9eed430348ba57310e563edf4860f189a1b2418f4384f8,,visual_read_from_report_card_image,manual_visual_single_pass
1398,انسانی,,4684,منطقه 3,حقوق,دانشگاه کردستان سنندج,روزانه,https://t.me/G2_konkur1401/4850,G2_konkur1401/4850,4d1a07b0bd55bb6a56272e7a1f41cc86d8ca7d436cc3f0700fb9c9328310e828,,visual_read_from_report_card_image,manual_visual_single_pass
1398,انسانی,,4950,,زبان و ادبیات فارسی,دانشگاه علامه طباطبایی تهران,روزانه,https://t.me/G2_konkur406/8054,G2_konkur406/8054,5511a18f5e0835cf55542c28fac5a7445f2b1475cdc0dd96e84832b2cb876b17,G2_konkur406,design_B_digit_model,model_validated_cv_100pct
1398,انسانی,,5014,منطقه 3,حسابداری,دانشگاه خلیج فارس بوشهر,روزانه,https://t.me/G2_konkur406/9823,G2_konkur406/9823,b246f558bf2ac3702e3b0bffd5f08b91ddbd95699ccb87ebda9395ea61b44bca,,visual_read_from_report_card_image,manual_visual_single_pass
1398,انسانی,,5180,منطقه 3,حقوق,دانشگاه دامغان,روزانه,https://t.me/G2_konkur1401/4914,G2_konkur1401/4914,ccb41b075a20703e652126f0155dda8d0a1fa54b32044b8a280fce4f9689c542,,visual_read_from_report_card_image,manual_visual_single_pass
1398,انسانی,,5455,منطقه 3,روانشناسی,دانشگاه گنبد,روزانه,https://t.me/G2_konkur1401/5082,G2_konkur1401/5082,9f40b8f1aacd68c57c33ee2e6ad6631ecd843ca3e1115eed43cff0e3c23aace1,,visual_read_from_report_card_image,manual_visual_single_pass
1398,انسانی,,5511,,مشاوره,دانشگاه اراک,روزانه,https://t.me/karname_konkur/4755,karname_konkur/4755,0fabcfed5d065771e781d38cfb4d4639fbdcf9f39014862260b06efbb0c4dcd3,karname_konkur,design_B_digit_model,model_validated_cv_100pct
1398,انسانی,,5576,منطقه 2,زبان و ادبیات عربی,دانشگاه تهران,روزانه,https://t.me/G2_konkur406/8122,G2_konkur406/8122,719878bfc23eb325189c749406cb9a7db89a51f365975ac6749b1cc2f43ae0f5,,visual_read_from_report_card_image,manual_visual_single_pass
1398,انسانی,,5829,,فقه و مبانی حقوق اسلامی,دانشگاه تهران,روزانه,https://t.me/G2_konkur406/7979,G2_konkur406/7979,09883451b64ef847a16ecf7e0304194c2eb61c78a6488c01566d5578a12c0ae8,G2_konkur406,design_B_digit_model,model_validated_cv_100pct
1398,انسانی,,5981,,جغرافیا,دانشگاه تهران,روزانه,https://t.me/G2_konkur406/7995,G2_konkur406/7995,cf20399269795b4b6d074197fcfd26a2e0bf91a7a108ae0d9e06ed4c0f439277,G2_konkur406,design_B_digit_model,model_validated_cv_100pct
1398,انسانی,,6092,,جغرافیا,دانشگاه خوارزمی تهران,روزانه,https://t.me/G2_konkur406/8008,G2_konkur406/8008,e5bfc1e5e292a5db7ffb7cd253e7c8770f108ecf541b01527aa2d9dcfcebda66,G2_konkur406,design_B_digit_model,model_validated_cv_100pct
1398,انسانی,,6109,,مترجمی زبان عربی,دانشگاه بین المللی امام خمینی قزوین,روزانه,https://t.me/Gozine2_Roshtkhar/344,Gozine2_Roshtkhar/344,b1e04df67c5325654cd49a55bd90b654f13e0fb44f5c7715890c951fa0baca48,gozine2_roshtkhar,design_B_digit_model,model_validated_cv_100pct
1398,انسانی,,6753,منطقه 3,زبان و ادبیات فارسی,دانشگاه گیلان رشت,روزانه,https://t.me/G2_konkur406/8083,G2_konkur406/8083,e73b5913c7256b34bfee0b34831fb79b9fc922ea2d7c117dc29a5b813bd79738,,visual_read_from_report_card_image,manual_visual_single_pass
1398,انسانی,,7052,,زبان ادبیات فارسى,دانشگاه علامه طباطبایى,روزانه,https://t.me/kousarhighschool/1615,kousarhighschool/1615,aad38f46ce1648b365067bf14d0d77edbcb447ae2d2b5580d5520f241dae0ebe,kousarhighschool,design_B_digit_model,model_validated_cv_100pct
1398,انسانی,,7709,منطقه 3,مترجمی زبان عربی,دانشگاه تهران,روزانه,https://t.me/G2_konkur406/8105,G2_konkur406/8105,1a8b8dc309be221cac7f573ec8930446f3bb027b6dde14b2de3418b01241e760,,visual_read_from_report_card_image,manual_visual_single_pass
1398,انسانی,,8185,,علوم سیاسى,دانشگاه شیراز,روزانه,https://t.me/kousarhighschool/655,kousarhighschool/655,e9926650b0dba2a98e9b7693a24c57dfdeb2e5dce7ce22d6adb79afe1401cf77,kousarhighschool,design_B_digit_model,model_validated_cv_100pct
1398,انسانی,,9414,,روزنامه نگاری,دانشگاه علامه طباطبایی,روزانه,https://t.me/G2_konkur406/8041,G2_konkur406/8041,dc67af68ee6f7d5abc6142164a946d99e1691b2dad30a5eda0e42d4113fc8ce7,G2_konkur406,design_B_digit_model,model_validated_cv_100pct
1398,انسانی,,9776,,علوم سیاسی,دانشگاه فردوسی مشهد,روزانه,https://t.me/G2_konkur406/8022,G2_konkur406/8022,0a12017beceda017d67d7c49af94ec1d62d77586acab5dde1f32ba8f0dda5789,G2_konkur406,design_B_digit_model,model_validated_cv_100pct
1398,تجربی,,19,,پزشکى,دانشگاه علوم پزشکی تهران,روزانه,https://t.me/G2_konkur99/14574,G2_konkur99/14574,2b7df39d3aa704c8b028c32cc6d7efce142d921d32181bfb0598b7ab9e78ed82,G2_konkur99 | g2_old,design_B_digit_model,model_validated_cv_100pct
1398,تجربی,,52,,پزشکی,دانشگاه علوم پزشکی ایران,روزانه,https://t.me/karname_konkur/4828,karname_konkur/4828,c63dd39db42fd5cd44857cd7e45753ae6b62e80e8c3b1d8ad312fa4fc64b4639,karname_konkur,design_B_digit_model,model_validated_cv_100pct
1398,تجربی,,262,,پزشکی,دانشگاه علوم پزشکی ایران,روزانه,https://t.me/G2_konkur99/14556,G2_konkur99/14556,60d4615a1869d76269c5029865d725c717e6e1b68af46ce339266c0a012d82d7,G2_konkur99 | g2_old,design_B_digit_model,model_validated_cv_100pct
1398,تجربی,,272,,دندانپزشکی,دانشگاه علوم پزشکی تهران,روزانه,https://t.me/Gozine2_Roshtkhar/347,Gozine2_Roshtkhar/347,5d83aee7da0f8cb17591a7dcb1690cfe9a0528aa3265b8a99742edf5749d5367,gozine2_roshtkhar,design_B_digit_model,model_validated_cv_100pct
1398,تجربی,,350,,دندانپزشکى,دانشگاه علوم پزشکی تبریز,روزانه,https://t.me/G2_konkur99/14592,G2_konkur99/14592,1776a967b13c0b1512930a178205e7d52eed9e763ccede0ce9433bece93a0f90,G2_konkur99 | g2_old,design_B_digit_model,model_validated_cv_100pct
1398,تجربی,,381,,داروسازی,دانشگاه علوم پزشکی تهران,روزانه,https://t.me/G2_konkur406/8069,G2_konkur406/8069,53fa23f15c1fbaa54472aa2aac372df169dcf2b8c48a24d8cd2b8fcd916cd52c,G2_konkur406,design_B_digit_model,model_validated_cv_100pct
1398,تجربی,,404,,دندانپزشکی,دانشگاه علوم پزشکی البرز,روزانه,https://t.me/G2_konkur99/14606,G2_konkur99/14606,364e5f39902bb86bc351dbae47e0af0d32d7e7adace44182aa70df22086327c9,G2_konkur99 | g2_old | gozine2_roshtkhar,design_B_digit_model,model_validated_cv_100pct
1398,تجربی,,405,,دندانپزشکی,دانشگاه علوم پزشکی البرز,روزانه,https://t.me/Gozine2_Roshtkhar/144,Gozine2_Roshtkhar/144,1b5440e6a01532396b6815480a3d357f8bde1059136dbd45149ff7ac6cbadc6d,gozine2_roshtkhar,design_B_digit_model,model_validated_cv_100pct
1398,تجربی,,428,منطقه 3,پزشکی,دانشگاه علوم پزشکی سبزوار,روزانه,https://t.me/G2_konkur406/9813,G2_konkur406/9813,6adbae0f40279d571ef572ac53884c0466b33c76d375bca0e1829dba5d1c8781,,visual_read_from_report_card_image,manual_visual_single_pass
1398,تجربی,,445,,پزشکی,دانشگاه علوم پزشکی ایران,روزانه,https://t.me/G2_konkur406/7994,G2_konkur406/7994,4538f7b59c8abd0713371969b2fec023133668715b675d1a076dbabf8b945ad5,G2_konkur406,design_B_digit_model,model_validated_cv_100pct
1398,تجربی,,473,,پزشکى,دانشگاه علوم پزشکی اصفهان,روزانه,https://t.me/kousarhighschool/1616,kousarhighschool/1616,f11dcdafc4ec9d8c7bb66b533f581fc548ce928bcf990c3e4972153f8d572197,kousarhighschool,design_B_digit_model,model_validated_cv_100pct
1398,تجربی,,517,,پزشکی,دانشگاه علوم پزشکی کرمان,روزانه,https://t.me/kousarhighschool/1394,kousarhighschool/1394,59ddff83fdf95642ebad79babbfee1f4504d84d3f8f58964c750d065fbfc4087,kousarhighschool,design_B_digit_model,model_validated_cv_100pct
1398,تجربی,,644,منطقه 3,پزشکی,دانشگاه علوم پزشکی شاهرود,روزانه,https://t.me/G2_konkur406/9859,G2_konkur406/9859,e744e9f6e32fa342cf25a47206057c4dd7e66d4f473a1bfd4583ad734bf360f4,,visual_read_from_report_card_image,manual_visual_single_pass
1398,تجربی,,734,منطقه 2,پزشکی,دانشگاه علوم پزشکی شهرکرد,روزانه,https://t.me/G2_konkur1401/4943,G2_konkur1401/4943,8e544ba0df10d11f8c09e3c02fb919c0f2f3171e36e934d090a95600354d77d5,,visual_read_from_report_card_image,manual_visual_single_pass
1398,تجربی,,767,منطقه 1,دندانپزشکی,دانشگاه علوم پزشکی ارومیه,روزانه,https://t.me/G2_konkur99/14653,G2_konkur99/14653,ec89228e209338bed804ad1abde80f086ec4e226861ea22ace079c013edcb7bc,,visual_read_from_report_card_image,manual_visual_single_pass
1398,تجربی,,829,,پزشکی,دانشگاه علوم پزشکی ایلام,روزانه,https://t.me/G2_konkur406/9742,G2_konkur406/9742,6ae74793c58f74ee8d456d6d3783e1e4a663db235ca027600cd9249674dbede6,G2_konkur406,manual_visual,visual_checked
1398,تجربی,,869,,پزشکی,دانشگاه علوم پزشکی جندی شاپور اهواز,روزانه,https://t.me/Gozine2_Roshtkhar/323,Gozine2_Roshtkhar/323,a16e955d38ce9f37d319bb64c5a3b88c183553f6887314c3fb77237b91c66b1b,gozine2_roshtkhar,design_B_digit_model,model_validated_cv_100pct
1398,تجربی,,969,,پزشکی,دانشگاه علوم پزشکی اراک,روزانه,https://t.me/G2_konkur406/9687,G2_konkur406/9687,2196a8ee3aeaf736c3d7db1e189b0651e9ad5a60b03c4f143cb4c38de8b8d443,G2_konkur406,manual_visual,visual_checked
1398,تجربی,,1024,منطقه 1,پزشکی,دانشگاه علوم پزشکی بیرجند,روزانه,https://t.me/G2_konkur1401/4985,G2_konkur1401/4985,dbf0f500cccb198fe9a71ecf083afe69988910a37408942e0a0ff88e870fc7b1,,visual_read_from_report_card_image,manual_visual_single_pass
1398,تجربی,,1165,,داروسازى,دانشگاه علوم پزشکی ارومیه,روزانه,https://t.me/kousarhighschool/1760,kousarhighschool/1760,fb27c6e293f364e2772f36aadaaa8a28b9d564d9aeeaa3fe07445cc169ad73dd,kousarhighschool,design_B_digit_model,model_validated_cv_100pct
1398,تجربی,,1165,,داروسازی,دانشگاه علوم پزشکی ارومیه,روزانه,https://t.me/G2_konkur99/14568,G2_konkur99/14568,baf0948da4755b252d48c67745f33872eb7af38698169e729a2e4e5c2c867d9c,G2_konkur99 | g2_old,design_B_digit_model,model_validated_cv_100pct
1398,تجربی,,1242,,دندانپزشکی,دانشگاه علوم پزشکی اردبیل,روزانه,https://t.me/Gozine2_Roshtkhar/224,Gozine2_Roshtkhar/224,a4b94e92b2f8c31d2eb9bfe539968f0b24cdcfa121d7e667654ad4daf77127d6,gozine2_roshtkhar,design_B_digit_model,model_validated_cv_100pct
1398,تجربی,,1277,منطقه 1,پزشکی,دانشگاه علوم پزشکی جندی شاپور اهواز,روزانه,https://t.me/G2_konkur1401/5083,G2_konkur1401/5083,c0d7ec41b5642f146ad389f10619c606e80a492e077d736bfa51544821ae9d00,,visual_read_from_report_card_image,manual_visual_single_pass
1398,تجربی,,1281,,پزشکی,دانشگاه علوم پزشکی تبریز,پردیس خودگردان,https://t.me/kousarhighschool/968,kousarhighschool/968,40c0bf5cdcacf22d57d3578285fc8abcab3c19b5337f10af19665d9dbb60723e,kousarhighschool,design_B_digit_model,model_validated_cv_100pct
1398,تجربی,,1295,منطقه 3,شنوایی سنجی,دانشگاه علوم پزشکی زاهدان,روزانه,https://t.me/G2_konkur406/8133,G2_konkur406/8133,c13ffde32004c1246077dd8f5c9d203abe156b89727fffef7d06205fc8d0294a,,visual_read_from_report_card_image,manual_visual_single_pass
1398,تجربی,,1368,منطقه 2,داروسازی,دانشگاه علوم پزشکی شهید بهشتی تهران,روزانه,https://t.me/G2_konkur99/14674,G2_konkur99/14674,585232fb2092718c90ef8df3b0fd6919337ac483f2f784ee31ea4a23714d9583,,visual_read_from_report_card_image,manual_visual_single_pass
1398,تجربی,,1400,منطقه 2,پزشکی,دانشگاه علوم پزشکی شهرکرد,روزانه,https://t.me/G2_konkur406/9889,G2_konkur406/9889,fc6cbe757b3ede30c12e71eb32a5be786fdb3212fc57433cf44de227a5bf5458,,visual_read_from_report_card_image,manual_visual_single_pass
1398,تجربی,,1431,,پزشکی,دانشگاه علوم پزشکی کاشان,روزانه,https://t.me/G2_konkur406/9611,G2_konkur406/9611,67b3c023bd5f45c67ec3cdabe6757ab9b68bf305a9af7622781b18e12c53c9d6,G2_konkur406,manual_visual,visual_checked
1398,تجربی,,1459,,داروسازى,دانشگاه علوم پزشکی تبریز,روزانه,https://t.me/karname_konkur/4856,karname_konkur/4856,d110bba285d3c17f53093e6ac6e78f373aec71a68e24329643ea7b4b620961d2,karname_konkur,design_B_digit_model,model_validated_cv_100pct
1398,تجربی,,1508,,پزشکی,دانشگاه علوم پزشکی اراک,روزانه,https://t.me/G2_konkur406/9723,G2_konkur406/9723,d3e74409e75f1e34da14be649a495f2e69f1e1b4c5bb3f50209751d76d8c5230,G2_konkur406,manual_visual,visual_checked
1398,تجربی,,1529,منطقه 1,داروسازی,دانشگاه علوم پزشکی زنجان,روزانه,https://t.me/G2_konkur1401/5036,G2_konkur1401/5036,615b55cfe4d48ae7e98e20905c091f8fe4c79086c0050d521e7180c51b1f1abb,,visual_read_from_report_card_image,manual_visual_single_pass
1398,تجربی,,1530,,پزشکی,دانشگاه علوم پزشکی اهواز,روزانه,https://t.me/G2_konkur99/14635,G2_konkur99/14635,245746eb533b34a3433cae385bb131e0dab9152c2542b3c7d59b2dae6e218afb,G2_konkur99 | g2_old,design_B_digit_model,model_validated_cv_100pct
1398,تجربی,,1561,,داروسازی,دانشگاه علوم پزشکی مازندران-ساری,روزانه,https://t.me/Gozine2_Roshtkhar/164,Gozine2_Roshtkhar/164,788e98edea8b534f0e5288256cac7176c9b4b85e9c0706ef7cd27e94e7272e6d,gozine2_roshtkhar,design_B_digit_model,model_validated_cv_100pct
1398,تجربی,,1595,,داروسازى,دانشگاه علوم پزشکی اردبیل,روزانه,https://t.me/kousarhighschool/564,kousarhighschool/564,701a1274c76fbacf9855a913953d358eb21f63e1ac34b0feeb18866a9569b457,kousarhighschool,design_B_digit_model,model_validated_cv_100pct
1398,تجربی,,1699,,پزشکی,دانشگاه علوم پزشکی اراک,روزانه,https://t.me/G2_konkur406/9777,G2_konkur406/9777,95a947ec46b1d92f5db8224791bf38ef913d881d1fd6202716a35ab385466e29,G2_konkur406,manual_visual,visual_checked
1398,تجربی,,1728,,پزشکی,دانشگاه علوم پزشکی زنجان,پردیس خودگردان,https://t.me/kousarhighschool/1061,kousarhighschool/1061,338796259628ea391360dd94904934277ca9ea48855cfb621e02c9ef6c9e953e,kousarhighschool,design_B_digit_model,model_validated_cv_100pct
1398,تجربی,,1791,,پزشکی,دانشگاه علوم پزشکی بندرعباس,روزانه,https://t.me/G2_konkur406/8049,G2_konkur406/8049,c3b3b4897b31245bbd562179bbbb56850b642d69b5339efb80f12962c9736d1a,G2_konkur406,design_B_digit_model,model_validated_cv_100pct
1398,تجربی,,1796,,تکنولوژی اتاق عمل,دانشگاه علوم پزشکی شهید بهشتی تهران,روزانه,https://t.me/kousarhighschool/1088,kousarhighschool/1088,9258e2934826c895351065d3ac51ec733facec60df20eb9a391b030218b8da7c,kousarhighschool,design_B_digit_model,model_validated_cv_100pct
1398,تجربی,,1846,,پزشکی ظرفیت مازاد,دانشگاه علوم پزشکی قزوین,,https://t.me/kousarhighschool/1477,kousarhighschool/1477,c33831ed011e3b1a51adace23277e9605c76f0749c81a6a5b8764c97636b2189,kousarhighschool,design_B_digit_model,model_validated_cv_100pct
1398,تجربی,,1934,منطقه 2,پزشکی,دانشگاه علوم پزشکی اردبیل,روزانه,https://t.me/G2_konkur406/9798,G2_konkur406/9798,727529385470513a287188b787e5853c8fceef1c19a11fbd41883c75007224a7,,visual_read_from_report_card_image,manual_visual_single_pass
1398,تجربی,,1953,,دکتراى عمومى دامپزشکى,دانشگاه علوم پزشکی شیراز,روزانه,https://t.me/G2_konkur99/14586,G2_konkur99/14586,f1d2b1fe1416e4ab9f3cc3b323aff5f1f536b19dd7274ae9524c759ee5fa0feb,G2_konkur99 | g2_old,design_B_digit_model,model_validated_cv_100pct
1398,تجربی,,1975,,داروسازى,دانشگاه علوم پزشکى البرز,روزانه,https://t.me/kousarhighschool/656,kousarhighschool/656,d48514b0c59a536fe6381031c5484824035b80fad42139d8f493d1ad8fb879c9,kousarhighschool,design_B_digit_model,model_validated_cv_100pct
1398,تجربی,,2003,,داروسازی,دانشگاه علوم پزشکی کرمان,روزانه,https://t.me/kousarhighschool/1865,kousarhighschool/1865,719776c0b3e3351a817a92f54559f0b6f76c65facad31386f3eaa7d236e1ff03,kousarhighschool,design_B_digit_model,model_validated_cv_100pct
1398,تجربی,,2016,,پزشکی,دانشگاه علوم پزشکی سمنان,روزانه,https://t.me/Gozine2_Roshtkhar/146,Gozine2_Roshtkhar/146,612085f0f753c6a0d98799cd103955022b5882acb0a10e2f6bc458b7c29b8837,gozine2_roshtkhar,design_B_digit_model,model_validated_cv_100pct
1398,تجربی,,2024,منطقه 2,پزشکی,دانشگاه علوم لرستان خرم آباد,روزانه,https://t.me/G2_konkur406/8123,G2_konkur406/8123,d1c8425f7105e69c9657700ce99f740ec244f5105936a537589256ac3521858c,,visual_read_from_report_card_image,manual_visual_single_pass
1398,تجربی,,2113,,زیست فناورى,دانشگاه تهران,روزانه,https://t.me/kousarhighschool/1696,kousarhighschool/1696,3f339cdaf0add00bb37de9e10a6f1e79ead97a68799c1017ce465a4e010eecc0,kousarhighschool,design_B_digit_model,model_validated_cv_100pct
1398,تجربی,,2117,,دندانپزشکى,دانشگاه علوم پزشکی رفسنجان,روزانه,https://t.me/kousarhighschool/1769,kousarhighschool/1769,f3aec46becd9c57a2d954ba9fc234c9acc560d7d373cdb7a986041496f9b1bb0,kousarhighschool,design_B_digit_model,model_validated_cv_100pct
1398,تجربی,,2177,منطقه 3,داروسازی,دانشگاه علوم پزشکی شهید بهشتی,پردیس خودگردان,https://t.me/G2_konkur406/8106,G2_konkur406/8106,61a24329803480ec375e41c51fd2a58d557f71f937c593fbdacb3968f3817305,,visual_read_from_report_card_image,manual_visual_single_pass
1398,تجربی,,2216,,پزشکی,دانشگاه علوم پزشکی اردبیل,پردیس خودگردان,https://t.me/G2_konkur406/9674,G2_konkur406/9674,21d12e2a2d5fad7123cc1615cb37b9b372bb522d4518b881c3a2c37d05ae85e2,G2_konkur406,manual_visual,visual_checked
1398,تجربی,,2242,,دندانپزشکی,دانشگاه علوم پزشکی زاهدان,روزانه,https://t.me/G2_konkur406/8037,G2_konkur406/8037,b03c378bc7669cd8f44900365407823877e5fad5f39b0ff96492e39f2105d8f7,G2_konkur406,design_B_digit_model,model_validated_cv_100pct
1398,تجربی,,2269,منطقه 2,پزشکی,دانشگاه علوم پزشکی خراسان شمالی بجنورد,روزانه,https://t.me/G2_konkur1401/4871,G2_konkur1401/4871,893a0e602c831288860fb41c706d2f385399d86d088ff5bbf23f15696127109b,,visual_read_from_report_card_image,manual_visual_single_pass
1398,تجربی,,2310,,پزشکی,دانشگاه علوم پزشکی یزد,پردیس خودگردان,https://t.me/G2_konkur406/8023,G2_konkur406/8023,55d45d3adcbfc8dfcafd6c228f9e976687cc485ec39b2299a3663ea607150d62,G2_konkur406,design_B_digit_model,model_validated_cv_100pct
1398,تجربی,,2360,,پزشکی,دانشگاه علوم پزشکی جیرفت,روزانه,https://t.me/G2_konkur406/8074,G2_konkur406/8074,5cefdedfe1e1a2d4b231268de0a0e19c76659aaa739a3a4d0e67e3a3c51bb89d,G2_konkur406,design_B_digit_model,model_validated_cv_100pct
1398,تجربی,,2366,منطقه 2,پزشکی,دانشگاه علوم پزشکی ایلام,روزانه,https://t.me/G2_konkur99/14647,G2_konkur99/14647,a4baade06f5dae6d6d5834c2030b342e90d77a701c16e135d964ef782e35428b,,visual_read_from_report_card_image,manual_visual_single_pass
1398,تجربی,,2381,منطقه 1,فیزیوتراپی,دانشگاه علوم پزشکی اصفهان,روزانه,https://t.me/G2_konkur99/14680,G2_konkur99/14680,1a14b506603a6b21ba68621cd975cec98ca2baf6bc091da2ad60dc53b2c140a8,,visual_read_from_report_card_image,manual_visual_single_pass
1398,تجربی,,2415,,دندانپزشکى,دانشگاه علوم پزشکی همدان,پردیس خودگردان,https://t.me/karname_konkur/4861,karname_konkur/4861,8aaa5b8e6ca20f55422f88436f704ddb8612d13c41fa0825a3219aa5f03d370b,karname_konkur,design_B_digit_model,model_validated_cv_100pct
1398,تجربی,,2581,,دکترای عمومی دامپزشکی,دانشگاه رازی کرمانشاه,روزانه,https://t.me/G2_konkur406/9545,G2_konkur406/9545,937427f9ee6f94d34480961a4d2c17a163b275bf965c871a652011cf51330158,G2_konkur406,manual_visual,visual_checked
1398,تجربی,,2685,,هوشبری,دانشگاه علوم پزشکی کرمان,روزانه,https://t.me/G2_konkur406/8001,G2_konkur406/8001,62f96022f7fbcee16234c9ec5e0c26de91dea58e4641265c49d3fe289c175cc7,G2_konkur406,design_B_digit_model,model_validated_cv_100pct
1398,تجربی,,2752,,تکنولوژی اتاق عمل,دانشگاه علوم پزشکی شهید بهشتی تهران,روزانه,https://t.me/kousarhighschool/1087,kousarhighschool/1087,48cbf90603c35c2bcce7dfde8ab4e690db014c94d13d20f1a37ab964ec2f5a6a,kousarhighschool,design_B_digit_model,model_validated_cv_100pct
1398,تجربی,,2768,,شنوایی شناسی,دانشگاه علوم پزشکی شهید بهشتی تهران,روزانه,https://t.me/kousarhighschool/1126,kousarhighschool/1126,ea03808b40acb5a14e5c3421fa748d6a43c3b2ca2a676de4fc72df4a9ac42468,kousarhighschool,design_B_digit_model,model_validated_cv_100pct
1398,تجربی,,2858,,تکنولوژی پرتوشناسی,دانشگاه علوم پزشکی اصفهان,پردیس خودگردان,https://t.me/Gozine2_Roshtkhar/326,Gozine2_Roshtkhar/326,d88bdf1e00243d426eb19bde82af2554dc6bd70ddc07d235b42b4edfd688e9e7,gozine2_roshtkhar,design_B_digit_model,model_validated_cv_100pct
1398,تجربی,,2959,,ساخت پروتزهاى دندانى,دانشگاه علوم پزشکی اصفهان,روزانه,https://t.me/kousarhighschool/1826,kousarhighschool/1826,bc157e5a59342c231b8c0dc42a7d131c935bbe34b5e13a473bb65c387ce9dcb7,kousarhighschool,design_B_digit_model,model_validated_cv_100pct
1398,تجربی,,3035,منطقه 1,پرستاری,دانشگاه علوم پزشکی تهران,روزانه,https://t.me/G2_konkur1401/4915,G2_konkur1401/4915,119f7013196d24e7075ab3f9af51ad8f4a65881154a9d0fcdf599f77248e1ab7,,visual_read_from_report_card_image,manual_visual_single_pass
1398,تجربی,,3041,,فیزیوتراپی,دانشگاه علوم پزشکی اصفهان,روزانه,https://t.me/G2_konkur99/14562,G2_konkur99/14562,922e779e316736ca30b1a27a109ac15934dc97cb0a57edbefc6cce03d569e0c1,G2_konkur99 | g2_old,design_B_digit_model,model_validated_cv_100pct
1398,تجربی,,3204,,داروسازی,دانشگاه علوم پزشکی تبریز,روزانه,https://t.me/karname_konkur/4752,karname_konkur/4752,542fb3b6ccda463f3bb396673a7c29ff1dea1db9705d5bb93a80138e50f157a6,karname_konkur,design_B_digit_model,model_validated_cv_100pct
1398,تجربی,,3403,,زیست سلولی و ملکولی,دانشگاه فردوسی مشهد,روزانه,https://t.me/G2_konkur406/9708,G2_konkur406/9708,1550ddc30e017f34c8549d61ef98f445dabcc7b87b0fc6de39209b7b607a5ebc,G2_konkur406,manual_visual,visual_checked
1398,تجربی,,3417,منطقه 1,پزشکی,دانشگاه علوم پزشکی بیرجند,ظرفیت مازاد,https://t.me/G2_konkur1401/4851,G2_konkur1401/4851,259b8cc48168ab1ff4d5c08765068ed9714fd01dc02e45ae68bc7c23ad46affa,,visual_read_from_report_card_image,manual_visual_single_pass
1398,تجربی,,3426,,اعضای مصنوعی,دانشگاه علوم بهزیستی و توانبخشی,روزانه,https://t.me/G2_konkur99/14628,G2_konkur99/14628,2ed031c5f2d52f955086dcdfe8c77f99f8c0fcc181860058d25c12da5c54c289,G2_konkur99 | g2_old,design_B_digit_model,model_validated_cv_100pct
1398,تجربی,,3426,منطقه 2,فیزیوتراپی,دانشگاه علوم بهزیستی و توانبخشی تهران,روزانه,https://t.me/g2_old/17522,g2_old/17522,b19f246917d8118da0c1417f92dbca92769dcae0ed52ef6b79eff7e826d7e6c9,,visual_read_from_report_card_image,manual_visual_single_pass
1398,تجربی,,3578,منطقه 1,تکنولوژی اتاق عمل,دانشگاه علوم پزشکی تهران,روزانه,https://t.me/G2_konkur406/8113,G2_konkur406/8113,c0f5072a06ce26f388727d1016b49eb36e2d3979e37a09ea9499e196f9ba6799,,visual_read_from_report_card_image,manual_visual_single_pass
1398,تجربی,,3586,,شنوایى سنجى,دانشگاه علوم پزشکی شهیدبهشتى,روزانه,https://t.me/karname_konkur/4880,karname_konkur/4880,0f6d00242029af10740eb3c026a12e171b1061d1b5f57001da0170927400620c,karname_konkur,design_B_digit_model,model_validated_cv_100pct
1398,تجربی,,3597,,پرستاری,دانشگاه علوم پزشکی تهران,روزانه,https://t.me/G2_konkur406/9657,G2_konkur406/9657,ff219e544f4dff3b4d65f7aa60250eaeb9165cc80564552b24908dc351c877a4,G2_konkur406,manual_visual,visual_checked
1398,تجربی,,3628,منطقه 1,علوم آزمایشگاهی,دانشگاه علوم پزشکی تهران,روزانه,https://t.me/G2_konkur406/9827,G2_konkur406/9827,4ddd7e651f88b423477d10af249e9074e56ceb4d534d22eda29fecc934575823,,visual_read_from_report_card_image,manual_visual_single_pass
1398,تجربی,,3634,,فیزیوتراپی,دانشگاه علوم پزشکی جندی شاپور اهواز,روزانه,https://t.me/G2_konkur99/14613,G2_konkur99/14613,482754803109fbc8e8a4f5a37374cbf495b9bffeeb248252fcf20266221771b6,G2_konkur99 | g2_old | gozine2_roshtkhar,design_B_digit_model,model_validated_cv_100pct
1398,تجربی,,3646,,روانشناسى,دانشگاه شهیدبهشتى,روزانه,https://t.me/karname_konkur/4862,karname_konkur/4862,d2579b7e96165989a27f245a42051047426089dd720526398cff21364c4046c3,karname_konkur,design_B_digit_model,model_validated_cv_100pct
1398,تجربی,,3696,,پرستاری,دانشگاه علوم پزشکی مشهد,روزانه,https://t.me/kousarhighschool/1857,kousarhighschool/1857,9b31e76a253a38ec4205191db48460a261b2541c97ee728aee3bf0091972002e,kousarhighschool,design_B_digit_model,model_validated_cv_100pct
1398,تجربی,,3936,,پرستاری,دانشگاه علوم پزشکی همدان,روزانه,https://t.me/G2_konkur406/9626,G2_konkur406/9626,e64e947be9a156a389d1ff5c6fcf2e3d30f49e24d21e5b33316be33fdaa2a98c,G2_konkur406,manual_visual,visual_checked
1398,تجربی,,3948,منطقه 2,پزشکی,دانشگاه علوم پزشکی زاهدان,پردیس خودگردان,https://t.me/G2_konkur406/9841,G2_konkur406/9841,4a1c480aac1ebe6172f71845c17f29b6e69b9821e3a30584863426dbf3823af7,,visual_read_from_report_card_image,manual_visual_single_pass
1398,تجربی,,4103,,داروسازی,دانشگاه علوم پزشکی کرمانشاه,پردیس خودگردان,https://t.me/G2_konkur406/8055,G2_konkur406/8055,35718e653f1df9d7073a3a69fb5fbd44d86b88e0bce9ce45add0c6a6fa91c8fa,G2_konkur406,design_B_digit_model,model_validated_cv_100pct
1398,تجربی,,4603,,دکترای عمومی دامپزشکی,دانشگاه علوم پزشکی رازی کرمانشاه,روزانه,https://t.me/G2_konkur406/8030,G2_konkur406/8030,42a3708b5995a8f8e0c809f0e51cdfe8da94fd002554b3e5d7e1b6a3fdde0218,G2_konkur406,design_B_digit_model,model_validated_cv_100pct
1398,تجربی,,4841,,پرستارى,دانشگاه علوم پزشکی تهران,روزانه,https://t.me/G2_konkur99/14543,G2_konkur99/14543,f8e4e6823574250056b4b7210c4c783779f804cb8c25b4da1987c3972fd63f5f,G2_konkur99 | g2_old,design_B_digit_model,model_validated_cv_100pct
1398,تجربی,,4859,منطقه 3,مامایی,دانشگاه علوم پزشکی شهید بهشتی,روزانه,https://t.me/G2_konkur406/8084,G2_konkur406/8084,c97e00a171371f03f8696d2ff67e37a9b21fbbd2b67209f201c4b04b010d3331,,visual_read_from_report_card_image,manual_visual_single_pass
1398,تجربی,,4948,,پرستاری,دانشگاه علوم پزشکی البرز,روزانه,https://t.me/G2_konkur99/14641,G2_konkur99/14641,d4d0e9c36263b7c6306793f12e3b8b76be313814531e437743465f107949a682,G2_konkur99 | g2_old,design_B_digit_model,model_validated_cv_100pct
1398,تجربی,,5004,,پرستاری,دانشگاه علوم پزشکی تبریز,روزانه,https://t.me/Gozine2_Roshtkhar/205,Gozine2_Roshtkhar/205,3328e27eff84f024b43d60f42061d7286b5d2125196b54f1aaf8e3fb5b161eb2,gozine2_roshtkhar,design_B_digit_model,model_validated_cv_100pct
1398,تجربی,,5344,,گفتار درمانی,دانشگاه علوم پزشکی سمنان,روزانه,https://t.me/G2_konkur406/8042,G2_konkur406/8042,bd1b87d7e2f4de67af981bf5758440b11f081560ccb414fdff652745363fae8f,G2_konkur406,design_B_digit_model,model_validated_cv_100pct
1398,تجربی,,5596,,هوشبری,دانشگاه علوم پزشکی اصفهان,روزانه,https://t.me/karname_konkur/4754,karname_konkur/4754,90857a80f2e80cabd1b5fb0bbccf8a32e23b19571bfa1ca441bdecc6d4b9c827,karname_konkur,design_B_digit_model,model_validated_cv_100pct
1398,تجربی,,5732,,پرستاری,دانشگاه علوم پزشکی مازندران ساری,روزانه,https://t.me/G2_konkur406/8061,G2_konkur406/8061,a749ff3f399f4723faa2b500a02c43dc85892124cf0bd2c48a5b7db97fef00c2,G2_konkur406,design_B_digit_model,model_validated_cv_100pct
1398,تجربی,,5889,,علوم آزمایشگاهی,دانشگاه علوم پزشکی البرز,روزانه,https://t.me/G2_konkur99/14621,G2_konkur99/14621,9b0c9f5cdb43dd07637b2796c1f1c137e17f9325113f5575c20647305d468cf8,G2_konkur99 | g2_old,design_B_digit_model,model_validated_cv_100pct
1398,تجربی,,5960,,کاردرمانى,دانشگاه علوم پزشکی ایران,روزانه,https://t.me/G2_konkur99/14598,G2_konkur99/14598,4fda92a110bf850a68265decd1f577e2b62482fedeae8ceb8195c8f96f081601,G2_konkur99 | g2_old,design_B_digit_model,model_validated_cv_100pct
1398,تجربی,,6104,منطقه 1,اعضای مصنوعی,دانشگاه علوم پزشکی اصفهان,روزانه,https://t.me/G2_konkur99/14669,G2_konkur99/14669,30b32ff16271a80d036f31b6bbda8c78b7a9d8fdb0b57a3cc254900d43f38429,,visual_read_from_report_card_image,manual_visual_single_pass
1398,تجربی,,6258,,زیست فناوری,دانشگاه الزهرا/س تهران,روزانه,https://t.me/G2_konkur406/8009,G2_konkur406/8009,fcf2dfe1cc89d8cbe8b8847403c2b93bc41bc7331ace05fe3275bbe276669bbd,G2_konkur406,design_B_digit_model,model_validated_cv_100pct
1398,تجربی,,6397,,دکترای عمومی دامپزشکی,دانشگاه شهید باهنر کرمان,روزانه,https://t.me/G2_konkur406/8015,G2_konkur406/8015,b0e2c1629897873a326147cc37eff38ee265a9b9b63dc839880faed38341e102,G2_konkur406,design_B_digit_model,model_validated_cv_100pct
1398,تجربی,,6686,,تکنولوژی پرتوشناسی,دانشگاه علوم پزشکی همدان,روزانه,https://t.me/G2_konkur406/7981,G2_konkur406/7981,a136a87b4b4805c99035e40263d0a0c2223c8c5d16b05be5dc6d0efb03a2f158,G2_konkur406,design_B_digit_model,model_validated_cv_100pct
1398,تجربی,,6732,,علوم آزمایشگاهی,دانشگاه علوم پزشکی قزوین,روزانه,https://t.me/kousarhighschool/1805,kousarhighschool/1805,1ffab56c8eb83b8855938ee334a11a3fc114bb11195d93f56c02e9d01c4904ba,kousarhighschool,design_B_digit_model,model_validated_cv_100pct
1398,تجربی,,7213,,مامایی,دانشگاه علوم پزشکی همدان,روزانه,https://t.me/G2_konkur406/9583,G2_konkur406/9583,15a8f360fb99259274e6d49c55df460b91a66067bed0b8d381fbfda7c408a917,G2_konkur406,manual_visual,visual_checked
1398,تجربی,,7266,,هوشبری,دانشگاه علوم پزشکی تبریز,روزانه,https://t.me/Gozine2_Roshtkhar/133,Gozine2_Roshtkhar/133,07dc4a7997b3a5f175db432b6cf1fdf572352c707415391633eb792bc7707027,gozine2_roshtkhar | gozine2neka,design_B_digit_model,model_validated_cv_100pct
1398,تجربی,,7328,,پرستاری,دانشگاه علوم پزشکی اردبیل,روزانه,https://t.me/G2_konkur406/7987,G2_konkur406/7987,d912f28ce407691fae194921d3bb87f6a55d442d8bdc6c6eb146d0cd49a70ee6,G2_konkur406,design_B_digit_model,model_validated_cv_100pct
1398,تجربی,,7492,,پرستارى,دانشگاه علوم پزشکی تبریز,روزانه,https://t.me/karname_konkur/4883,karname_konkur/4883,6ce684a454e61d9ecdf8daca8df97819bb8796c2ee06dba15c4995c2b7ba7ca2,karname_konkur,design_B_digit_model,model_validated_cv_100pct
1398,تجربی,,7625,,گفتاردرمانى,دانشگاه علوم پزشکی همدان,روزانه,https://t.me/G2_konkur99/14579,G2_konkur99/14579,63123f1629b750bb11bd8efa75ae4701c0b37a5d5d29d2e677f312e94801aa01,G2_konkur99 | g2_old,design_B_digit_model,model_validated_cv_100pct
1398,تجربی,,7739,,پرستارى,دانشگاه علوم پزشکی مازندران,روزانه,https://t.me/kousarhighschool/1674,kousarhighschool/1674,13a35f440ee3efddc2252f78dd394e86a8777f941c1939db16210688c672d640,kousarhighschool,design_B_digit_model,model_validated_cv_100pct
1398,تجربی,,8816,منطقه 1,هوشبری,دانشگاه علوم پزشکی سمنان,روزانه,https://t.me/G2_konkur406/8091,G2_konkur406/8091,4faacda8f82f18f26ef84fb6e627e4342412e7b0b33d6cbc00a25c99736acd25,,visual_read_from_report_card_image,manual_visual_single_pass
1398,تجربی,,9349,منطقه 2,تکنولوژی پرتوشناسی,دانشگاه علوم پزشکی بندرعباس,روزانه,https://t.me/G2_konkur406/8098,G2_konkur406/8098,a158a112d848fed1cf7ee0c71321fdbeeb2d63a3e58b44af43cb932beaa2be28,,visual_read_from_report_card_image,manual_visual_single_pass
1398,تجربی,,9422,منطقه 2,پرستاری,دانشگاه علوم پزشکی البرز,روزانه,https://t.me/G2_konkur99/14659,G2_konkur99/14659,1eaa318e0134f8ae56db5b0592f653b72021dbd4becc04b8c126db8a945ca138,,visual_read_from_report_card_image,manual_visual_single_pass
1398,تجربی,,9755,منطقه 2,تکنولوژی پرتوشناسی,دانشگاه علوم پزشکی اراک,روزانه,https://t.me/gozine_dorost/2429,gozine_dorost/2429,d78c0989265d3441366178472d932acfad9eeadc870024f8961492c499aab60c,,visual_read_from_report_card_image,manual_visual_single_pass
1398,تجربی,,10734,,تکنولوژی اتاق عمل,دانشگاه علوم پزشکی همدان,روزانه,https://t.me/kousarhighschool/880,kousarhighschool/880,7e24c27f902db2cbb8671e4ca64feae0025c08718a5fce966f576e5cae1af524,kousarhighschool,design_B_digit_model,model_validated_cv_100pct
1398,تجربی,,12583,,مامایی,دانشگاه علوم پزشکی بابل,روزانه,https://t.me/Gozine2_Roshtkhar/343,Gozine2_Roshtkhar/343,1c3fa19ce3a1699fbb6c059ecb216efb79ef2a221ad3eea0688cac8fa97feade,gozine2_roshtkhar,design_B_digit_model,model_validated_cv_100pct
1398,ریاضی,,73,منطقه 3,علوم کامپیوتر,دانشگاه تهران,روزانه,https://t.me/G2_konkur406/8085,G2_konkur406/8085,02c40d4c88fee21a3a49e837437dfc3a67513de165d5c0478e8e00ee745dcdfc,,visual_read_from_report_card_image,manual_visual_single_pass
1398,ریاضی,,139,,علوم کامپیوتر,دانشگاه صنعتی امیرکبیر تهران,روزانه,https://t.me/G2_konkur99/14614,G2_konkur99/14614,410a8bcfbe564beec4b437999d1654235437279d6d837338d6391a454307cddf,G2_konkur99 | g2_old,design_B_digit_model,model_validated_cv_100pct
1398,ریاضی,,218,,مهندسى شیمى,دانشگاه صنعتى شریف,روزانه,https://t.me/kousarhighschool/1695,kousarhighschool/1695,1165c2ec48932a458684f03f8cb8cf18f9a4519a95eaea1951ce71a51e364bfc,kousarhighschool,design_B_digit_model,model_validated_cv_100pct
1398,ریاضی,,237,,مهندسی عمران,دانشگاه صنعتی شریف تهران,روزانه,https://t.me/Gozine2_Roshtkhar/324,Gozine2_Roshtkhar/324,fc0d76b22e13aaaa1ea25e0b2b06467790f0858e0d7fd4144c9ac621c03321b4,gozine2_roshtkhar,design_B_digit_model,model_validated_cv_100pct
1398,ریاضی,,254,منطقه 3,مهندسی مکانیک,دانشگاه علم و صنعت ایران,روزانه,https://t.me/G2_konkur1401/4872,G2_konkur1401/4872,40d50908b0b900d256c9558db0b0531174ebdc1017ff772de1bbeabdf31b2dce,,visual_read_from_report_card_image,manual_visual_single_pass
1398,ریاضی,,280,,مهندسى مواد متالورژى,دانشگاه صنعتى شریف,روزانه,https://t.me/kousarhighschool/1827,kousarhighschool/1827,a8795e1218fe79ebab331ca0cb8a72c5e6b84454a7711f36d73b4055b8af7d79,kousarhighschool,design_B_digit_model,model_validated_cv_100pct
1398,ریاضی,,293,,مهندسی مکانیک,دانشگاه فردوسی مشهد,روزانه,https://t.me/G2_konkur406/9730,G2_konkur406/9730,8b484fe87c0b35a4e621869b645e67233f4f0d73d8ad7f25c4f2adcf40704389,G2_konkur406,manual_visual,visual_checked
1398,ریاضی,,302,,مهندسی پزشکی,دانشگاه صنعتی امیرکبیر تهران,روزانه,https://t.me/kousarhighschool/879,kousarhighschool/879,754e211379ea4cbedbddf4520a94ca8cbf6184ee8b32f69ebe14f32873500e07,kousarhighschool,design_B_digit_model,model_validated_cv_100pct
1398,ریاضی,,310,منطقه 1,مهندسی مکانیک,دانشگاه تهران,روزانه,https://t.me/G2_konkur406/8092,G2_konkur406/8092,4683b768f2124ce91219333513e6c20395d07307df806ff0b7dd9d0e11d4152a,,visual_read_from_report_card_image,manual_visual_single_pass
1398,ریاضی,,319,,مهندسی شیمى,دانشگاه صنعتى امیرکبیر,روزانه,https://t.me/karname_konkur/4863,karname_konkur/4863,a293cd11ed77f33891ee7afbfba469c85d7f2d488ed864efb782e690392e870c,karname_konkur,design_B_digit_model,model_validated_cv_100pct
1398,ریاضی,,329,,مهندسی شیمی,دانشگاه تبریز,روزانه,https://t.me/G2_konkur406/8024,G2_konkur406/8024,aea53ad4ecb117026abd60b9c6641746757795d1ed3fac281254e5ac0c23cb8e,G2_konkur406,design_B_digit_model,model_validated_cv_100pct
1398,ریاضی,,335,منطقه 1,مهندسی عمران,دانشگاه صنعتی شریف,روزانه,https://t.me/G2_konkur406/9893,G2_konkur406/9893,771908f0205ae164492151318c3e7cc99fe5fda04fc092c87c9d31de3db39e69,,visual_read_from_report_card_image,manual_visual_single_pass
1398,ریاضی,,386,,مهندسی هوافضا,دانشگاه صنعتی امیرکبیر تهران,روزانه,https://t.me/kousarhighschool/1476,kousarhighschool/1476,a2366042046d1299e89e291e5fd5d40add98197a187489e1f618a14bdf10c1b2,kousarhighschool,design_B_digit_model,model_validated_cv_100pct
1398,ریاضی,,389,,مهندسى هوافضا,دانشگاه صنعتى خواجه نصیر الدین طوسى,روزانه,https://t.me/kousarhighschool/1617,kousarhighschool/1617,06e9b1482ade6fcdb839d6ae57853a8218adc9f0daf014bccac56aaa575bfcfd,kousarhighschool,design_B_digit_model,model_validated_cv_100pct
1398,ریاضی,,427,,مهندسی مکانیک,دانشگاه صنعتی خواجه نصیرالدین طوسی تهران,روزانه,https://t.me/kousarhighschool/1395,kousarhighschool/1395,be6f2ea4de9ab862303932b75fcf9ed01b9624555f81d4638f5cca77782c5f5f,kousarhighschool,design_B_digit_model,model_validated_cv_100pct
1398,ریاضی,,494,منطقه 2,مهندسی برق,دانشگاه علم و صنعت ایران,روزانه,https://t.me/G2_konkur99/14675,G2_konkur99/14675,8d59390d2fa2cf955d1eb272f396bfda57b07496f337657195959c8321104e4e,,visual_read_from_report_card_image,manual_visual_single_pass
1398,ریاضی,,502,,مهندسى کامپیوتر,دانشگاه شیراز,روزانه,https://t.me/kousarhighschool/657,kousarhighschool/657,dfe43995517e5d61b77f4df8bac692d41b9c45a80e2182bde83fc41f8f77cfcc,kousarhighschool,design_B_digit_model,model_validated_cv_100pct
1398,ریاضی,,517,,مهندسى مکانیک,دانشگاه علم و صنعت ایران,روزانه,https://t.me/G2_konkur99/14544,G2_konkur99/14544,ec8c0e12cf67738ecd56fd2f32862101774c38b3da2ca80979906e9d834a0029,G2_konkur99 | g2_old,design_B_digit_model,model_validated_cv_100pct
1398,ریاضی,,543,,مهندسی کامپیوتر,دانشگاه شیراز,روزانه,https://t.me/Gozine2_Roshtkhar/328,Gozine2_Roshtkhar/328,87c71ac114a0b57c39c0d6f390ca42dd85285552cef42f45eb71dc9d952edfc3,gozine2_roshtkhar,design_B_digit_model,model_validated_cv_100pct
1398,ریاضی,,547,,مهندسی برق,دانشگاه شهید بهشتی تهران,روزانه,https://t.me/Gozine2_Roshtkhar/345,Gozine2_Roshtkhar/345,9d3f1cb7e11e6724bbbd3aec92b30c65a356589fc42d436964c630923d7d19ac,gozine2_roshtkhar | gozined,design_B_digit_model,model_validated_cv_100pct
1398,ریاضی,,574,,مهندسی شیمی,دانشگاه علم و صنعت ایران,روزانه,https://t.me/G2_konkur406/9678,G2_konkur406/9678,53bbaccef1ba9f6da0c3d9996d8b92684898a46ee57097f36c283cd53b589392,G2_konkur406,manual_visual,visual_checked
1398,ریاضی,,597,منطقه 3,مهندسی شیمی,دانشگاه علم و صنعت ایران,روزانه,https://t.me/G2_konkur406/9845,G2_konkur406/9845,2c69a46cd49257d91a36725f796d35e549c74861b3cf5b3b96d00c51d2ce1dec,,visual_read_from_report_card_image,manual_visual_single_pass
1398,ریاضی,,598,,مهندسى کامپیوتر,دانشگاه صنعتى خواجه نصیرالدین طوسى,روزانه,https://t.me/G2_konkur99/14575,G2_konkur99/14575,9635b5fd6de693b464c36fdc2dda2d3991133ba4389ab2be6ef23330b6f7a1a3,G2_konkur99 | g2_old,design_B_digit_model,model_validated_cv_100pct
1398,ریاضی,,622,,مهندسى عمران,دانشگاه علم و صنعت ایران,روزانه,https://t.me/G2_konkur99/14587,G2_konkur99/14587,e0649f32a6b1b8ece4e678214bb7426c9c5d7b7f60f73fa5b95be62d431c7a23,G2_konkur99 | g2_old,design_B_digit_model,model_validated_cv_100pct
1398,ریاضی,,651,,مهندسی دریا,دانشگاه صنعتی شریف تهران,روزانه,https://t.me/kousarhighschool/1060,kousarhighschool/1060,39a1331f4cab9acb49688ae863ebd993acff16fee8a3fbc43ea2afeb22295ce5,kousarhighschool,design_B_digit_model,model_validated_cv_100pct
1398,ریاضی,,653,منطقه 3,مهندسی مکانیک,دانشگاه فردوسی مشهد,روزانه,https://t.me/G2_konkur406/9803,G2_konkur406/9803,549c7d3a75af845633c0c6477541e35f5bce52a06a1257cd38aae541bee10fc5,,visual_read_from_report_card_image,manual_visual_single_pass
1398,ریاضی,,738,,مهندسی کامپیوتر,دانشگاه صنعتی نوشیروانی بابل,روزانه,https://t.me/karname_konkur/4829,karname_konkur/4829,e57b4498602cc4153fb16fed88d619e0dac2ea153c759dd3fbab6d4f85b4a52c,karname_konkur,design_B_digit_model,model_validated_cv_100pct
1398,ریاضی,,782,,مهندسی عمران,دانشگاه صنعتی اصفهان,روزانه,https://t.me/gozine2neka/7317,gozine2neka/7317,565abb35ec72947cfbc431b8a414da3aefbd13433dad4919228f5bc37779dd79,gozine2neka,design_B_digit_model,model_validated_cv_100pct
1398,ریاضی,,785,,مهندسی شیمی,دانشگاه شیراز,روزانه,https://t.me/kousarhighschool/1127,kousarhighschool/1127,fedb62984b0daa22decf0ea6ab3f9a0b4ecbdefeade9918026e6a355a804390e,kousarhighschool,design_B_digit_model,model_validated_cv_100pct
1398,ریاضی,,851,,مهندسی برق,دانشگاه شیراز,روزانه,https://t.me/kousarhighschool/1086,kousarhighschool/1086,591317f0e64be8e7aa6dd797bd07f6359ab60a13391ae68c86d4319c2598bf57,kousarhighschool,design_B_digit_model,model_validated_cv_100pct
1398,ریاضی,,881,,مهندسی هوافضا,دانشگاه اصفهان,روزانه,https://t.me/G2_konkur99/14569,G2_konkur99/14569,c68ca44761ad5b090d91b92817686846d6d796af98817e2bc461d1c57a4ba33a,G2_konkur99 | g2_old,design_B_digit_model,model_validated_cv_100pct
1398,ریاضی,,900,,مهندسی مکانیک,دانشگاه صنعتى خواجه نصیر,روزانه,https://t.me/karname_konkur/4859,karname_konkur/4859,b40b203d8775c86cf1dbf77d660e03b5e62f7a5b0824c491ceadcf6f1324baa7,karname_konkur,design_B_digit_model,model_validated_cv_100pct
1398,ریاضی,,919,منطقه 1,علوم کامپیوتر,دانشگاه شهید بهشتی تهران,روزانه,https://t.me/G2_konkur99/14670,G2_konkur99/14670,5f989ffde6316a1a0b2664f6e60afbf4d70a57868648cec07837aa3b0b5df2a7,,visual_read_from_report_card_image,manual_visual_single_pass
1398,ریاضی,,938,,مهندسی پزشکی,دانشگاه صنعتی امیرکبیر تهران,روزانه,https://t.me/G2_konkur99/14607,G2_konkur99/14607,6b122df9093c9ce3b70a817bb99b27efdf70f27faa277114f907c8093f06d7a7,G2_konkur99 | g2_old,design_B_digit_model,model_validated_cv_100pct
1398,ریاضی,,1048,منطقه 3,مهندسی مکانیک,دانشگاه تبریز,روزانه,https://t.me/G2_konkur1401/4944,G2_konkur1401/4944,821961e2c4c6af2d975990cbcc6d77fda1229107fe7653bbdef59b7e701c5129,,visual_read_from_report_card_image,manual_visual_single_pass
1398,ریاضی,,1052,منطقه 3,مهندسی کامپیوتر,دانشگاه ارومیه,روزانه,https://t.me/G2_konkur406/8134,G2_konkur406/8134,4873edbbc2c2afc2e01be245a08e8c6bc4a67477cc4a719bf90bd043b6eddd0e,,visual_read_from_report_card_image,manual_visual_single_pass
1398,ریاضی,,1068,,مهندسی نقشه برداری,دانشگاه تهران,روزانه,https://t.me/Gozine2_Roshtkhar/206,Gozine2_Roshtkhar/206,4773af21264970f39b4748015ea414b3ba09feafbdc6d59535f2aeb486b2beae,gozine2_roshtkhar,design_B_digit_model,model_validated_cv_100pct
1398,ریاضی,,1108,,مهندسی پزشکی,دانشگاه صنعتی امیرکبیر تهران,روزانه,https://t.me/Gozine2_Roshtkhar/137,Gozine2_Roshtkhar/137,d7ce958b81bca2d22bba40c491d69a6a7d33a48a539a601d1718122fd92d43e6,gozine2_roshtkhar,design_B_digit_model,model_validated_cv_100pct
1398,ریاضی,,1240,,فیزیک,دانشگاه شهیدبهشتى,روزانه,https://t.me/karname_konkur/4884,karname_konkur/4884,5b5d7d5693721125ecb8f5b82bc2168cdd376819d2b9847cfd537433b4812173,karname_konkur,design_B_digit_model,model_validated_cv_100pct
1398,ریاضی,,1262,منطقه 1,مهندسی مکانیک,دانشگاه صنعتی اصفهان,روزانه,https://t.me/G2_konkur406/9818,G2_konkur406/9818,72b0551551d488f3a863cadaba59ab87fd9c7c5bf1469a3c70e8bdf6ed14a61e,,visual_read_from_report_card_image,manual_visual_single_pass
1398,ریاضی,,1268,,مهندسی کامپیوتر,دانشگاه اصفهان,روزانه,https://t.me/G2_konkur406/9700,G2_konkur406/9700,8020620a4ea0fcb45ccc59333b90f281452a63d91d76f48bc96eab68db054cb8,G2_konkur406,manual_visual,visual_checked
1398,ریاضی,,1280,منطقه 2,مهندسی برق,دانشگاه اصفهان,روزانه,https://t.me/G2_konkur406/9783,G2_konkur406/9783,d44a55a69530fcc28cbb41835ca6471fcdbf4df78f1ce3f37ac5cbca7c9f9455,,visual_read_from_report_card_image,manual_visual_single_pass
1398,ریاضی,,1286,,معماری داخلی,دانشگاه هنر تهران,روزانه,https://t.me/Gozine2_Roshtkhar/346,Gozine2_Roshtkhar/346,8ef33b2eca60b7eb1bb0f5f570928c9e09a25030f7eabacef0f9b5065c845ad2,gozine2_roshtkhar,design_B_digit_model,model_validated_cv_100pct
1398,ریاضی,,1333,منطقه 2,مهندسی شیمی,دانشگاه علم و صنعت ایران,روزانه,https://t.me/G2_konkur99/14684,G2_konkur99/14684,317b9f8b5be7f3fd2b214e60b6f78178997874d5df97590cc8cb90998368d445,,visual_read_from_report_card_image,manual_visual_single_pass
1398,ریاضی,,1337,,مهندسى برق,دانشگاه صنعتى نوشیروانى بابل,روزانه,https://t.me/kousarhighschool/1675,kousarhighschool/1675,b9f376f191bdb9f7037d19568cd5a2b03f5de32b69616f58c41529eaecd69cd0,kousarhighschool,design_B_digit_model,model_validated_cv_100pct
1398,ریاضی,,1440,,مهندسی برق,دانشگاه صدا و سیما جمهوری اسلامی ایران,روزانه,https://t.me/G2_konkur406/8043,G2_konkur406/8043,789f80f151114ad4fe6966fe75fe0ca25c8840f3ae64798fadae62cadb194ad1,G2_konkur406,design_B_digit_model,model_validated_cv_100pct
1398,ریاضی,,1443,منطقه 2,مهندسی صنایع,دانشگاه خوارزمی تهران,روزانه,https://t.me/G2_konkur1401/4852,G2_konkur1401/4852,8464222121680f6bec4137a21f2136918fdce3f4696726caf7ac6f07613bb853,,visual_read_from_report_card_image,manual_visual_single_pass
1398,ریاضی,,1447,,مدیریت مالی,دانشگاه شهید بهشتی تهران,روزانه,https://t.me/G2_konkur406/8050,G2_konkur406/8050,21f0e933295a4ea7a3d24e16b8c01497604f9d9f003b2ea1323c0b7a73a3a58e,G2_konkur406,design_B_digit_model,model_validated_cv_100pct
1398,ریاضی,,1463,,مهندسی برق,دانشگاه صنعتی اصفهان,روزانه,https://t.me/G2_konkur406/8016,G2_konkur406/8016,46d86ee6752e8e431b00d0cd1e7e7746414c7448ae76c7f1daa718c7cd95d679,G2_konkur406,design_B_digit_model,model_validated_cv_100pct
1398,ریاضی,,1499,,مهندسی دریا,دانشگاه صنعتی امیرکبیر تهران,روزانه,https://t.me/G2_konkur406/7980,G2_konkur406/7980,7aff368218cf45421a286efb0ebdc5554502c6b7bc1cfd270ea933e7d11265d1,G2_konkur406,design_B_digit_model,model_validated_cv_100pct
1398,ریاضی,,1521,,مهندسی معماری,دانشگاه هنر تهران,روزانه,https://t.me/karname_konkur/4756,karname_konkur/4756,ae785b7285687ad872e054aed8765602affa1c983f6e5f1b2377e69c9464e058,karname_konkur,design_B_digit_model,model_validated_cv_100pct
1398,ریاضی,,1573,منطقه 1,فیزیک,دانشگاه شهید بهشتی تهران,روزانه,https://t.me/G2_konkur99/14681,G2_konkur99/14681,1f241f9ac36fbf8c9b8f29f164547b110a88496f58ad5f29bfcd6d226df631d0,,visual_read_from_report_card_image,manual_visual_single_pass
1398,ریاضی,,1632,,مهندسی مکانیک,دانشگاه فردوسی مشهد,روزانه,https://t.me/Gozine2_Roshtkhar/147,Gozine2_Roshtkhar/147,49edbc546ca59d11fb9c0106103758582f949da5c0ef818f083dbd503546694d,gozine2_roshtkhar,design_B_digit_model,model_validated_cv_100pct
1398,ریاضی,,1748,منطقه 1,مهندسی برق,دانشگاه خواجه نصیرالدین طوسی,روزانه,https://t.me/G2_konkur406/9867,G2_konkur406/9867,e1ae80dfc2ac0476371d9873101a1f50446c3d3671388776efec6f258551ed88,,visual_read_from_report_card_image,manual_visual_single_pass
1398,ریاضی,,1785,,مهندسی کامپیوتر,دانشگاه تهران,روزانه,https://t.me/G2_konkur99/14629,G2_konkur99/14629,6bad8be38b0ccccf728907ff8bec761f3dcf480ce6d603a1420343d24d2f6828,G2_konkur99 | g2_old,design_B_digit_model,model_validated_cv_100pct
1398,ریاضی,,1841,منطقه 1,حسابداری,دانشگاه تهران,روزانه,https://t.me/G2_konkur99/14643,G2_konkur99/14643,1d0da3e8bb78241036b562f44bff0b6f6d8276a72c388015231c7c523669f921,,visual_read_from_report_card_image,manual_visual_single_pass
1398,ریاضی,,1873,,مهندسی پلیمر,دانشگاه صنعتی اصفهان,روزانه,https://t.me/gozine2neka/7334,gozine2neka/7334,fe4ef770a97a7641fd5affa200d850b77c35972435c076ba49d2732dd1915dc3,gozine2neka,design_B_digit_model,model_validated_cv_100pct
1398,ریاضی,,1893,,مهندسی کامپیوتر,دانشگاه صنعتى شریف,پردیس خودگردان,https://t.me/karname_konkur/4857,karname_konkur/4857,3e1dd90825e8a81865041a62a03b2d3a44c0d50a9e8269c1e985abb2fbcab8ce,karname_konkur,design_B_digit_model,model_validated_cv_100pct
1398,ریاضی,,1899,منطقه 2,فیزیک مهندسی,دانشگاه شهید باهنر کرمان,روزانه,https://t.me/G2_konkur1401/4986,G2_konkur1401/4986,80cfd28faba82ae43c42d24df0ed6918782e7119b6be3c6861a331d8ded3db19,,visual_read_from_report_card_image,manual_visual_single_pass
1398,ریاضی,,1922,,مهندسی نساجی,دانشگاه صنعتی امیرکبیر تهران,روزانه,https://t.me/kousarhighschool/1806,kousarhighschool/1806,5862844bf8677426f8f7aa9fe0f7a50aec549448de807a46f8011c605b5f90cf,kousarhighschool,design_B_digit_model,model_validated_cv_100pct
1398,ریاضی,,1936,,مهندسی عمران,دانشگاه تبریز,روزانه,https://t.me/G2_konkur406/8002,G2_konkur406/8002,769ac924e981b148d3cd95bf40ba0312dbe242bf6541dcb32f203fb40aa53e36,G2_konkur406,design_B_digit_model,model_validated_cv_100pct
1398,ریاضی,,2019,,مهندسی مهماری,دانشگاه هنر,روزانه,https://t.me/G2_konkur406/7988,G2_konkur406/7988,e06f8e8447ec86ade25570f9d3fd0893c053c2647e7424a8d64d1cfc0170c028,G2_konkur406,design_B_digit_model,model_validated_cv_100pct
1398,ریاضی,,2027,منطقه 2,مهندسی کامپیوتر,دانشگاه صنعتی قم,روزانه,https://t.me/G2_konkur1401/4916,G2_konkur1401/4916,523e9924473131979096cbb5084610652b147e3d56785ab3696beb7df86c6c73,,visual_read_from_report_card_image,manual_visual_single_pass
1398,ریاضی,,2085,,مهندسی مواد و متالوژی,دانشگاه صنعتی امیرکبیر تهران,روزانه,https://t.me/G2_konkur406/9663,G2_konkur406/9663,2005f4b1f4de0c748b4d63fac4b830645483853f75a89f781404607c1be10cdd,G2_konkur406,manual_visual,visual_checked
1398,ریاضی,,2241,,مهندسی شهرسازى,دانشگاه شیراز,روزانه,https://t.me/kousarhighschool/1770,kousarhighschool/1770,a8347846f2909c1faa4caaddcd77e2d60e7c109421b8321619bcff506530fe71,kousarhighschool,design_B_digit_model,model_validated_cv_100pct
1398,ریاضی,,2413,,مهندسى مواد متالورژى,دانشگاه شیراز,روزانه,https://t.me/kousarhighschool/563,kousarhighschool/563,f790c9b2c3e8f0edc8bec1ff5fc3401a448dac491f49b1758d71d7c43565c642,kousarhighschool,design_B_digit_model,model_validated_cv_100pct
1398,ریاضی,,2704,منطقه 2,مهندسی برق,دانشگاه صنعتی شیراز,روزانه,https://t.me/G2_konkur1401/5084,G2_konkur1401/5084,ec26a58b7c95fff6a1e00fdc49d93ce7aed23c71363a87fd22254f529066eab6,,visual_read_from_report_card_image,manual_visual_single_pass
1398,ریاضی,,2758,,مهندسی برق,دانشگاه صنعتی اصفهان,روزانه,https://t.me/G2_konkur406/9631,G2_konkur406/9631,e10aa7dfb99842c28afaeac40ea19dd5cee0e080e1b6b9d7131192b2a1b96bc6,G2_konkur406,manual_visual,visual_checked
1398,ریاضی,,2816,,معمارى داخلى,دانشگاه هنر شیراز,روزانه,https://t.me/G2_konkur99/14580,G2_konkur99/14580,31bb9c4a219b9ceecaafb356c50bf632c42f252e16c16c316544660e997cc0e7,G2_konkur99 | g2_old,design_B_digit_model,model_validated_cv_100pct
1398,ریاضی,,2851,منطقه 2,مهندسی معماری,دانشگاه شهید باهنر کرمان,روزانه,https://t.me/G2_konkur406/9832,G2_konkur406/9832,39f167fb01cc25af79b5971912e278d2eb9b28c61a644470e68849b1732da1b2,,visual_read_from_report_card_image,manual_visual_single_pass
1398,ریاضی,,2942,منطقه 2,مهندسی عمران,دانشگاه الزهرا تهران,روزانه,https://t.me/G2_konkur99/14648,G2_konkur99/14648,f14d3d96ff3a65de307d2f7298829dbc57b7e94c94cfa08f2fbf1582e264e806,,visual_read_from_report_card_image,manual_visual_single_pass
1398,ریاضی,,3134,,مهندسی مواد و متالوژی,دانشگاه صنعتی امیرکبیر,روزانه,https://t.me/G2_konkur406/9748,G2_konkur406/9748,ff77db19c5f3d7d24ef9de4927f76f51d088f3ec964456dcdb40b26994345ded,G2_konkur406,manual_visual,visual_checked
1398,ریاضی,,3209,,مهندسى شهرسازى,دانشگاه هنر,روزانه,https://t.me/G2_konkur99/14599,G2_konkur99/14599,b05ee69cb5b8c92cec85e6eb358f6a86c7ecefc2f2311941ffd348d148243fba,G2_konkur99 | g2_old,design_B_digit_model,model_validated_cv_100pct
1398,ریاضی,,3228,,مهندسی مکانیک,دانشگاه صنعتی شریف تهران,پردیس خودگردان,https://t.me/karname_konkur/4751,karname_konkur/4751,e2c6a843e282d3cca35d912328cba50ecd8f5310a88a56d98b543ced5300f931,karname_konkur,design_B_digit_model,model_validated_cv_100pct
1398,ریاضی,,3248,,ریاضیات و کاربردها,دانشگاه خوارزمی تهران,روزانه,https://t.me/G2_konkur406/7993,G2_konkur406/7993,a5e09eedda1bb17654d604ae218e9c0cb353c129db419f12d527b7cdfa2a1558,G2_konkur406,design_B_digit_model,model_validated_cv_100pct
1398,ریاضی,,3389,منطقه 2,مهندسی پزشکی,دانشگاه اصفهان,روزانه,https://t.me/G2_konkur406/8124,G2_konkur406/8124,a0cb4fbc6cba3012cb114f4b4829fb6e3bfc3b6b292cdf618541c2043cecaf43,,visual_read_from_report_card_image,manual_visual_single_pass
1398,ریاضی,,3398,منطقه 1,ریاضیات و کاربردها,دانشگاه صنعتی امیرکبیر تهران,روزانه,https://t.me/G2_konkur99/14654,G2_konkur99/14654,09e180cc35a7b26d3649667dfedb79f6625f83ac1afa3e65d36ab9d67ad1a0c8,,visual_read_from_report_card_image,manual_visual_single_pass
1398,ریاضی,,3565,منطقه 2,مهندسی برق,دانشگاه صنعتی شیراز,روزانه,https://t.me/G2_konkur1401/5037,G2_konkur1401/5037,e261d300e037f5a61512ba1f2873bcdf82542675b616a008d9d74b3b3797b89e,,visual_read_from_report_card_image,manual_visual_single_pass
1398,ریاضی,,3565,,مهندسی عمران,دانشگاه صنعتی امیرکبیر تهران,پردیس خودگردان,https://t.me/G2_konkur406/9713,G2_konkur406/9713,bc1e762245b984a29afa56f1c112864aed90ba65ce7edcb1291bd7d3a4b0b1f3,G2_konkur406,manual_visual,visual_checked
1398,ریاضی,,3574,,مهندسی شیمى,دانشگاه صنعتى اصفهان,روزانه,https://t.me/karname_konkur/4881,karname_konkur/4881,7acf6a4678f6233af41e214abdf5dbc8797475386d2715199e1895bf710b79cc,karname_konkur,design_B_digit_model,model_validated_cv_100pct
1398,ریاضی,,3591,,علوم کامپیوتر,دانشگاه گیلان رشت,روزانه,https://t.me/G2_konkur406/8038,G2_konkur406/8038,9fa0d733de45bc089bd777a84a77e363a2832c9c03387e809c2fb4de8f2bd859,G2_konkur406,design_B_digit_model,model_validated_cv_100pct
1398,ریاضی,,3639,,مهندسی پزشکی,دانشگاه تبریز,روزانه,https://t.me/Gozine2_Roshtkhar/327,Gozine2_Roshtkhar/327,a77877caea50db9f7f0c6845a876b37c2ca213eb0cceb84e0ff722320534a957,gozine2_roshtkhar,design_B_digit_model,model_validated_cv_100pct
1398,ریاضی,,3703,,مهندسی مکانیک,دانشگاه بوعلی سینا همدان,روزانه,https://t.me/G2_konkur406/9602,G2_konkur406/9602,d5c97cb60c04f24a9f9d4712320faf86804801fdb6063fcbab8dab49dbbda73e,G2_konkur406,manual_visual,visual_checked
1398,ریاضی,,3770,منطقه 2,مهندسی عمران,دانشگاه کاشان,روزانه,https://t.me/G2_konkur406/8099,G2_konkur406/8099,0633d17e38d6c6a87bc0edafa5a9bd175c44c6270bdb623b56aa8116212e070a,,visual_read_from_report_card_image,manual_visual_single_pass
1398,ریاضی,,3776,,ریاضیات کاربردها,دانشگاه الزهرا,روزانه,https://t.me/G2_konkur99/14593,G2_konkur99/14593,861bd1059fb064cdb9ad86cc36f18b908a35f13d439cc4ae4b6039a3f9e9366d,G2_konkur99 | g2_old,design_B_digit_model,model_validated_cv_100pct
1398,ریاضی,,3814,,مهندسی هوافضا,دانشگاه صنعتی امیرکبیر تهران,روزانه,https://t.me/G2_konkur406/8031,G2_konkur406/8031,e0443415866a332eea93a20e59e9eb475d88458d79dc42d757150691b8aa389b,G2_konkur406,design_B_digit_model,model_validated_cv_100pct
1398,ریاضی,,3983,,مهندسی مکانیک,دانشگاه صنعتی قم,روزانه,https://t.me/G2_konkur406/8075,G2_konkur406/8075,ee982df788b4c594417772a25e9ae20d163748e73cfaaef19fd4c034d833d722,G2_konkur406,design_B_digit_model,model_validated_cv_100pct
1398,ریاضی,,4275,,مهندسی عمران,دانشگاه شیراز,روزانه,https://t.me/G2_konkur406/9589,G2_konkur406/9589,ccc34b7a21e066dbec13119f384565850d9a0a2d432f93089ecb8cda654ca405,G2_konkur406,manual_visual,visual_checked
1398,ریاضی,,4283,,مهندسی برق,دانشگاه شاهد تهران,روزانه,https://t.me/Gozine2_Roshtkhar/226,Gozine2_Roshtkhar/226,8d99a548a70d1bf70352479ce50e51da12a145ad1ea67edf519d4551755daf07,gozine2_roshtkhar,design_B_digit_model,model_validated_cv_100pct
1398,ریاضی,,4312,منطقه 2,مهندسی شیمی,دانشگاه صنعتی نوشیروانی بابل,روزانه,https://t.me/G2_konkur99/14660,G2_konkur99/14660,95d1c6cf980e239f51138492ad2f47a00c01beeb7449b1adb0e50d0414e04420,,visual_read_from_report_card_image,manual_visual_single_pass
1398,ریاضی,,4490,,مهندسی معدن,دانشگاه صنعتی امیرکبیر تهران,روزانه,https://t.me/kousarhighschool/1866,kousarhighschool/1866,5f6140ace03f21991d7dcfe3a267b71965f29a8ce4e578e55480737627aebe01,kousarhighschool,design_B_digit_model,model_validated_cv_100pct
1398,ریاضی,,4847,منطقه 1,فیزیک,دانشگاه خوارزمی تهران,روزانه,https://t.me/G2_konkur406/8114,G2_konkur406/8114,fa851d43208f622aa05818c45c373660b6154b405c29f2b1da0e0d20aa7fdd2d,,visual_read_from_report_card_image,manual_visual_single_pass
1398,ریاضی,,4945,,مهندسی برق,دانشگاه بین المللی امام خمینی قزوین,روزانه,https://t.me/G2_konkur99/14557,G2_konkur99/14557,12e7912467d604fc8ddd8f387488391de2708acdcf24ada35d70cad77cb382b6,G2_konkur99 | g2_old,design_B_digit_model,model_validated_cv_100pct
1398,ریاضی,,5799,,مهندسی نفت,دانشگاه تهران,روزانه,https://t.me/G2_konkur406/8056,G2_konkur406/8056,eea0785b676d268fd267dafbf3220bd8e474438173df7f2f7a75151da1e54ad8,G2_konkur406,design_B_digit_model,model_validated_cv_100pct
1398,ریاضی,,5871,,مهندسی کامپیوتر,دانشگاه اراک,روزانه,https://t.me/G2_konkur406/8070,G2_konkur406/8070,48dcae7a4072a4628ca7cb5da10a8785db942955091b3b19ed75a6b739458e46,G2_konkur406,design_B_digit_model,model_validated_cv_100pct
1398,ریاضی,,6248,,مهندسی معدن,دانشگاه صنعتی اصفهان,روزانه,https://t.me/G2_konkur406/8062,G2_konkur406/8062,485dee4fc5edb14f0d9d90ebe34c4927f636dad553186e50b4eb98ed444fa3a0,G2_konkur406,design_B_digit_model,model_validated_cv_100pct
1398,ریاضی,,6611,منطقه 3,مهندسی برق,دانشگاه رازی کرمانشاه,روزانه,https://t.me/G2_konkur406/8107,G2_konkur406/8107,bc0a3cfb99af61bd19c90b8e8104743aa69c9f82ee3ac04ecfd1ae95e605a50f,,visual_read_from_report_card_image,manual_visual_single_pass
1398,ریاضی,,7511,,مهندسی نفت,دانشگاه صنعتی امیرکبیر تهران,روزانه,https://t.me/G2_konkur99/14563,G2_konkur99/14563,6205781bee7cf9f9bef36db48738ea4a6139bceae32c8aafe8a72b76e534564c,G2_konkur99 | g2_old,design_B_digit_model,model_validated_cv_100pct
1398,ریاضی,,8807,,مهندسی مکانیک,دانشگاه قم,روزانه,https://t.me/G2_konkur99/14622,G2_konkur99/14622,a35b95138ec6e23f829d83f88ea53104b90e22bb6b1ea57ff1c08155349e8df1,G2_konkur99 | g2_old,design_B_digit_model,model_validated_cv_100pct
1398,ریاضی,,9388,,مهندسی مواد و متالورژی,دانشگاه ارومیه,روزانه,https://t.me/G2_konkur99/14636,G2_konkur99/14636,f4f62172df84e757adc13c4a46866cd4bd0c0d28ad72967ebb306fec6ca0314d,G2_konkur99 | g2_old,design_B_digit_model,model_validated_cv_100pct
1398,ریاضی,,10798,,مهندسی مکانیک,دانشگاه گیلان رشت,شبانه,https://t.me/G2_konkur406/8010,G2_konkur406/8010,e9999d5f60fa95d26da1273163896417efe052c24abe74be0b8209f9cc6100da,G2_konkur406,design_B_digit_model,model_validated_cv_100pct