سال,گروه آزمایشی,رتبه کشوری,رتبه در سهمیه,سهمیه,رشته قبولی,دانشگاه قبولی
1402,تجربی,8319,888,منطقه 3,پزشکی,دانشگاه ارومیه
1402,تجربی,1974,929,منطقه 2,پزشکی,دانشگاه علوم پزشکی ایران
1402,تجربی,2172,1058,منطقه 2,دندانپزشکی,دانشگاه تبریز
1402,تجربی,3310,1170,منطقه 1,پزشکی,دانشگاه علوم پزشکی کاشان
1402,تجربی,4342,1945,منطقه 2,پزشکی,دانشگاه کرمانشاه
1402,تجربی,6518,2128,منطقه 1,داروسازی,دانشگاه جندی شاپور اهواز
1402,تجربی,12544,3866,منطقه 1,پرستاری,دانشگاه علوم پزشکی البرز
1402,تجربی,9614,4017,منطقه 1,پزشکی,دانشگاه بقیة الله
1402,تجربی,13145,5855,منطقه 2,پرستاری,دانشگاه علوم پزشکی مازندران
1402,ریاضی,711,114,منطقه 1,علوم کامپیوتر,دانشگاه تهران
1402,ریاضی,13520,1292,منطقه 3,مهندسی برق,دانشگاه شیراز
1402,ریاضی,8698,2933,منطقه 2,فیزیک,دانشگاه اصفهان
1402,ریاضی,8653,2954,منطقه 2,مهندسی مواد و متالوژی,دانشگاه صنعتی اصفهان
1402,ریاضی,5131,3043,منطقه 1,مهندسی صنایع,دانشگاه الزهرا
1402,ریاضی,5370,3145,منطقه 1,مهندسی مواد و متالوژی,دانشگاه خواجه نصیرالدین طوسی
1402,ریاضی,5579,3250,منطقه 1,مهندسی برق,دانشگاه فردوسی مشهد
1402,ریاضی,6404,3569,منطقه 1,مهندسی نساجی,دانشگاه امیرکبیر
1402,ریاضی,10647,3710,منطقه 2,مهندسی برق,دانشگاه همدان
1402,ریاضی,13445,4786,منطقه 2,مهندسی کامپیوتر,دانشگاه گیلان
1402,انسانی,2491,1056,منطقه 2,حقوق,دانشگاه رشت
1402,انسانی,45074,1235,منطقه 2,حقوق,دانشگاه یزد
1402,انسانی,4045,1528,منطقه 2,اقتصاد,دانشگاه خوارزمی
1402,انسانی,4925,1841,منطقه 2,حقوق,دانشگاه قم
1402,انسانی,7841,2821,منطقه 2,روان شناسی,دانشگاه بین المللی امام خمینی قزوین
1402,انسانی,10539,3670,منطقه 2,مدیریت بازرگانی,دانشگاه مازندران
1402,انسانی,10516,4839,منطقه 3,روان شناسی,دانشگاه ارومیه
1402,انسانی,17544,5804,منطقه 2,آموزش ابتدایی,فرهنگیان
1402,انسانی,55316,8130,منطقه 1,فلسفه,دانشگاه تبریز
