year,major,university,campus,province,program_type,program_type_raw,admission_category,capacity,gender,intake,admission_conditions,source_id,source_page,base_source_id,base_source_page,notes
1402,ریاضیات و کاربردها / ریاضی محض,دانشگاه بجنورد,,خراسان شمالی,نوبت دوم,نوبت دوم,عادی,10,زن و مرد,نیمسال اول,فاقد خوابگاه,1402-correction-5,22,1402-math-booklet,79,کدرشته‌محل منبع: 13552؛ عنوان رشته در منبع: ریاضیات و کاربردها؛ نحوه پذیرش: صرفاً با سوابق تحصیلی؛ اصلاحیه: اصلاح نیمسال از دوم به اول
1402,ریاضیات و کاربردها / ریاضی محض,دانشگاه بناب,,آذربایجان شرقی,روزانه,روزانه,عادی,39,زن و مرد,نیمسال اول,,1402-math-booklet,45,1402-math-booklet,45,کدرشته‌محل منبع: 10001؛ عنوان رشته در منبع: ریاضیات و کاربردها؛ نحوه پذیرش: صرفاً با سوابق تحصیلی
1402,ریاضیات و کاربردها / ریاضی محض,دانشگاه تبریز,,آذربایجان شرقی,روزانه,روزانه,عادی,54,زن و مرد,نیمسال اول,,1402-math-booklet,45,1402-math-booklet,45,کدرشته‌محل منبع: 30013؛ عنوان رشته در منبع: ریاضیات و کاربردها؛ نحوه پذیرش: با آزمون
1402,ریاضیات و کاربردها / ریاضی محض,دانشگاه تبریز,,آذربایجان شرقی,نوبت دوم,نوبت دوم,عادی,36,زن و مرد,نیمسال اول,,1402-math-booklet,46,1402-math-booklet,46,کدرشته‌محل منبع: 30030؛ عنوان رشته در منبع: ریاضیات و کاربردها؛ نحوه پذیرش: با آزمون
1402,ریاضیات و کاربردها / ریاضی محض,دانشگاه تبریز )محل تحصیل آموزشکده فنی و مهندسی مرند(,,آذربایجان شرقی,روزانه,روزانه,عادی,36,زن و مرد,نیمسال اول,,1402-math-booklet,47,1402-math-booklet,47,کدرشته‌محل منبع: 10021؛ عنوان رشته در منبع: ریاضیات و کاربردها؛ نحوه پذیرش: صرفاً با سوابق تحصیلی
1402,ریاضیات و کاربردها / ریاضی محض,دانشگاه تبریز )محل تحصیل آموزشکده فنی و مهندسی مرند(,,آذربایجان شرقی,نوبت دوم,نوبت دوم,عادی,24,زن و مرد,نیمسال اول,,1402-math-booklet,47,1402-math-booklet,47,کدرشته‌محل منبع: 10022؛ عنوان رشته در منبع: ریاضیات و کاربردها؛ نحوه پذیرش: صرفاً با سوابق تحصیلی
1402,ریاضیات و کاربردها / ریاضی محض,دانشگاه شهید مدنی آذربایجان -تبریز,,آذربایجان شرقی,روزانه,روزانه,عادی,80,زن و مرد,نیمسال اول,دارای خوابگاه ملکی,1402-math-booklet,48,1402-math-booklet,48,کدرشته‌محل منبع: 10031؛ عنوان رشته در منبع: ریاضیات و کاربردها؛ نحوه پذیرش: صرفاً با سوابق تحصیلی
1402,ریاضیات و کاربردها / ریاضی محض,دانشگاه صنعتی سهند -تبریز,,آذربایجان شرقی,روزانه,روزانه,عادی,60,زن و مرد,نیمسال اول,,1402-math-booklet,48,1402-math-booklet,48,کدرشته‌محل منبع: 10041؛ عنوان رشته در منبع: ریاضیات و کاربردها؛ نحوه پذیرش: صرفاً با سوابق تحصیلی
1402,ریاضیات و کاربردها / ریاضی محض,دانشگاه صنعتی سهند -تبریز,,آذربایجان شرقی,نوبت دوم,نوبت دوم,عادی,10,زن و مرد,نیمسال اول,,1402-math-booklet,48,1402-math-booklet,48,کدرشته‌محل منبع: 10042؛ عنوان رشته در منبع: ریاضیات و کاربردها؛ نحوه پذیرش: صرفاً با سوابق تحصیلی
1402,ریاضیات و کاربردها / ریاضی محض,دانشگاه مراغه,,آذربایجان شرقی,روزانه,روزانه,عادی,35,زن و مرد,نیمسال اول,,1402-math-booklet,49,1402-math-booklet,49,کدرشته‌محل منبع: 10050؛ عنوان رشته در منبع: ریاضیات و کاربردها؛ نحوه پذیرش: صرفاً با سوابق تحصیلی
1402,ریاضیات و کاربردها / ریاضی محض,دانشگاه ارومیه,,آذربایجان غربی,روزانه,روزانه,عادی,60,زن و مرد,نیمسال اول,,1402-math-booklet,51,1402-math-booklet,51,کدرشته‌محل منبع: 10448؛ عنوان رشته در منبع: ریاضیات و کاربردها؛ نحوه پذیرش: صرفاً با سوابق تحصیلی
1402,ریاضیات و کاربردها / ریاضی محض,دانشگاه ارومیه,,آذربایجان غربی,نوبت دوم,نوبت دوم,عادی,10,زن و مرد,نیمسال اول,,1402-math-booklet,51,1402-math-booklet,51,کدرشته‌محل منبع: 10451؛ عنوان رشته در منبع: ریاضیات و کاربردها؛ نحوه پذیرش: صرفاً با سوابق تحصیلی
1402,ریاضیات و کاربردها / ریاضی محض,دانشگاه محقق اردبیلی -اردبیل,,اردبیل,روزانه,روزانه,عادی,60,زن و مرد,نیمسال اول,,1402-math-booklet,53,1402-math-booklet,53,کدرشته‌محل منبع: 10836؛ عنوان رشته در منبع: ریاضیات و کاربردها؛ نحوه پذیرش: صرفاً با سوابق تحصیلی
1402,ریاضیات و کاربردها / ریاضی محض,دانشگاه اصفهان,,اصفهان,روزانه,روزانه,عادی,35,زن و مرد,نیمسال اول,,1402-math-booklet,54,1402-math-booklet,54,کدرشته‌محل منبع: 30181؛ عنوان رشته در منبع: ریاضیات و کاربردها؛ نحوه پذیرش: با آزمون
1402,ریاضیات و کاربردها / ریاضی محض,دانشگاه اصفهان,,اصفهان,نوبت دوم,نوبت دوم,عادی,15,زن و مرد,نیمسال اول,,1402-math-booklet,55,1402-math-booklet,55,کدرشته‌محل منبع: 30195؛ عنوان رشته در منبع: ریاضیات و کاربردها؛ نحوه پذیرش: با آزمون
1402,ریاضیات و کاربردها / ریاضی محض,دانشگاه اصفهان )محل تحصیل دانشکده ریاضی و کامپیوتر خوانسار(,,اصفهان,روزانه,روزانه,عادی,50,زن و مرد,نیمسال اول,,1402-math-booklet,56,1402-math-booklet,56,کدرشته‌محل منبع: 11008؛ عنوان رشته در منبع: ریاضیات و کاربردها؛ نحوه پذیرش: صرفاً با سوابق تحصیلی
1402,ریاضیات و کاربردها / ریاضی محض,دانشگاه صنعتی اصفهان,,اصفهان,روزانه,روزانه,عادی,55,زن و مرد,نیمسال اول,,1402-math-booklet,56,1402-math-booklet,56,کدرشته‌محل منبع: 30214؛ عنوان رشته در منبع: ریاضیات و کاربردها؛ نحوه پذیرش: با آزمون
1402,ریاضیات و کاربردها / ریاضی محض,دانشگاه کاشان,,اصفهان,روزانه,روزانه,عادی,26,زن و مرد,نیمسال اول,,1402-math-booklet,58,1402-math-booklet,58,کدرشته‌محل منبع: 11024؛ عنوان رشته در منبع: ریاضیات و کاربردها؛ نحوه پذیرش: صرفاً با سوابق تحصیلی
1402,ریاضیات و کاربردها / ریاضی محض,دانشگاه کاشان,,اصفهان,نوبت دوم,نوبت دوم,عادی,11,زن و مرد,نیمسال اول,,1402-math-booklet,58,1402-math-booklet,58,کدرشته‌محل منبع: 11026؛ عنوان رشته در منبع: ریاضیات و کاربردها؛ نحوه پذیرش: صرفاً با سوابق تحصیلی
1402,ریاضیات و کاربردها / ریاضی محض,دانشگاه خوارزمی )محل تحصیل کرج(,,البرز,روزانه,روزانه,عادی,70,زن و مرد,نیمسال اول,,1402-math-booklet,59,1402-math-booklet,59,کدرشته‌محل منبع: 30295؛ عنوان رشته در منبع: ریاضیات و کاربردها؛ نحوه پذیرش: با آزمون
1402,ریاضیات و کاربردها / ریاضی محض,دانشگاه خوارزمی )محل تحصیل کرج(,,البرز,نوبت دوم,نوبت دوم,عادی,20,زن و مرد,نیمسال اول,,1402-math-booklet,59,1402-math-booklet,59,کدرشته‌محل منبع: 30303؛ عنوان رشته در منبع: ریاضیات و کاربردها؛ نحوه پذیرش: با آزمون
1402,ریاضیات و کاربردها / ریاضی محض,دانشگاه ایلام,,ایلام,روزانه,روزانه,عادی,38,زن و مرد,نیمسال اول,,1402-math-booklet,60,1402-math-booklet,60,کدرشته‌محل منبع: 11803؛ عنوان رشته در منبع: ریاضیات و کاربردها؛ نحوه پذیرش: صرفاً با سوابق تحصیلی
1402,ریاضیات و کاربردها / ریاضی محض,دانشگاه خلیج فارس -بوشهر,,بوشهر,روزانه,روزانه,عادی,50,زن و مرد,نیمسال اول,,1402-math-booklet,61,1402-math-booklet,61,کدرشته‌محل منبع: 11933؛ عنوان رشته در منبع: ریاضیات و کاربردها؛ نحوه پذیرش: صرفاً با سوابق تحصیلی
1402,ریاضیات و کاربردها / ریاضی محض,دانشگاه الزهرا )س( )ویژه خواهران( -تهران,,تهران,روزانه,روزانه,عادی,35,زن,نیمسال اول,,1402-math-booklet,62,1402-math-booklet,62,کدرشته‌محل منبع: 30342؛ عنوان رشته در منبع: ریاضیات و کاربردها؛ نحوه پذیرش: با آزمون
1402,ریاضیات و کاربردها / ریاضی محض,دانشگاه الزهرا )س( )ویژه خواهران( -تهران,,تهران,نوبت دوم,نوبت دوم,عادی,10,زن,نیمسال اول,فاقد خوابگاه,1402-math-booklet,62,1402-math-booklet,62,کدرشته‌محل منبع: 30351؛ عنوان رشته در منبع: ریاضیات و کاربردها؛ نحوه پذیرش: با آزمون
1402,ریاضیات و کاربردها / ریاضی محض,دانشگاه تهران,,تهران,روزانه,روزانه,عادی,35,زن و مرد,نیمسال اول,,1402-math-booklet,62,1402-math-booklet,62,کدرشته‌محل منبع: 30360؛ عنوان رشته در منبع: ریاضیات و کاربردها؛ نحوه پذیرش: با آزمون
1402,ریاضیات و کاربردها / ریاضی محض,دانشگاه شاهد -تهران,,تهران,روزانه,روزانه,عادی,40,زن و مرد,نیمسال اول,,1402-math-booklet,64,1402-math-booklet,64,کدرشته‌محل منبع: 30387؛ عنوان رشته در منبع: ریاضیات و کاربردها؛ نحوه پذیرش: با آزمون
1402,ریاضیات و کاربردها / ریاضی محض,دانشگاه شهید بهشتی -تهران,,تهران,روزانه,روزانه,عادی,40,زن و مرد,نیمسال اول,,1402-math-booklet,64,1402-math-booklet,64,کدرشته‌محل منبع: 30396؛ عنوان رشته در منبع: ریاضیات و کاربردها؛ نحوه پذیرش: با آزمون
1402,ریاضیات و کاربردها / ریاضی محض,دانشگاه صنعتی امیرکبیر -تهران,,تهران,روزانه,روزانه,عادی,50,زن و مرد,نیمسال اول,,1402-math-booklet,65,1402-math-booklet,65,کدرشته‌محل منبع: 30415؛ عنوان رشته در منبع: ریاضیات و کاربردها؛ نحوه پذیرش: با آزمون
1402,ریاضیات و کاربردها / ریاضی محض,دانشگاه صنعتی خواجه نصیر الدین طوسی -تهران,,تهران,روزانه,روزانه,عادی,35,زن و مرد,نیمسال اول,,1402-math-booklet,66,1402-math-booklet,66,کدرشته‌محل منبع: 30450؛ عنوان رشته در منبع: ریاضیات و کاربردها؛ نحوه پذیرش: با آزمون
1402,ریاضیات و کاربردها / ریاضی محض,دانشگاه صنعتی خواجه نصیر الدین طوسی -تهران,,تهران,نوبت دوم,نوبت دوم,عادی,15,زن و مرد,نیمسال اول,,1402-math-booklet,66,1402-math-booklet,66,کدرشته‌محل منبع: 30461؛ عنوان رشته در منبع: ریاضیات و کاربردها؛ نحوه پذیرش: با آزمون
1402,ریاضیات و کاربردها / ریاضی محض,دانشگاه صنعتی شریف -تهران,,تهران,روزانه,روزانه,عادی,25,زن و مرد,نیمسال اول,,1402-math-booklet,66,1402-math-booklet,66,کدرشته‌محل منبع: 30472؛ عنوان رشته در منبع: ریاضیات و کاربردها؛ نحوه پذیرش: با آزمون
1402,ریاضیات و کاربردها / ریاضی محض,دانشگاه صنعتی شریف -تهران,,تهران,پردیس خودگردان,پردیس خودگردان,عادی,5,زن و مرد,نیمسال اول,محل تحصیل پردیس خودگردان در تهران,1402-math-booklet,67,1402-math-booklet,67,کدرشته‌محل منبع: 30485؛ عنوان رشته در منبع: ریاضیات و کاربردها؛ نحوه پذیرش: با آزمون
1402,ریاضیات و کاربردها / ریاضی محض,دانشگاه علم و صنعت ایران -تهران,,تهران,روزانه,روزانه,عادی,32,زن و مرد,نیمسال اول,,1402-math-booklet,68,1402-math-booklet,68,کدرشته‌محل منبع: 30501؛ عنوان رشته در منبع: ریاضیات و کاربردها؛ نحوه پذیرش: با آزمون
1402,ریاضیات و کاربردها / ریاضی محض,دانشگاه علم و صنعت ایران -تهران,,تهران,نوبت دوم,نوبت دوم,عادی,8,زن و مرد,نیمسال اول,,1402-math-booklet,68,1402-math-booklet,68,کدرشته‌محل منبع: 30516؛ عنوان رشته در منبع: ریاضیات و کاربردها؛ نحوه پذیرش: با آزمون
1402,ریاضیات و کاربردها / ریاضی محض,دانشگاه شهرکرد,,چهارمحال و بختیاری,روزانه,روزانه,عادی,35,زن و مرد,نیمسال اول,,1402-math-booklet,70,1402-math-booklet,70,کدرشته‌محل منبع: 12531؛ عنوان رشته در منبع: ریاضیات و کاربردها؛ نحوه پذیرش: صرفاً با سوابق تحصیلی
1402,ریاضیات و کاربردها / ریاضی محض,دانشگاه بیرجند,,خراسان جنوبی,روزانه,روزانه,عادی,30,زن و مرد,نیمسال اول,,1402-math-booklet,71,1402-math-booklet,71,کدرشته‌محل منبع: 12682؛ عنوان رشته در منبع: ریاضیات و کاربردها؛ نحوه پذیرش: صرفاً با سوابق تحصیلی
1402,ریاضیات و کاربردها / ریاضی محض,دانشگاه حکیم سبزواری -سبزوار,,خراسان رضوی,روزانه,روزانه,عادی,31,زن و مرد,نیمسال اول,,1402-math-booklet,73,1402-math-booklet,73,کدرشته‌محل منبع: 12860؛ عنوان رشته در منبع: ریاضیات و کاربردها؛ نحوه پذیرش: صرفاً با سوابق تحصیلی
1402,ریاضیات و کاربردها / ریاضی محض,دانشگاه حکیم سبزواری -سبزوار,,خراسان رضوی,نوبت دوم,نوبت دوم,عادی,4,زن و مرد,نیمسال اول,,1402-math-booklet,74,1402-math-booklet,74,کدرشته‌محل منبع: 12864؛ عنوان رشته در منبع: ریاضیات و کاربردها؛ نحوه پذیرش: صرفاً با سوابق تحصیلی
1402,ریاضیات و کاربردها / ریاضی محض,دانشگاه صنعتی قوچان,,خراسان رضوی,روزانه,روزانه,عادی,20,زن و مرد,نیمسال اول,,1402-math-booklet,74,1402-math-booklet,74,کدرشته‌محل منبع: 12892؛ عنوان رشته در منبع: ریاضیات و کاربردها؛ نحوه پذیرش: صرفاً با سوابق تحصیلی
1402,ریاضیات و کاربردها / ریاضی محض,دانشگاه فردوسی مشهد,,خراسان رضوی,روزانه,روزانه,عادی,50,زن و مرد,نیمسال اول,,1402-math-booklet,75,1402-math-booklet,75,کدرشته‌محل منبع: 30633؛ عنوان رشته در منبع: ریاضیات و کاربردها؛ نحوه پذیرش: با آزمون
1402,ریاضیات و کاربردها / ریاضی محض,دانشگاه فردوسی مشهد,,خراسان رضوی,نوبت دوم,نوبت دوم,عادی,10,زن و مرد,نیمسال اول,,1402-math-booklet,75,1402-math-booklet,75,کدرشته‌محل منبع: 30651؛ عنوان رشته در منبع: ریاضیات و کاربردها؛ نحوه پذیرش: با آزمون
1402,ریاضیات و کاربردها / ریاضی محض,دانشگاه نیشابور,,خراسان رضوی,روزانه,روزانه,عادی,20,زن و مرد,نیمسال اول,,1402-math-booklet,76,1402-math-booklet,76,کدرشته‌محل منبع: 12916؛ عنوان رشته در منبع: ریاضیات و کاربردها؛ نحوه پذیرش: صرفاً با سوابق تحصیلی
1402,ریاضیات و کاربردها / ریاضی محض,دانشگاه نیشابور,,خراسان رضوی,نوبت دوم,نوبت دوم,عادی,5,زن و مرد,نیمسال اول,,1402-math-booklet,76,1402-math-booklet,76,کدرشته‌محل منبع: 12920؛ عنوان رشته در منبع: ریاضیات و کاربردها؛ نحوه پذیرش: صرفاً با سوابق تحصیلی
1402,ریاضیات و کاربردها / ریاضی محض,دانشگاه بجنورد,,خراسان شمالی,روزانه,روزانه,عادی,50,زن و مرد,نیمسال اول,فاقد خوابگاه,1402-math-booklet,79,1402-math-booklet,79,کدرشته‌محل منبع: 13548؛ عنوان رشته در منبع: ریاضیات و کاربردها؛ نحوه پذیرش: صرفاً با سوابق تحصیلی
1402,ریاضیات و کاربردها / ریاضی محض,دانشگاه کوثر )ویژه خواهران( -بجنورد,,خراسان شمالی,روزانه,روزانه,عادی,15,زن,نیمسال اول,فاقد خوابگاه,1402-math-booklet,79,1402-math-booklet,79,کدرشته‌محل منبع: 13578؛ عنوان رشته در منبع: ریاضیات و کاربردها؛ نحوه پذیرش: صرفاً با سوابق تحصیلی
1402,ریاضیات و کاربردها / ریاضی محض,دانشگاه شهید چمران اهواز,,خوزستان,روزانه,روزانه,عادی,40,زن و مرد,نیمسال اول,,1402-math-booklet,80,1402-math-booklet,80,کدرشته‌محل منبع: 30704؛ عنوان رشته در منبع: ریاضیات و کاربردها؛ نحوه پذیرش: با آزمون
1402,ریاضیات و کاربردها / ریاضی محض,دانشگاه صنعتی جندی شاپور -دزفول,,خوزستان,روزانه,روزانه,عادی,30,زن و مرد,نیمسال اول,,1402-math-booklet,81,1402-math-booklet,81,کدرشته‌محل منبع: 30725؛ عنوان رشته در منبع: ریاضیات و کاربردها؛ نحوه پذیرش: با آزمون
1402,ریاضیات و کاربردها / ریاضی محض,دانشگاه صنعتی خاتم الانبیاء)ص( بهبهان,,خوزستان,روزانه,روزانه,عادی,30,زن و مرد,نیمسال اول,,1402-math-booklet,81,1402-math-booklet,81,کدرشته‌محل منبع: 30736؛ عنوان رشته در منبع: ریاضیات و کاربردها؛ نحوه پذیرش: با آزمون
1402,ریاضیات و کاربردها / ریاضی محض,دانشگاه صنعتی خاتم الانبیاء)ص( بهبهان,,خوزستان,نوبت دوم,نوبت دوم,عادی,3,زن و مرد,نیمسال اول,,1402-math-booklet,81,1402-math-booklet,81,کدرشته‌محل منبع: 30743؛ عنوان رشته در منبع: ریاضیات و کاربردها؛ نحوه پذیرش: با آزمون
1402,ریاضیات و کاربردها / ریاضی محض,دانشگاه علوم و فنون دریایی خرمشهر,,خوزستان,روزانه,روزانه,عادی,40,زن و مرد,نیمسال اول,,1402-math-booklet,82,1402-math-booklet,82,کدرشته‌محل منبع: 13730؛ عنوان رشته در منبع: ریاضیات و کاربردها؛ نحوه پذیرش: صرفاً با سوابق تحصیلی
1402,ریاضیات و کاربردها / ریاضی محض,دانشگاه زنجان,,زنجان,روزانه,روزانه,عادی,55,زن و مرد,نیمسال اول,,1402-math-booklet,83,1402-math-booklet,83,کدرشته‌محل منبع: 14181؛ عنوان رشته در منبع: ریاضیات و کاربردها؛ نحوه پذیرش: صرفاً با سوابق تحصیلی
1402,ریاضیات و کاربردها / ریاضی محض,دانشگاه دامغان,,سمنان,روزانه,روزانه,عادی,30,زن و مرد,نیمسال اول,دارای خوابگاه ملکی,1402-math-booklet,84,1402-math-booklet,84,کدرشته‌محل منبع: 14337؛ عنوان رشته در منبع: ریاضیات و کاربردها؛ نحوه پذیرش: صرفاً با سوابق تحصیلی
1402,ریاضیات و کاربردها / ریاضی محض,دانشگاه سمنان,,سمنان,روزانه,روزانه,عادی,65,زن و مرد,نیمسال اول,,1402-math-booklet,85,1402-math-booklet,85,کدرشته‌محل منبع: 14351؛ عنوان رشته در منبع: ریاضیات و کاربردها؛ نحوه پذیرش: صرفاً با سوابق تحصیلی
1402,ریاضیات و کاربردها / ریاضی محض,دانشگاه صنعتی شاهرود,,سمنان,روزانه,روزانه,عادی,25,زن و مرد,نیمسال اول,,1402-math-booklet,86,1402-math-booklet,86,کدرشته‌محل منبع: 14376؛ عنوان رشته در منبع: ریاضیات و کاربردها؛ نحوه پذیرش: صرفاً با سوابق تحصیلی
1402,ریاضیات و کاربردها / ریاضی محض,دانشگاه زابل,,سیستان و بلوچستان,روزانه,روزانه,عادی,30,زن و مرد,نیمسال اول,,1402-math-booklet,87,1402-math-booklet,87,کدرشته‌محل منبع: 14603؛ عنوان رشته در منبع: ریاضیات و کاربردها؛ نحوه پذیرش: صرفاً با سوابق تحصیلی
1402,ریاضیات و کاربردها / ریاضی محض,دانشگاه زابل,,سیستان و بلوچستان,نوبت دوم,نوبت دوم,عادی,15,زن و مرد,نیمسال اول,,1402-math-booklet,88,1402-math-booklet,88,کدرشته‌محل منبع: 14609؛ عنوان رشته در منبع: ریاضیات و کاربردها؛ نحوه پذیرش: صرفاً با سوابق تحصیلی
1402,ریاضیات و کاربردها / ریاضی محض,دانشگاه سیستان و بلوچستان -زاهدان,,سیستان و بلوچستان,روزانه,روزانه,عادی,50,زن و مرد,نیمسال اول,,1402-math-booklet,89,1402-math-booklet,89,کدرشته‌محل منبع: 14684؛ عنوان رشته در منبع: ریاضیات و کاربردها؛ نحوه پذیرش: صرفاً با سوابق تحصیلی
1402,ریاضیات و کاربردها / ریاضی محض,دانشگاه ولایت -ایرانشهر,,سیستان و بلوچستان,روزانه,روزانه,عادی,30,زن و مرد,نیمسال اول,,1402-math-booklet,90,1402-math-booklet,90,کدرشته‌محل منبع: 14704؛ عنوان رشته در منبع: ریاضیات و کاربردها؛ نحوه پذیرش: صرفاً با سوابق تحصیلی
1402,ریاضیات و کاربردها / ریاضی محض,دانشگاه ولایت -ایرانشهر,,سیستان و بلوچستان,نوبت دوم,نوبت دوم,عادی,6,زن و مرد,نیمسال اول,,1402-math-booklet,90,1402-math-booklet,90,کدرشته‌محل منبع: 14708؛ عنوان رشته در منبع: ریاضیات و کاربردها؛ نحوه پذیرش: صرفاً با سوابق تحصیلی
1402,ریاضیات و کاربردها / ریاضی محض,دانشگاه جهرم,,فارس,روزانه,روزانه,عادی,20,زن و مرد,نیمسال اول,دارای خوابگاه استیجاری,1402-math-booklet,92,1402-math-booklet,92,کدرشته‌محل منبع: 14943؛ عنوان رشته در منبع: ریاضیات و کاربردها؛ نحوه پذیرش: صرفاً با سوابق تحصیلی
1402,ریاضیات و کاربردها / ریاضی محض,دانشگاه سلمان فارسی – کازرون,,فارس,روزانه,روزانه,عادی,20,زن و مرد,نیمسال اول,,1402-math-booklet,93,1402-math-booklet,93,کدرشته‌محل منبع: 14949؛ عنوان رشته در منبع: ریاضیات و کاربردها؛ نحوه پذیرش: صرفاً با سوابق تحصیلی
1402,ریاضیات و کاربردها / ریاضی محض,دانشگاه سلمان فارسی – کازرون,,فارس,نوبت دوم,نوبت دوم,عادی,3,زن و مرد,نیمسال اول,,1402-math-booklet,93,1402-math-booklet,93,کدرشته‌محل منبع: 14953؛ عنوان رشته در منبع: ریاضیات و کاربردها؛ نحوه پذیرش: صرفاً با سوابق تحصیلی
1402,ریاضیات و کاربردها / ریاضی محض,دانشگاه شیراز,,فارس,روزانه,روزانه,عادی,60,زن و مرد,نیمسال اول,دارای خوابگاه ملکی,1402-math-booklet,93,1402-math-booklet,93,کدرشته‌محل منبع: 30886؛ عنوان رشته در منبع: ریاضیات و کاربردها؛ نحوه پذیرش: با آزمون
1402,ریاضیات و کاربردها / ریاضی محض,دانشگاه شیراز,,فارس,نوبت دوم,نوبت دوم,عادی,5,زن و مرد,نیمسال اول,دارای خوابگاه ملکی,1402-math-booklet,93,1402-math-booklet,93,کدرشته‌محل منبع: 30902؛ عنوان رشته در منبع: ریاضیات و کاربردها؛ نحوه پذیرش: با آزمون
1402,ریاضیات و کاربردها / ریاضی محض,دانشگاه فسا,,فارس,روزانه,روزانه,عادی,40,زن و مرد,نیمسال اول,,1402-math-booklet,95,1402-math-booklet,95,کدرشته‌محل منبع: 14995؛ عنوان رشته در منبع: ریاضیات و کاربردها؛ نحوه پذیرش: صرفاً با سوابق تحصیلی
1402,ریاضیات و کاربردها / ریاضی محض,مرکز آموزش عالی اقلید,,فارس,روزانه,روزانه,عادی,11,زن و مرد,نیمسال اول,,1402-math-booklet,95,1402-math-booklet,95,کدرشته‌محل منبع: 15004؛ عنوان رشته در منبع: ریاضیات و کاربردها؛ نحوه پذیرش: صرفاً با سوابق تحصیلی
1402,ریاضیات و کاربردها / ریاضی محض,دانشگاه بین المللی امام خمینی )ره ( -قزوین,,قزوین,روزانه,روزانه,عادی,40,زن و مرد,نیمسال اول,,1402-math-booklet,96,1402-math-booklet,96,کدرشته‌محل منبع: 30961؛ عنوان رشته در منبع: ریاضیات و کاربردها؛ نحوه پذیرش: با آزمون
1402,ریاضیات و کاربردها / ریاضی محض,مرکز آموزش عالی فنی و مهندسی بویین زهرا,,قزوین,روزانه,روزانه,عادی,35,زن و مرد,نیمسال اول,,1402-math-booklet,97,1402-math-booklet,97,کدرشته‌محل منبع: 15536؛ عنوان رشته در منبع: ریاضیات و کاربردها؛ نحوه پذیرش: صرفاً با سوابق تحصیلی
1402,ریاضیات و کاربردها / ریاضی محض,مرکز آموزش عالی فنی و مهندسی بویین زهرا,,قزوین,نوبت دوم,نوبت دوم,عادی,10,زن و مرد,نیمسال اول,,1402-math-booklet,97,1402-math-booklet,97,کدرشته‌محل منبع: 15538؛ عنوان رشته در منبع: ریاضیات و کاربردها؛ نحوه پذیرش: صرفاً با سوابق تحصیلی
1402,ریاضیات و کاربردها / ریاضی محض,دانشگاه قم,,قم,روزانه,روزانه,عادی,60,زن و مرد,نیمسال اول,,1402-math-booklet,98,1402-math-booklet,98,کدرشته‌محل منبع: 15773؛ عنوان رشته در منبع: ریاضیات و کاربردها؛ نحوه پذیرش: صرفاً با سوابق تحصیلی
1402,ریاضیات و کاربردها / ریاضی محض,دانشگاه کردستان -سنندج,,کردستان,روزانه,روزانه,عادی,40,زن و مرد,نیمسال اول,,1402-math-booklet,99,1402-math-booklet,99,کدرشته‌محل منبع: 15941؛ عنوان رشته در منبع: ریاضیات و کاربردها؛ نحوه پذیرش: صرفاً با سوابق تحصیلی
1402,ریاضیات و کاربردها / ریاضی محض,دانشگاه جیرفت,,کرمان,روزانه,روزانه,عادی,15,زن و مرد,نیمسال اول,,1402-math-booklet,101,1402-math-booklet,101,کدرشته‌محل منبع: 16145؛ عنوان رشته در منبع: ریاضیات و کاربردها؛ نحوه پذیرش: صرفاً با سوابق تحصیلی
1402,ریاضیات و کاربردها / ریاضی محض,دانشگاه جیرفت,,کرمان,نوبت دوم,نوبت دوم,عادی,3,زن و مرد,نیمسال اول,,1402-math-booklet,102,1402-math-booklet,102,کدرشته‌محل منبع: 16149؛ عنوان رشته در منبع: ریاضیات و کاربردها؛ نحوه پذیرش: صرفاً با سوابق تحصیلی
1402,ریاضیات و کاربردها / ریاضی محض,دانشگاه شهید باهنر کرمان,,کرمان,روزانه,روزانه,عادی,60,زن و مرد,نیمسال اول,,1402-math-booklet,103,1402-math-booklet,103,کدرشته‌محل منبع: 16190؛ عنوان رشته در منبع: ریاضیات و کاربردها؛ نحوه پذیرش: صرفاً با سوابق تحصیلی
1402,ریاضیات و کاربردها / ریاضی محض,دانشگاه شهید باهنر کرمان,,کرمان,نوبت دوم,نوبت دوم,عادی,45,زن و مرد,نیمسال اول,,1402-math-booklet,103,1402-math-booklet,103,کدرشته‌محل منبع: 16193؛ عنوان رشته در منبع: ریاضیات و کاربردها؛ نحوه پذیرش: صرفاً با سوابق تحصیلی
1402,ریاضیات و کاربردها / ریاضی محض,دانشگاه صنعتی سیرجان,,کرمان,روزانه,روزانه,عادی,35,زن و مرد,نیمسال اول,,1402-math-booklet,104,1402-math-booklet,104,کدرشته‌محل منبع: 16227؛ عنوان رشته در منبع: ریاضیات و کاربردها؛ نحوه پذیرش: صرفاً با سوابق تحصیلی
1402,ریاضیات و کاربردها / ریاضی محض,دانشگاه صنعتی سیرجان,,کرمان,نوبت دوم,نوبت دوم,عادی,1,زن و مرد,نیمسال اول,,1402-math-booklet,104,1402-math-booklet,104,کدرشته‌محل منبع: 16230؛ عنوان رشته در منبع: ریاضیات و کاربردها؛ نحوه پذیرش: صرفاً با سوابق تحصیلی
1402,ریاضیات و کاربردها / ریاضی محض,دانشگاه ولی عصر)عج( رفسنجان,,کرمان,روزانه,روزانه,عادی,40,زن و مرد,نیمسال اول,,1402-math-booklet,104,1402-math-booklet,104,کدرشته‌محل منبع: 16235؛ عنوان رشته در منبع: ریاضیات و کاربردها؛ نحوه پذیرش: صرفاً با سوابق تحصیلی
1402,ریاضیات و کاربردها / ریاضی محض,مجتمع آموزش عالی بم,,کرمان,روزانه,روزانه,عادی,18,زن و مرد,نیمسال اول,,1402-math-booklet,105,1402-math-booklet,105,کدرشته‌محل منبع: 16260؛ عنوان رشته در منبع: ریاضیات و کاربردها؛ نحوه پذیرش: صرفاً با سوابق تحصیلی
1402,ریاضیات و کاربردها / ریاضی محض,دانشگاه رازی -کرمانشاه,,کرمانشاه,روزانه,روزانه,عادی,50,زن و مرد,نیمسال اول,,1402-math-booklet,107,1402-math-booklet,107,کدرشته‌محل منبع: 16572؛ عنوان رشته در منبع: ریاضیات و کاربردها؛ نحوه پذیرش: صرفاً با سوابق تحصیلی
1402,ریاضیات و کاربردها / ریاضی محض,دانشگاه یاسوج,,کهگیلویه و بویراحمد,روزانه,روزانه,عادی,65,زن و مرد,نیمسال اول,,1402-math-booklet,109,1402-math-booklet,109,کدرشته‌محل منبع: 16835؛ عنوان رشته در منبع: ریاضیات و کاربردها؛ نحوه پذیرش: صرفاً با سوابق تحصیلی
1402,ریاضیات و کاربردها / ریاضی محض,دانشگاه یاسوج,,کهگیلویه و بویراحمد,نوبت دوم,نوبت دوم,عادی,5,زن و مرد,نیمسال اول,,1402-math-booklet,109,1402-math-booklet,109,کدرشته‌محل منبع: 16838؛ عنوان رشته در منبع: ریاضیات و کاربردها؛ نحوه پذیرش: صرفاً با سوابق تحصیلی
1402,ریاضیات و کاربردها / ریاضی محض,دانشگاه گلستان -گرگان,,گلستان,روزانه,روزانه,شرایط خاص,28,زن و مرد,نیمسال اول,عدم تعهد در واگذاری خوابگاه,1402-math-booklet,110,1402-math-booklet,110,کدرشته‌محل منبع: 17005؛ عنوان رشته در منبع: ریاضیات و کاربردها؛ نحوه پذیرش: صرفاً با سوابق تحصیلی
1402,ریاضیات و کاربردها / ریاضی محض,دانشگاه گلستان -گرگان,,گلستان,نوبت دوم,نوبت دوم,شرایط خاص,2,زن و مرد,نیمسال اول,عدم تعهد در واگذاری خوابگاه,1402-math-booklet,110,1402-math-booklet,110,کدرشته‌محل منبع: 17008؛ عنوان رشته در منبع: ریاضیات و کاربردها؛ نحوه پذیرش: صرفاً با سوابق تحصیلی
1402,ریاضیات و کاربردها / ریاضی محض,دانشگاه گنبد,,گلستان,روزانه,روزانه,عادی,13,زن و مرد,نیمسال اول,,1402-math-booklet,111,1402-math-booklet,111,کدرشته‌محل منبع: 17016؛ عنوان رشته در منبع: ریاضیات و کاربردها؛ نحوه پذیرش: صرفاً با سوابق تحصیلی
1402,ریاضیات و کاربردها / ریاضی محض,دانشگاه گیلان -رشت,,گیلان,روزانه,روزانه,عادی,56,زن و مرد,نیمسال اول,,1402-math-booklet,113,1402-math-booklet,113,کدرشته‌محل منبع: 31194؛ عنوان رشته در منبع: ریاضیات و کاربردها؛ نحوه پذیرش: با آزمون
1402,ریاضیات و کاربردها / ریاضی محض,دانشگاه گیلان -رشت,,گیلان,نوبت دوم,نوبت دوم,عادی,24,زن و مرد,نیمسال اول,,1402-math-booklet,113,1402-math-booklet,113,کدرشته‌محل منبع: 31209؛ عنوان رشته در منبع: ریاضیات و کاربردها؛ نحوه پذیرش: با آزمون
1402,ریاضیات و کاربردها / ریاضی محض,دانشگاه آیت اله بروجردی -بروجرد,,لرستان,روزانه,روزانه,عادی,33,زن و مرد,نیمسال اول,,1402-math-booklet,115,1402-math-booklet,115,کدرشته‌محل منبع: 17540؛ عنوان رشته در منبع: ریاضیات و کاربردها؛ نحوه پذیرش: صرفاً با سوابق تحصیلی
1402,ریاضیات و کاربردها / ریاضی محض,دانشگاه آیت اله بروجردی -بروجرد,,لرستان,نوبت دوم,نوبت دوم,عادی,2,زن و مرد,نیمسال اول,,1402-math-booklet,115,1402-math-booklet,115,کدرشته‌محل منبع: 17542؛ عنوان رشته در منبع: ریاضیات و کاربردها؛ نحوه پذیرش: صرفاً با سوابق تحصیلی
1402,ریاضیات و کاربردها / ریاضی محض,دانشگاه لرستان -خرم آباد,,لرستان,روزانه,روزانه,عادی,35,زن و مرد,نیمسال اول,,1402-math-booklet,116,1402-math-booklet,116,کدرشته‌محل منبع: 17553؛ عنوان رشته در منبع: ریاضیات و کاربردها؛ نحوه پذیرش: صرفاً با سوابق تحصیلی
1402,ریاضیات و کاربردها / ریاضی محض,دانشگاه صنعتی نوشیروانی بابل,,مازندران,روزانه,روزانه,عادی,40,زن و مرد,نیمسال اول,,1402-math-booklet,117,1402-math-booklet,117,کدرشته‌محل منبع: 31274؛ عنوان رشته در منبع: ریاضیات و کاربردها؛ نحوه پذیرش: با آزمون
1402,ریاضیات و کاربردها / ریاضی محض,دانشگاه لرستان -خرم آباد )محل تحصیل مرکز آموزش عالی کوهدشت )ویژه دختران((,,لرستان,روزانه,روزانه,عادی,30,زن,نیمسال اول,,1402-math-booklet,117,1402-math-booklet,117,کدرشته‌محل منبع: 17583؛ عنوان رشته در منبع: ریاضیات و کاربردها؛ نحوه پذیرش: صرفاً با سوابق تحصیلی
1402,ریاضیات و کاربردها / ریاضی محض,دانشگاه علم و فنّاوری مازندران -بهشهر,,مازندران,روزانه,روزانه,عادی,41,زن و مرد,نیمسال اول,معرفی به خوابگاههای خودگردان,1402-math-booklet,118,1402-math-booklet,118,کدرشته‌محل منبع: 17761؛ عنوان رشته در منبع: ریاضیات و کاربردها؛ نحوه پذیرش: صرفاً با سوابق تحصیلی
1402,ریاضیات و کاربردها / ریاضی محض,دانشگاه علم و فنّاوری مازندران -بهشهر,,مازندران,نوبت دوم,نوبت دوم,عادی,5,زن و مرد,نیمسال اول,معرفی به خوابگاههای خودگردان,1402-math-booklet,118,1402-math-booklet,118,کدرشته‌محل منبع: 17762؛ عنوان رشته در منبع: ریاضیات و کاربردها؛ نحوه پذیرش: صرفاً با سوابق تحصیلی
1402,ریاضیات و کاربردها / ریاضی محض,دانشگاه مازندران -بابلسر,,مازندران,روزانه,روزانه,عادی,30,زن و مرد,نیمسال اول,,1402-math-booklet,119,1402-math-booklet,119,کدرشته‌محل منبع: 31317؛ عنوان رشته در منبع: ریاضیات و کاربردها؛ نحوه پذیرش: با آزمون
1402,ریاضیات و کاربردها / ریاضی محض,دانشگاه مازندران -بابلسر,,مازندران,نوبت دوم,نوبت دوم,عادی,15,زن و مرد,نیمسال اول,,1402-math-booklet,120,1402-math-booklet,120,کدرشته‌محل منبع: 17795؛ عنوان رشته در منبع: ریاضیات و کاربردها؛ نحوه پذیرش: صرفاً با سوابق تحصیلی
1402,ریاضیات و کاربردها / ریاضی محض,دانشگاه اراک,,مرکزی,روزانه,روزانه,عادی,45,زن و مرد,نیمسال اول,,1402-math-booklet,122,1402-math-booklet,122,کدرشته‌محل منبع: 18519؛ عنوان رشته در منبع: ریاضیات و کاربردها؛ نحوه پذیرش: صرفاً با سوابق تحصیلی
1402,ریاضیات و کاربردها / ریاضی محض,دانشگاه تفرش,,مرکزی,روزانه,روزانه,عادی,25,زن و مرد,نیمسال اول,,1402-math-booklet,122,1402-math-booklet,122,کدرشته‌محل منبع: 18530؛ عنوان رشته در منبع: ریاضیات و کاربردها؛ نحوه پذیرش: صرفاً با سوابق تحصیلی
1402,ریاضیات و کاربردها / ریاضی محض,دانشگاه هرمزگان -بندر عباس,,هرمزگان,روزانه,روزانه,عادی,30,زن و مرد,نیمسال اول,,1402-math-booklet,124,1402-math-booklet,124,کدرشته‌محل منبع: 18702؛ عنوان رشته در منبع: ریاضیات و کاربردها؛ نحوه پذیرش: صرفاً با سوابق تحصیلی
1402,ریاضیات و کاربردها / ریاضی محض,دانشگاه هرمزگان -بندر عباس,,هرمزگان,نوبت دوم,نوبت دوم,عادی,5,زن و مرد,نیمسال اول,,1402-math-booklet,124,1402-math-booklet,124,کدرشته‌محل منبع: 18704؛ عنوان رشته در منبع: ریاضیات و کاربردها؛ نحوه پذیرش: صرفاً با سوابق تحصیلی
1402,ریاضیات و کاربردها / ریاضی محض,دانشگاه بوعلی سینا -همدان,,همدان,روزانه,روزانه,عادی,30,زن و مرد,نیمسال اول,,1402-math-booklet,126,1402-math-booklet,126,کدرشته‌محل منبع: 18895؛ عنوان رشته در منبع: ریاضیات و کاربردها؛ نحوه پذیرش: صرفاً با سوابق تحصیلی
1402,ریاضیات و کاربردها / ریاضی محض,دانشگاه ملایر,,همدان,روزانه,روزانه,عادی,20,زن و مرد,نیمسال اول,,1402-math-booklet,128,1402-math-booklet,128,کدرشته‌محل منبع: 18926؛ عنوان رشته در منبع: ریاضیات و کاربردها؛ نحوه پذیرش: صرفاً با سوابق تحصیلی
1402,ریاضیات و کاربردها / ریاضی محض,دانشگاه یزد,,یزد,روزانه,روزانه,عادی,60,زن و مرد,نیمسال اول,,1402-math-booklet,132,1402-math-booklet,132,کدرشته‌محل منبع: 19132؛ عنوان رشته در منبع: ریاضیات و کاربردها؛ نحوه پذیرش: صرفاً با سوابق تحصیلی
1402,ریاضیات و کاربردها / ریاضی محض,دانشگاه اصفهان,,اصفهان,روزانه,روزانه,شرایط خاص,5,زن و مرد,نیمسال اول,شرایط پذیرش در دفترچه »پیوستها«,1402-math-booklet,133,1402-math-booklet,133,کدرشته‌محل منبع: 38821؛ عنوان رشته در منبع: ریاضیات و کاربردها؛ نحوه پذیرش: با آزمون
1402,ریاضیات و کاربردها / ریاضی محض,دانشگاه الزهرا )س( )ویژه خواهران( -تهران,,تهران,روزانه,روزانه,شرایط خاص,4,زن,نیمسال اول,شرایط پذیرش در دفترچه »پیوستها«,1402-math-booklet,133,1402-math-booklet,133,کدرشته‌محل منبع: 38835؛ عنوان رشته در منبع: ریاضیات و کاربردها؛ نحوه پذیرش: با آزمون
1402,ریاضیات و کاربردها / ریاضی محض,دانشگاه تبریز,,آذربایجان شرقی,روزانه,روزانه,شرایط خاص,5,زن و مرد,نیمسال اول,شرایط پذیرش در دفترچه »پیوستها«,1402-math-booklet,133,1402-math-booklet,133,کدرشته‌محل منبع: 38814؛ عنوان رشته در منبع: ریاضیات و کاربردها؛ نحوه پذیرش: با آزمون
1402,ریاضیات و کاربردها / ریاضی محض,دانشگاه صنعتی اصفهان,,اصفهان,روزانه,روزانه,شرایط خاص,5,زن و مرد,نیمسال اول,شرایط پذیرش در دفترچه »پیوستها«,1402-math-booklet,133,1402-math-booklet,133,کدرشته‌محل منبع: 38824؛ عنوان رشته در منبع: ریاضیات و کاربردها؛ نحوه پذیرش: با آزمون
1402,ریاضیات و کاربردها / ریاضی محض,دانشگاه تهران,,تهران,روزانه,روزانه,شرایط خاص,5,زن و مرد,نیمسال اول,شرایط پذیرش در دفترچه »پیوستها«,1402-math-booklet,134,1402-math-booklet,134,کدرشته‌محل منبع: 38838؛ عنوان رشته در منبع: ریاضیات و کاربردها؛ نحوه پذیرش: با آزمون
1402,ریاضیات و کاربردها / ریاضی محض,دانشگاه شهید بهشتی -تهران,,تهران,روزانه,روزانه,شرایط خاص,5,زن و مرد,نیمسال اول,شرایط پذیرش در دفترچه »پیوستها«,1402-math-booklet,134,1402-math-booklet,134,کدرشته‌محل منبع: 38845؛ عنوان رشته در منبع: ریاضیات و کاربردها؛ نحوه پذیرش: با آزمون
1402,ریاضیات و کاربردها / ریاضی محض,دانشگاه صنعتی امیرکبیر -تهران,,تهران,روزانه,روزانه,شرایط خاص,6,زن و مرد,نیمسال اول,شرایط پذیرش در دفترچه »پیوستها«,1402-math-booklet,134,1402-math-booklet,134,کدرشته‌محل منبع: 38849؛ عنوان رشته در منبع: ریاضیات و کاربردها؛ نحوه پذیرش: با آزمون
1402,ریاضیات و کاربردها / ریاضی محض,دانشگاه شیراز,,فارس,روزانه,روزانه,عادی,5,زن و مرد,نیمسال اول,,1402-math-booklet,135,1402-math-booklet,135,کدرشته‌محل منبع: 38877؛ عنوان رشته در منبع: ریاضیات و کاربردها؛ نحوه پذیرش: با آزمون
1402,ریاضیات و کاربردها / ریاضی محض,دانشگاه صنعتی خواجه نصیر الدین طوسی – تهران,,تهران,روزانه,روزانه,شرایط خاص,5,زن و مرد,نیمسال اول,شرایط پذیرش در دفترچه »پیوستها«,1402-math-booklet,135,1402-math-booklet,135,کدرشته‌محل منبع: 38858؛ عنوان رشته در منبع: ریاضیات و کاربردها؛ نحوه پذیرش: با آزمون
1402,ریاضیات و کاربردها / ریاضی محض,دانشگاه صنعتی شریف -تهران,,تهران,روزانه,روزانه,شرایط خاص,5,زن و مرد,نیمسال اول,شرایط پذیرش در دفترچه »پیوستها«,1402-math-booklet,135,1402-math-booklet,135,کدرشته‌محل منبع: 38860؛ عنوان رشته در منبع: ریاضیات و کاربردها؛ نحوه پذیرش: با آزمون
1402,ریاضیات و کاربردها / ریاضی محض,دانشگاه علم و صنعت ایران -تهران,,تهران,روزانه,روزانه,شرایط خاص,5,زن و مرد,نیمسال اول,شرایط پذیرش در دفترچه »پیوستها«,1402-math-booklet,135,1402-math-booklet,135,کدرشته‌محل منبع: 38866؛ عنوان رشته در منبع: ریاضیات و کاربردها؛ نحوه پذیرش: با آزمون
1402,ریاضیات و کاربردها / ریاضی محض,دانشگاه فردوسی مشهد,,خراسان رضوی,روزانه,روزانه,شرایط خاص,5,زن و مرد,نیمسال اول,شرایط پذیرش در دفترچه »پیوستها«,1402-math-booklet,135,1402-math-booklet,135,کدرشته‌محل منبع: 38870؛ عنوان رشته در منبع: ریاضیات و کاربردها؛ نحوه پذیرش: با آزمون
1402,ریاضیات و کاربردها / ریاضی محض,دانشگاه اصفهان,,اصفهان,روزانه,روزانه,عادی,1,زن و مرد,نیمسال اول,,1402-math-booklet,139,1402-math-booklet,139,کدرشته‌محل منبع: 38372؛ عنوان رشته در منبع: ریاضیات و کاربردها؛ نحوه پذیرش: با آزمون
1402,ریاضیات و کاربردها / ریاضی محض,دانشگاه اصفهان,,اصفهان,روزانه,روزانه,عادی,1,زن و مرد,نیمسال اول,-واحد اقتصادی» :مدیران تحلیلگر,1402-math-booklet,139,1402-math-booklet,139,کدرشته‌محل منبع: 38373؛ عنوان رشته در منبع: ریاضیات و کاربردها؛ نحوه پذیرش: با آزمون
1402,ریاضیات و کاربردها / ریاضی محض,دانشگاه ارومیه,,آذربایجان غربی,در جدول ذکر نشده,,شرایط خاص,2,زن و مرد,نیمسال اول,پذیرش ویژه/بومی مطابق جدول ویژه دفترچه,1402-math-booklet,177,1402-math-booklet,177,کدرشته‌محل منبع: 19406؛ عنوان رشته در منبع: ریاضیات و کاربردها
1402,ریاضیات و کاربردها / ریاضی محض,دانشگاه محقق اردبیلی -اردبیل,,اردبیل,در جدول ذکر نشده,,شرایط خاص,1,زن و مرد,نیمسال اول,پذیرش ویژه/بومی مطابق جدول ویژه دفترچه,1402-math-booklet,178,1402-math-booklet,178,کدرشته‌محل منبع: 19422؛ عنوان رشته در منبع: ریاضیات و کاربردها
1402,ریاضیات و کاربردها / ریاضی محض,دانشگاه صنعتی خواجه نصیر الدین طوسی -تهران,,تهران,در جدول ذکر نشده,,شرایط خاص,1,زن و مرد,نیمسال اول,پذیرش ویژه/بومی مطابق جدول ویژه دفترچه,1402-math-booklet,179,1402-math-booklet,179,کدرشته‌محل منبع: 36812؛ عنوان رشته در منبع: ریاضیات و کاربردها؛ نحوه پذیرش: با آزمون
1402,ریاضیات و کاربردها / ریاضی محض,دانشگاه علم و صنعت ایران -تهران,,تهران,در جدول ذکر نشده,,شرایط خاص,1,زن و مرد,نیمسال اول,پذیرش ویژه/بومی مطابق جدول ویژه دفترچه,1402-math-booklet,179,1402-math-booklet,179,کدرشته‌محل منبع: 36813؛ عنوان رشته در منبع: ریاضیات و کاربردها؛ نحوه پذیرش: با آزمون
1402,ریاضیات و کاربردها / ریاضی محض,دانشگاه سلمان فارسی -کازرون,,فارس,در جدول ذکر نشده,,شرایط خاص,1,زن و مرد,نیمسال اول,پذیرش ویژه/بومی مطابق جدول ویژه دفترچه,1402-math-booklet,182,1402-math-booklet,182,کدرشته‌محل منبع: 19455؛ عنوان رشته در منبع: ریاضیات و کاربردها
1402,ریاضیات و کاربردها / ریاضی محض,دانشگاه فسا,,فارس,در جدول ذکر نشده,,شرایط خاص,1,زن و مرد,نیمسال اول,پذیرش ویژه/بومی مطابق جدول ویژه دفترچه,1402-math-booklet,183,1402-math-booklet,183,کدرشته‌محل منبع: 19464؛ عنوان رشته در منبع: ریاضیات و کاربردها
1402,ریاضیات و کاربردها / ریاضی محض,مرکز آموزش عالی اقلید,,فارس,در جدول ذکر نشده,,شرایط خاص,1,زن و مرد,نیمسال اول,پذیرش ویژه/بومی مطابق جدول ویژه دفترچه,1402-math-booklet,183,1402-math-booklet,183,کدرشته‌محل منبع: 19468؛ عنوان رشته در منبع: ریاضیات و کاربردها
1402,ریاضیات و کاربردها / ریاضی محض,دانشگاه جیرفت,,کرمان,در جدول ذکر نشده,,شرایط خاص,1,زن و مرد,نیمسال اول,پذیرش ویژه/بومی مطابق جدول ویژه دفترچه,1402-math-booklet,184,1402-math-booklet,184,کدرشته‌محل منبع: 19471؛ عنوان رشته در منبع: ریاضیات و کاربردها
1402,ریاضیات و کاربردها / ریاضی محض,دانشگاه شهید باهنر کرمان,,کرمان,در جدول ذکر نشده,,شرایط خاص,1,زن و مرد,نیمسال اول,پذیرش ویژه/بومی مطابق جدول ویژه دفترچه,1402-math-booklet,184,1402-math-booklet,184,کدرشته‌محل منبع: 19479؛ عنوان رشته در منبع: ریاضیات و کاربردها
1402,ریاضیات و کاربردها / ریاضی محض,دانشگاه صنعتی سیرجان,,کرمان,در جدول ذکر نشده,,شرایط خاص,1,زن و مرد,نیمسال اول,پذیرش ویژه/بومی مطابق جدول ویژه دفترچه,1402-math-booklet,184,1402-math-booklet,184,کدرشته‌محل منبع: 19488؛ عنوان رشته در منبع: ریاضیات و کاربردها
1402,ریاضیات و کاربردها / ریاضی محض,دانشگاه ولی عصر)عج( رفسنجان,,کرمان,در جدول ذکر نشده,,شرایط خاص,1,زن و مرد,نیمسال اول,پذیرش ویژه/بومی مطابق جدول ویژه دفترچه,1402-math-booklet,184,1402-math-booklet,184,کدرشته‌محل منبع: 19492؛ عنوان رشته در منبع: ریاضیات و کاربردها
1402,ریاضیات و کاربردها / ریاضی محض,مجتمع آموزش عالی بم,,کرمان,در جدول ذکر نشده,,شرایط خاص,1,زن و مرد,نیمسال اول,پذیرش ویژه/بومی مطابق جدول ویژه دفترچه,1402-math-booklet,185,1402-math-booklet,185,کدرشته‌محل منبع: 19504؛ عنوان رشته در منبع: ریاضیات و کاربردها