گروه آزمایشی,رتبه در سهمیه,رشته قبولی,دانشگاه,نوع پذیرش
انسانی,8,روانشناسی,شهید بهشتی تهران,ذکر نشده
انسانی,21,کارشناسی ارشد علوم قضایی,دانشگاه علوم قضایی,ذکر نشده
انسانی,29,حقوق,دانشگاه تهران,ذکر نشده
انسانی,36,مشاوره,دانشگاه تهران,ذکر نشده
انسانی,48,روانشناسی,دانشگاه الزهرا,ذکر نشده
انسانی,54,مدیریت بازرگانی,شهید بهشتی تهران,ذکر نشده
انسانی,57,حقوق,شهید بهشتی تهران,ذکر نشده
انسانی,65,روانشناسی,دانشگاه شیراز,ذکر نشده
انسانی,67,روانشناسی,فردوسی مشهد,ذکر نشده
انسانی,87,کارشناسی ارشد معارف اسلامی و ارشاد فقه و مبانی حقوق اسلامی,دانشگاه جامع امام حسین( ع),ذکر نشده
انسانی,95,روانشناسی,دانشگاه اصفهان,ذکر نشده
انسانی,120,حقوق,عالمه طباطبایی تهران,ذکر نشده
انسانی,129,حسابداری,دانشگاه تهران,ذکر نشده
انسانی,137,حقوق,فردوسی مشهد,ذکر نشده
انسانی,164,حسابداری,شهید بهشتی تهران,ذکر نشده
انسانی,167,مدیریت بازرگانی,دانشگاه اصفهان,ذکر نشده
انسانی,168,حقوق,خوارزمی تهران,ذکر نشده
انسانی,188,روانشناسی,دانشگاه تبریز,ذکر نشده
انسانی,212,مدیریت امور بانکی,دانشگاه تهران,ذکر نشده
انسانی,232,مدیریت مالی,خوارزمی تهران,ذکر نشده
انسانی,237,مدیریت امور گمرکی,دانشگاه تهران,ذکر نشده
انسانی,273,مدیریت صنعتی,شهید بهشتی تهران,ذکر نشده
انسانی,283,حقوق,دانشگاه الزهرا,ذکر نشده
انسانی,307,حقوق,دانشگاه مازندران -بابلسر,ذکر نشده
انسانی,308,حقوق,دانشگاه تبریز,ذکر نشده
انسانی,313,علوم ورزشی,دانشگاه تهران,پذیرش زن
انسانی,342,فقه و مبانی حقوق اسلامی,دانشگاه تهران,ذکر نشده
انسانی,383,حقوق,دانشگاه شیراز,ذکر نشده
انسانی,388,حقوق,دانشگاه کردستان -سنندج,ذکر نشده
انسانی,445,علوم قرآن و حدیث,فردوسی مشهد,ذکر نشده
انسانی,469,حقوق,دانشگاه گیالن -رشت,ذکر نشده
انسانی,490,علوم تربیتی,دانشگاه اصفهان,ذکر نشده
انسانی,491,مشاوره,دانشگاه اصفهان,ذکر نشده
انسانی,508,حقوق,دانشگاه ایالم,ذکر نشده
انسانی,525,حسابداری,خوارزمی تهران,ذکر نشده
انسانی,537,حسابداری,دانشگاه مازندران -بابلسر,ذکر نشده
انسانی,547,حسابداری,دانشگاه اصفهان,ذکر نشده
انسانی,578,زبان و ادبیات عربی,دانشگاه الزهرا,ذکر نشده
انسانی,611,حسابداری,دانشگاه زنجان,ذکر نشده
انسانی,698,حقوق,شهید باهنر کرمان,ذکر نشده
انسانی,708,حقوق,حکیم سبزواری سبزوار,ذکر نشده
انسانی,733,حقوق,دانشگاه کاشان,ذکر نشده
انسانی,744,حقوق,دانشگاه بیرجند,ذکر نشده
انسانی,757,حقوق,بین المللی امام خمینی(ره) - قزوین,ذکر نشده
انسانی,770,علوم تربیتی,فردوسی مشهد,ذکر نشده
انسانی,798,حقوق,دانشگاه یزد,ذکر نشده
انسانی,811,علوم تربیتی,دانشگاه مازندران -بابلسر,ذکر نشده
انسانی,827,مدیریت بازرگانی,فردوسی مشهد,ذکر نشده
انسانی,843,حقوق,دانشگاه شاهد تهران,ذکر نشده
انسانی,846,حقوق,شهید چمران اهواز,ذکر نشده
انسانی,885,روانشناسی,دانشگاه شاهد تهران,ذکر نشده
انسانی,888,روانشناسی,دانشگاه بجنورد,ذکر نشده
انسانی,907,مددکاری اجتماعی,فردوسی مشهد,ذکر نشده
انسانی,1032,اقتصاد,عالمه طباطبایی تهران,ذکر نشده
انسانی,1099,حسابداری,دانشگاه ملی مهارت دختران-دکترشریعتی,نیمسال اول
انسانی,1109,جامعه شناسی,دانشگاه بجنورد,ذکر نشده
انسانی,1123,کارشناسی ارشد معارف اسلامی و حقوق,شهید باهنر کرمان,ذکر نشده
انسانی,1179,حسابداری,صنعتی شاهرود,ذکر نشده
انسانی,1236,حقوق,دانشگاه قم,ذکر نشده
انسانی,1293,روانشناسی,بین المللی امام خمینی(ره) - قزوین,ذکر نشده
انسانی,1317,علوم تربیتی,دانشگاه یزد,ذکر نشده
انسانی,1358,حقوق,محقق اردبیلی اردبیل,ذکر نشده
انسانی,1440,روانشناسی,حضرت معصومه(ع) - (خواهران) قم,ذکر نشده
انسانی,1470,روانشناسی,دانشگاه گیالن -رشت,نوبت دوم
انسانی,1494,علوم تربیتی,دانشگاه بیرجند,ذکر نشده
انسانی,1518,مطالعات خانواده,دانشگاه الزهرا,ذکر نشده
انسانی,1663,مدیریت کسب و کار,بوعلی سینا همدان,ذکر نشده
انسانی,1703,علوم تربیتی,علوم توانبخشی و سلامت اجتماعی تهران,ذکر نشده
انسانی,1703,مدیریت مالی,دانشگاه آیت اهلل بروجردی -بروجرد,ذکر نشده
انسانی,1833,حقوق,دانشگاه آیت اهلل بروجردی -بروجرد,ذکر نشده
انسانی,2124,حقوق,دانشگاه مالیر,ذکر نشده
انسانی,2167,حقوق,دانشگاه مراغه,ذکر نشده
انسانی,2216,حقوق,دانشگاه دامغان,ذکر نشده
انسانی,2329,مددکاری اجتماعی,دانشگاه اصفهان,ذکر نشده
انسانی,2363,حسابداری,دانشگاه هرمزگان -بندرعباس,ذکر نشده
انسانی,2405,فقه و حقوق اسلامی,دانشگاه یزد,ذکر نشده
انسانی,2483,مشاوره,دانشگاه بجنورد,ذکر نشده
انسانی,2497,حسابداری,دانشگاه ملی مهارت دختران -شیراز,نوبت دوم | نیمسال اول
انسانی,2511,حسابداری,دانشگاه ایالم,ذکر نشده
انسانی,2601,فقه و حقوق اسلامی,شهید باهنر کرمان,ذکر نشده
انسانی,2760,حقوق,دانشگاه سمنان,ذکر نشده
انسانی,2807,مدیریت آموزشی با رویکرد آموزش سازمانی,فردوسی مشهد,نوبت دوم
انسانی,2898,مدیریت بازرگانی,دانشگاه یاسوج,ذکر نشده
انسانی,2908,مشاوره,دانشگاه گیالن -رشت,ذکر نشده
انسانی,2960,روانشناسی,الزهرا(س) -تهران(ارومیه),ذکر نشده
انسانی,2977,علوم ورزشی,عالمه طباطبایی تهران,پذیرش زن
انسانی,3031,رشد و پرورش کودکان پیش دبستانی,دانشگاه الزهرا,ذکر نشده
انسانی,3071,علوم تربیتی,محقق اردبیلی اردبیل,ذکر نشده
انسانی,3253,مدیریت آموزشی با رویکرد آموزش سازمانی,دانشگاه اصفهان,نوبت دوم
انسانی,3399,حقوق,دانشگاه یزد( مهریز),ذکر نشده
انسانی,3417,مدیریت بازرگانی,دانشگاه ارومیه,ذکر نشده
انسانی,3448,مشاوره,محقق اردبیلی اردبیل,ذکر نشده
انسانی,3522,حقوق,دانشگاه گنبد,ذکر نشده
انسانی,3586,علوم تربیتی,دانشگاه مالیر,ذکر نشده
انسانی,3629,مشاوره,حضرت معصومه(ع) - (خواهران) قم,ذکر نشده
انسانی,3699,حقوق,دانشگاه میبد,ذکر نشده
انسانی,3776,حسابداری,دانشگاه گیالن -رشت,نوبت دوم
انسانی,3903,علوم تربیتی,دانشگاه زنجان,ذکر نشده
انسانی,4103,حقوق,دانشگاه ولی عصر رفسنجان,ذکر نشده
انسانی,4119,علوم سیاسی,دانشگاه شیراز,ذکر نشده
انسانی,4144,حقوق,الزهرا(س) -تهران(ارومیه),نوبت دوم
انسانی,4198,حسابداری,دانشگاه ملی مهارت دختران -کرج,نوبت دوم | نیمسال دوم
انسانی,4474,زبان و ادبیات فارسی,رازی کرمانشاه,ذکر نشده
انسانی,4535,مدیریت صنعتی,دانشگاه مازندران -بابلسر,ذکر نشده
انسانی,4604,جغرافیا,دانشگاه تهران,ذکر نشده
انسانی,4640,علوم تربیتی,دانشگاه بجنورد,ذکر نشده
انسانی,4663,مدیریت صنعتی,دانشگاه گیالن -رشت,ذکر نشده
انسانی,4702,جامعه شناسی,دانشگاه الزهرا,ذکر نشده
انسانی,4727,تاریخ,فردوسی مشهد,ذکر نشده
انسانی,4784,مدیریت بازرگانی,علوم و فنون دریایی خرمشهر,ذکر نشده
انسانی,5668,مدیریت آموزشی با رویکرد آموزش سازمانی,دانشگاه کردستان -سنندج,ذکر نشده
انسانی,6226,علوم قرآن و حدیث,دانشگاه تهران,ذکر نشده
انسانی,6369,حقوق,غیرانتفاعی رفاه تهران,ذکر نشده
انسانی,7423,حسابداری,دانشگاه ملی مهارت دختران سنندج,ذکر نشده
انسانی,7544,جغرافیا,دانشگاه یاسوج,ذکر نشده
انسانی,7866,علوم قرآن و حدیث,دانشگاه شیراز,ذکر نشده
تجربی,13,دندانپزشکی,علوم پزشکی شهید بهشتی,نیمسال اول
تجربی,16,دندانپزشکی,علوم پزشکی تهران,ذکر نشده
تجربی,18,پزشکی,علوم پزشکی تهران,نیمسال اول
تجربی,30,دندانپزشکی,علوم پزشکی شهید بهشتی,نیمسال دوم
تجربی,58,دندانپزشکی,علوم پزشکی بابل,نیمسال اول
تجربی,72,دندانپزشکی,علوم پزشکی ساری,ذکر نشده
تجربی,82,پزشکی,علوم پزشکی تهران,نیمسال دوم
تجربی,84,دندانپزشکی,علوم پزشکی سمنان,ذکر نشده
تجربی,85,دندانپزشکی,علوم پزشکی زنجان,ذکر نشده
تجربی,90,دندانپزشکی,علوم پزشکی تبریز,نیمسال دوم
تجربی,91,دندانپزشکی,علوم پزشکی ارومیه,ذکر نشده
تجربی,99,دندانپزشکی,علوم پزشکی جندی شاپور اهواز,ذکر نشده
تجربی,116,دندانپزشکی,علوم پزشکی کرمان,ذکر نشده
تجربی,124,دندانپزشکی,علوم پزشکی کرمانشاه,ذکر نشده
تجربی,151,پزشکی,علوم پزشکی شهید بهشتی,نیمسال اول
تجربی,180,دندانپزشکی,علوم پزشکی بیرجند,نیمسال اول | مناطق محروم | بومی
تجربی,183,پزشکی,علوم پزشکی شیراز,نیمسال اول
تجربی,202,پزشکی,علوم پزشکی بوشهر,ذکر نشده
تجربی,225,پزشکی,علوم پزشکی ایران,نیمسال اول
تجربی,225,پزشکی,علوم پزشکی شهید بهشتی,نیمسال دوم
تجربی,233,پزشکی,علوم پزشکی خراسان شمالی -بجنورد,نیمسال اول
تجربی,262,داروسازی,علوم پزشکی رشت-محل تحصیل دانشکده داروسازی,ذکر نشده
تجربی,296,داروسازی,علوم پزشکی مشهد,نیمسال اول
تجربی,329,داروسازی,علوم پزشکی تهران,ذکر نشده
تجربی,368,داروسازی,علوم پزشکی شهید بهشتی,ذکر نشده
تجربی,384,پزشکی,علوم پزشکی ایران,نیمسال دوم
تجربی,404,پزشکی,علوم پزشکی مشهد,نیمسال اول
تجربی,418,پزشکی,علوم پزشکی اصفهان,نیمسال اول
تجربی,475,پزشکی,علوم پزشکی تبریز,نیمسال اول
تجربی,485,پزشکی,علوم پزشکی بابل,نیمسال اول | مناطق محروم | بومی
تجربی,530,پزشکی,علوم پزشکی مشهد,نیمسال دوم
تجربی,536,پزشکی,علوم پزشکی فسا,نیمسال اول
تجربی,550,داروسازی,علوم پزشکی ایران,ذکر نشده
تجربی,582,پزشکی,دانشگاه آزاداسلامی- واحدپزشکی تهران,نیمسال اول
تجربی,591,دندانپزشکی,علوم پزشکی اراک,مناطق محروم | بومی
تجربی,592,پزشکی,علوم پزشکی اصفهان,نیمسال دوم
تجربی,596,فیزیوتراپی,علوم پزشکی شهید بهشتی,ذکر نشده
تجربی,598,داروسازی,علوم پزشکی کرمان,شهریه‌پرداز
تجربی,601,داروسازی,علوم پزشکی اصفهان,ذکر نشده
تجربی,612,پزشکی,علوم پزشکی کرمانشاه,نیمسال دوم
تجربی,626,پزشکی,علوم پزشکی شیراز,نیمسال دوم
تجربی,653,فیزیوتراپی,علوم پزشکی ایران,ذکر نشده
تجربی,703,پزشکی,علوم پزشکی قزوین,نیمسال اول
تجربی,705,داروسازی,علوم پزشکی تهران-محل تحصیل پردیس خودگردان دانشگاه واقع در تهران,شهریه‌پرداز | پردیس خودگردان
تجربی,705,پزشکی,علوم پزشکی یاسوج,نیمسال اول
تجربی,716,داروسازی,علوم پزشکی کرمانشاه,ذکر نشده
تجربی,716,فیزیوتراپی,علوم پزشکی شیراز,ذکر نشده
تجربی,726,پزشکی,علوم پزشکی تبریز,نیمسال دوم
تجربی,736,پزشکی,علوم پزشکی ارومیه,نیمسال اول
تجربی,746,داروسازی,علوم پزشکی تبریز,نیمسال اول
تجربی,804,پزشکی,علوم پزشکی کرمانشاه,نیمسال اول
تجربی,808,پزشکی,علوم پزشکی یزد,نیمسال اول
تجربی,824,پزشکی,دانشگاه آزاداسلامی- واحد ارومیه,ذکر نشده
تجربی,861,پزشکی,علوم پزشکی قم,نیمسال اول
تجربی,879,پزشکی,علوم پزشکی شهرکرد,نیمسال اول
تجربی,917,پزشکی,علوم پزشکی کرمان,نیمسال اول
تجربی,943,داروسازی,علوم پزشکی شیراز,شهریه‌پرداز
تجربی,968,پزشکی,علوم پزشکی تبریز,شهریه‌پرداز | نیمسال دوم
تجربی,1008,پزشکی,علوم پزشکی رشت,نیمسال اول
تجربی,1028,پزشکی,علوم پزشکی سنندج,نیمسال اول
تجربی,1050,پزشکی,علوم پزشکی همدان,نیمسال اول
تجربی,1108,داروسازی,علوم پزشکی جندی شاپور اهواز,ذکر نشده
تجربی,1136,پزشکی,علوم پزشکی بابل,نیمسال اول
تجربی,1141,پزشکی,علوم پزشکی ساری,نیمسال دوم
تجربی,1208,پزشکی,علوم پزشکی فسا,نیمسال دوم
تجربی,1227,داروسازی,علوم پزشکی ساری,ذکر نشده
تجربی,1259,پزشکی,علوم پزشکی ارومیه,نیمسال دوم
تجربی,1259,پزشکی,علوم پزشکی سنندج,شهریه‌پرداز | نیمسال دوم
تجربی,1317,پزشکی,علوم پزشکی رشت,نیمسال دوم
تجربی,1338,پزشکی,علوم پزشکی کاشان,نیمسال اول
تجربی,1355,پزشکی,علوم پزشکی دزفول,نیمسال اول
تجربی,1379,پزشکی,علوم پزشکی مشهد,مناطق محروم | بومی
تجربی,1413,پزشکی,علوم پزشکی شیراز(گراش),ذکر نشده
تجربی,1419,پزشکی,علوم پزشکی زنجان,نیمسال اول
تجربی,1436,دندانپزشکی,علوم پزشکی ارتش تهران,بورس فرماندهی انتظامی(فراجا)
تجربی,1558,پزشکی,علوم پزشکی یزد,نیمسال دوم
تجربی,1599,فیزیوتراپی,علوم پزشکی جندی شاپور اهواز,ذکر نشده
تجربی,1612,پزشکی,علوم پزشکی سبزوار,نیمسال اول
تجربی,1646,پزشکی,علوم پزشکی تبریز(سراب),ذکر نشده
تجربی,1691,داروسازی,علوم پزشکی سمنان,شهریه‌پرداز
تجربی,1698,پزشکی,علوم پزشکی یاسوج,نیمسال دوم
تجربی,1815,پزشکی,علوم پزشکی بابل,نیمسال دوم
تجربی,1860,پزشکی,علوم پزشکی آبادان,نیمسال دوم
تجربی,1872,پزشکی,علوم پزشکی همدان,نیمسال دوم
تجربی,1886,پزشکی,دانشگاه آزاد اسلامی- واحدنجف آباد,نیمسال اول
تجربی,1937,پزشکی,علوم پزشکی شیراز(الرستان),ذکر نشده
تجربی,1955,پزشکی,علوم پزشکی دزفول,نیمسال دوم
تجربی,1973,پزشکی,علوم پزشکی گیالن - رشت(بندرانزلی),شهریه‌پرداز | نیمسال اول
تجربی,1988,پزشکی,علوم پزشکی گرگان,نیمسال اول
تجربی,2002,پزشکی,علوم پزشکی همدان,شهریه‌پرداز | نیمسال دوم
تجربی,2006,پزشکی,علوم پزشکی کرمان,نیمسال دوم
تجربی,2070,داروسازی,دانشگاه آزاداسلامی- واحدپزشکی تهران,خودگردان | نیمسال دوم
تجربی,2076,پزشکی,علوم پزشکی شاهرود,نیمسال اول
تجربی,2097,بینایی سنجی,علوم پزشکی شهید بهشتی,ذکر نشده
تجربی,2113,پزشکی,علوم پزشکی سنندج,نیمسال دوم
تجربی,2220,پزشکی,علوم پزشکی تربت حیدریه,نیمسال اول
تجربی,2227,پزشکی,علوم پزشکی سنندج,شهریه‌پرداز | نیمسال اول
تجربی,2279,پزشکی,علوم پزشکی بوشهر,مناطق محروم | بومی
تجربی,2296,پزشکی,علوم پزشکی گرگان,نیمسال دوم
تجربی,2302,پزشکی,علوم پزشکی اراک,شهریه‌پرداز
تجربی,2309,پزشکی,دانشگاه آزاداسلامی-واحدعلوم پزشکی تبریز,ذکر نشده
تجربی,2372,پرستاری,علوم پزشکی بابل(رامسر),ذکر نشده
تجربی,2373,پزشکی,علوم پزشکی اراک(خمین),ذکر نشده
تجربی,2382,پزشکی,علوم پزشکی رفسنجان,ذکر نشده
تجربی,2390,پزشکی,علوم پزشکی شاهرود,نیمسال دوم
تجربی,2406,پزشکی,علوم پزشکی زاهدان,نیمسال اول
تجربی,2455,پزشکی,علوم پزشکی گرگان-محل تحصیل پردیس خودگردان دانشگاه,شهریه‌پرداز | پردیس خودگردان
تجربی,2533,پزشکی,علوم پزشکی شاهرود,شهریه‌پرداز
تجربی,2576,تکنولوژی پرتوشناسی,علوم پزشکی تهران,ذکر نشده
تجربی,2588,پزشکی,علوم پزشکی همدان,نیمسال دوم | مناطق محروم | بومی
تجربی,2639,پزشکی,علوم پزشکی زاهدان,نیمسال دوم
تجربی,2686,پزشکی,دانشگاه آزاداسلامی- واحدپزشکی تهران,نیمسال دوم
تجربی,2747,پزشکی,دانشگاه آزاداسلامی- واحدپزشکی تهران,خودگردان | نیمسال اول
تجربی,2762,داروسازی,علوم پزشکی ارومیه,مناطق محروم | بومی
تجربی,2771,داروسازی,علوم پزشکی جندی شاپور اهواز,مناطق محروم | بومی
تجربی,2771,پرستاری,علوم پزشکی ایران,نیمسال اول
تجربی,2878,پزشکی,دانشگاه آزاداسلامی-واحدعلوم پزشکی تبریز,خودگردان
تجربی,2945,پزشکی,علوم پزشکی خراسان شمالی -بجنورد,مناطق محروم | بومی
تجربی,2991,پزشکی,علوم پزشکی جندی شاپور اهواز,نیمسال دوم | مناطق محروم | بومی
تجربی,3086,تکنولوژی پرتوشناسی,علوم پزشکی گیالن - رشت(لنگرود),ذکر نشده
تجربی,3183,علوم آزمایشگاهی,علوم پزشکی شیراز,ذکر نشده
تجربی,3221,پرستاری,علوم پزشکی مشهد,نیمسال اول
تجربی,3231,پزشکی,علوم پزشکی ارومیه,مناطق محروم | بومی
تجربی,3281,پزشکی,دانشگاه آزاداسلامی-واحد اردبیل,ذکر نشده
تجربی,3386,پزشکی,علوم پزشکی بیرجند,مناطق محروم | بومی
تجربی,3412,پزشکی,دانشگاه آزاداسلامی- واحدکرمان,ذکر نشده
تجربی,3467,تکنولوژی اتاق عمل,علوم پزشکی شهید بهشتی,شهریه‌پرداز
تجربی,3493,پزشکی,علوم پزشکی ارتش تهران,بورس ارتش(آجا) | پذیرش زن
تجربی,3530,کاردرمانی,علوم توانبخشی وسلامت اجتماعی-تهران,ذکر نشده
تجربی,3562,علوم تغذیه,علوم پزشکی زنجان,ذکر نشده
تجربی,3715,پرستاری,علوم پزشکی تبریز,نیمسال دوم
تجربی,4007,پرستاری,علوم پزشکی تهران,نیمسال اول
تجربی,4024,تکنولوژی پرتوشناسی,علوم پزشکی ارتش تهران,پذیرش زن
تجربی,4072,علوم تغذیه,علوم پزشکی تبریز,ذکر نشده
تجربی,4130,تکنولوژی پرتوشناسی,علوم پزشکی شیراز,شهریه‌پرداز
تجربی,4141,علوم تغذیه,علوم پزشکی و خدمات بهداشتی درمانی مراغه,ذکر نشده
تجربی,4172,تکنولوژی اتاق عمل,علوم پزشکی گیالن - رشت(لنگرود),ذکر نشده
تجربی,4350,پرستاری,علوم پزشکی اردبیل,نیمسال اول
تجربی,4435,پرستاری,علوم پزشکی ایران,نیمسال دوم
تجربی,4442,دکترای عمومی دامپزشکی,دانشگاه آزاداسلامی-واحدعلوم وتحقیقات,ذکر نشده
تجربی,4573,کاردرمانی,علوم پزشکی زنجان,ذکر نشده
تجربی,4886,مامایی,علوم پزشکی ایران,ذکر نشده
تجربی,4906,پرستاری,علوم پزشکی شیراز,نیمسال دوم
تجربی,4985,گفتاردرمانی,علوم پزشکی بابل,ذکر نشده
تجربی,5060,زیست شناسی سلولی مولکولی,شهید بهشتی تهران,ذکر نشده
تجربی,5060,پرستاری,علوم پزشکی سنندج,نیمسال اول
تجربی,5072,مامایی,علوم پزشکی قم,ذکر نشده
تجربی,5092,هوشبری,علوم پزشکی ایران,ذکر نشده
تجربی,5122,تکنولوژی پرتوشناسی,علوم پزشکی شاهرود,ذکر نشده
تجربی,5173,پرستاری,علوم پزشکی ارومیه,نیمسال دوم
تجربی,5204,پرستاری,علوم پزشکی ارتش تهران,بورس ارتش(آجا) | پذیرش زن
تجربی,5243,دکترای عمومی دامپزشکی,دانشگاه آزاداسلامی-واحدکرج,ذکر نشده
تجربی,5335,تکنولوژی اتاق عمل,علوم پزشکی شهید بهشتی,ذکر نشده
تجربی,5447,علوم آزمایشگاهی,علوم پزشکی یزد,ذکر نشده
تجربی,5621,پرستاری,علوم پزشکی یزد,نیمسال اول
تجربی,5629,پرستاری,علوم پزشکی بوشهر,ذکر نشده
تجربی,5684,پرستاری,علوم پزشکی تهران,نیمسال دوم
تجربی,5816,پرستاری,علوم پزشکی اردبیل,نیمسال دوم
تجربی,5851,پرستاری,علوم پزشکی دزفول,نیمسال دوم
تجربی,5882,پرستاری,علوم پزشکی شهید بهشتی,نیمسال اول
تجربی,5981,تکنولوژی اتاق عمل,علوم پزشکی اردبیل,ذکر نشده
تجربی,6105,علوم تغذیه,علوم پزشکی بوشهر,شهریه‌پرداز
تجربی,6158,پرستاری,علوم پزشکی شیراز(داراب),ذکر نشده
تجربی,6208,تکنولوژی اتاق عمل,علوم پزشکی بابل,ذکر نشده
تجربی,6430,پرستاری,علوم پزشکی سمنان,ذکر نشده
تجربی,6517,پرستاری,علوم پزشکی گیالن - رشت(لنگرود),ذکر نشده
تجربی,6544,پرستاری,علوم پزشکی لرستان - خرم آباد(بروجرد),ذکر نشده
تجربی,6561,پرستاری,علوم پزشکی تبریز(بناب),ذکر نشده
تجربی,6653,مهندسی بهداشت حرفه ای و ایمنی کار,علوم پزشکی مشهد,ذکر نشده
تجربی,6762,علوم آزمایشگاهی,علوم پزشکی شیراز(داراب),ذکر نشده
تجربی,7230,پرستاری,علوم پزشکی بیرجند,ذکر نشده
تجربی,7339,پرستاری,علوم پزشکی و خدمات بهداشتی درمانی بهبهان,ذکر نشده
تجربی,7403,پرستاری,علوم پزشکی یزد,نیمسال دوم
تجربی,7428,پرستاری,علوم پزشکی شیراز(فیروزآباد),ذکر نشده
تجربی,7545,پرستاری,علوم پزشکی کرمانشاه,نیمسال دوم
تجربی,7675,هوشبری,علوم پزشکی نیشابور,ذکر نشده
تجربی,7893,مامایی,علوم پزشکی کاشان,ذکر نشده
تجربی,7941,مامایی,علوم پزشکی گیالن - رشت(لنگرود),ذکر نشده
تجربی,7956,تکنولوژی اتاق عمل,علوم پزشکی کاشان,ذکر نشده
تجربی,8153,علوم آزمایشگاهی,علوم پزشکی قم,ذکر نشده
تجربی,8248,تکنولوژی اتاق عمل,علوم پزشکی کرمان,ذکر نشده
تجربی,8264,تکنولوژی پرتودرمانی,علوم پزشکی سنندج,ذکر نشده
تجربی,8326,پرستاری,علوم پزشکی بندر عباس,نیمسال دوم
تجربی,8619,علوم آزمایشگاهی,علوم پزشکی زاهدان,شهریه‌پرداز | نیمسال اول
تجربی,8883,پرستاری,علوم پزشکی رشت,نیمسال دوم
تجربی,8956,پرستاری,علوم پزشکی مشهد(کاشمر),نیمسال اول
تجربی,8958,تکنولوژی اتاق عمل,علوم پزشکی یزد(ابرکوه),ذکر نشده
تجربی,9731,پرستاری,علوم پزشکی ارومیه(میاندواب),ذکر نشده
تجربی,9820,پرستاری,علوم پزشکی کرمان(زرند),ذکر نشده
تجربی,10024,روانشناسی,دانشگاه تبریز,ذکر نشده
تجربی,10107,تکنولوژی اتاق عمل,علوم پزشکی جیرفت,ذکر نشده
تجربی,10146,هوشبری,علوم پزشکی بیرجند,ذکر نشده
تجربی,10218,بهداشت عمومی,علوم پزشکی اصفهان,ذکر نشده
تجربی,10486,پرستاری,علوم پزشکی بندر عباس,نیمسال اول
تجربی,10571,روانشناسی,دانشگاه اصفهان,نوبت دوم
تجربی,10571,علوم آزمایشگاهی,علوم پزشکی زنجان,ذکر نشده
تجربی,11094,فوریت های پزشکی پیش بیمارستانی,علوم پزشکی تهران,ذکر نشده
تجربی,11187,پرستاری,علوم پزشکی قم,نیمسال اول
تجربی,11476,مامایی,علوم پزشکی بندر عباس,شهریه‌پرداز
تجربی,11609,علوم آزمایشگاهی,علوم پزشکی مشهد(کاشمر),نیمسال اول
تجربی,11641,تکنولوژی اتاق عمل,علوم پزشکی و خدمات بهداشتی درمانی گراش,ذکر نشده
تجربی,11679,تکنولوژی اتاق عمل,علوم پزشکی بیرجند(فردوس),ذکر نشده
تجربی,11853,تکنولوژی اتاق عمل,علوم پزشکی بیرجند(قائن),ذکر نشده
تجربی,11864,زیست شناسی سلولی مولکولی,شهید باهنر کرمان,ذکر نشده
تجربی,12454,پرستاری,علوم پزشکی کردستان- سنندج(سقز),ذکر نشده
تجربی,12521,پرستاری,علوم پزشکی سبزوار,نیمسال اول
تجربی,12696,بهداشت عمومی,علوم پزشکی رشت-محل تحصیل دانشکده بهداشت رشت,ذکر نشده
تجربی,12715,بهداشت عمومی,علوم پزشکی همدان,نیمسال دوم
تجربی,12715,علوم آزمایشگاهی,غیرانتفاعی علوم پزشکی وارستگان مشهد,نیمسال اول
تجربی,12812,مامایی,علوم پزشکی زابل,نیمسال دوم
تجربی,13040,مهندسی بهداشت حرفه ای و ایمنی کار,علوم پزشکی تبریز,ذکر نشده
تجربی,13187,علوم آزمایشگاهی,علوم پزشکی و خدمات بهداشتی درمانی مراغه,ذکر نشده
تجربی,13297,حسابداری,دانشگاه قم,پذیرش زن
تجربی,13489,علوم و صنایع غذایی گرایش کنترل کیفی و بهداشتی,علوم پزشکی شهید بهشتی,نیمسال دوم
تجربی,13575,مهندسی بهداشت محیط,علوم پزشکی اصفهان,شهریه‌پرداز
تجربی,13839,بهداشت عمومی,علوم پزشکی قزوین,ذکر نشده
تجربی,14195,مهندسی بهداشت محیط,علوم پزشکی شهید بهشتی,شهریه‌پرداز
تجربی,14272,بهداشت عمومی,علوم پزشکی سراب,ذکر نشده
تجربی,14358,پرستاری,علوم پزشکی اردبیل(مغان),ذکر نشده
تجربی,14469,فوریت های پزشکی پیش بیمارستانی,علوم پزشکی ارومیه(بوکان),ذکر نشده
تجربی,14947,شیمی محض,دانشگاه الزهرا,ذکر نشده
تجربی,15148,پرستاری,علوم پزشکی بوشهر,شهریه‌پرداز
تجربی,15481,شیمی کاربردی,دانشگاه اصفهان,نوبت دوم
تجربی,15748,کاردانی دامپزشکی,دانشگاه فناوریهای نوین آمل,ذکر نشده
تجربی,15768,مهندسی بهداشت محیط,علوم پزشکی اردبیل,ذکر نشده
تجربی,15923,فوریت های پزشکی پیش بیمارستانی,علوم پزشکی اراک(خمین),ذکر نشده
تجربی,16152,زیست شناسی سلولی مولکولی,خلیج فارس بوشهر,ذکر نشده
تجربی,16589,علوم و صنایع غذایی گرایش کنترل کیفی و بهداشتی,علوم پزشکی کرمانشاه,ذکر نشده
تجربی,17449,مهندسی بهداشت محیط,علوم پزشکی قم,ذکر نشده
تجربی,19216,مهندسی بهداشت محیط,علوم پزشکی ساری,ذکر نشده
تجربی,20437,فوریت های پزشکی پیش بیمارستانی,علوم پزشکی و خدمات بهداشتی درمانی خلخال,ذکر نشده
تجربی,20937,مهندسی بهداشت محیط,علوم پزشکی زابل,ذکر نشده
ریاضی,9,مهندسی کامپیوتر,صنعتی شریف,ذکر نشده
ریاضی,23,مهندسی کامپیوتر,دانشگاه تهران,ذکر نشده
ریاضی,45,مهندسی صنایع و سیستم ها,صنعتی شریف,ذکر نشده
ریاضی,68,مهندسی مکانیک,صنعتی شریف,ذکر نشده
ریاضی,142,مهندسی صنایع و سیستم ها,دانشگاه تهران,ذکر نشده
ریاضی,143,مهندسی برق,صنعتی شریف,ذکر نشده
ریاضی,148,مهندسی کامپیوتر,علم و صنعت ایران,ذکر نشده
ریاضی,243,مهندسی کامپیوتر,شهید بهشتی تهران,ذکر نشده
ریاضی,289,مهندسی برق,دانشگاه تهران,ذکر نشده
ریاضی,301,مهندسی برق,صنعتی امیرکبیر,ذکر نشده
ریاضی,303,مهندسی مکانیک,دانشگاه تهران,ذکر نشده
ریاضی,320,مهندسی عمران,صنعتی شریف,ذکر نشده
ریاضی,336,مهندسی کامپیوتر,صنعتی اصفهان,ذکر نشده
ریاضی,433,مهندسی مکانیک,صنعتی امیرکبیر,ذکر نشده
ریاضی,459,مهندسی کامپیوتر,دانشگاه شیراز,ذکر نشده
ریاضی,522,مهندسی مکانیک,علم و صنعت ایران,ذکر نشده
ریاضی,522,مهندسی کامپیوتر,خوارزمی - تهران(کرج),ذکر نشده
ریاضی,577,مهندسی معماری,دانشگاه تهران,ذکر نشده
ریاضی,580,مهندسی صنایع و سیستم ها,خواجه نصیر تهران,نوبت دوم
ریاضی,650,مهندسی برق,علم و صنعت ایران,ذکر نشده
ریاضی,718,مهندسی شیمی,صنعتی شریف,ذکر نشده
ریاضی,729,مهندسی برق,دانشگاه شیراز,ذکر نشده
ریاضی,731,مهندسی کامپیوتر,دانشگاه تبریز,ذکر نشده
ریاضی,754,مهندسی مکانیک,شهید بهشتی تهران-محل تحصیل پردیس شهید عباسپور,ذکر نشده
ریاضی,772,مهندسی عمران,صنعتی امیرکبیر,ذکر نشده
ریاضی,831,مهندسی صنایع و سیستم ها,صنعتی اصفهان,ذکر نشده
ریاضی,832,مهندسی کامپیوتر,دانشگاه اصفهان,ذکر نشده
ریاضی,852,مهندسی برق,علم و صنعت ایران,نوبت دوم
ریاضی,867,مهندسی شیمی,دانشگاه تهران,ذکر نشده
ریاضی,869,مهندسی برق,صنعتی شریف,پردیس خودگردان
ریاضی,875,مهندسی معماری,شهید بهشتی تهران,ذکر نشده
ریاضی,947,مهندسی صنایع و سیستم ها,دانشگاه الزهرا,ذکر نشده
ریاضی,951,مهندسی کامپیوتر,صنعتی شیراز,ذکر نشده
ریاضی,990,مهندسی کامپیوتر,دانشگاه یزد,ذکر نشده
ریاضی,999,مهندسی نفت و انرژی زمین,دانشگاه تهران,ذکر نشده
ریاضی,1070,مهندسی اویونیک,مرکز آموزش هوانوردی و فرودگاهی کشور-تهران,ذکر نشده
ریاضی,1085,مهندسی برق,خواجه نصیر تهران,ذکر نشده
ریاضی,1097,حسابداری,خوارزمی تهران,نوبت دوم
ریاضی,1280,مهندسی برق,صنعتی اصفهان,ذکر نشده
ریاضی,1293,مهندسی پزشکی,صنعتی امیرکبیر,ذکر نشده
ریاضی,1351,مهندسی صنایع و سیستم ها,دانشگاه ارومیه,ذکر نشده
ریاضی,1393,مهندسی وعلم مواد,صنعتی شریف,ذکر نشده
ریاضی,1402,مهندسی عمران,خواجه نصیر تهران,ذکر نشده
ریاضی,1466,مهندسی هوا فضا,خواجه نصیر تهران,ذکر نشده
ریاضی,1470,مهندسی برق,شهید بهشتی تهران-محل تحصیل پردیس شهید عباسپور,ذکر نشده
ریاضی,1569,علوم کامپیوتر,دانشگاه شیراز,ذکر نشده
ریاضی,1711,مهندسی کامپیوتر,صنعتی شاهرود,ذکر نشده
ریاضی,1895,مهندسی معماری,محقق اردبیلی اردبیل,ذکر نشده
ریاضی,2005,مهندسی کامپیوتر,دانشگاه قم,ذکر نشده
ریاضی,2149,بیم سنجی,شهید بهشتی تهران,ذکر نشده
ریاضی,2205,مهندسی شهرسازی,خوارزمی تهران,ذکر نشده
ریاضی,2572,مهندسی برق,دانشگاه جهرم,ذکر نشده
ریاضی,2597,مهندسی برق,رازی کرمانشاه,ذکر نشده
ریاضی,2689,مهندسی نفت و انرژی زمین,صنعت نفت اهواز,ذکر نشده
ریاضی,2729,مهندسی مکانیک,خلیج فارس بوشهر,ذکر نشده
ریاضی,2857,مهندسی برق,صنعتی همدان,ذکر نشده
ریاضی,2894,مهندسی شیمی,دانشگاه یزد,ذکر نشده
ریاضی,3301,مهندسی کامپیوتر,غیرانتفاعی بین المللی اهل بیت علیهم السالم تهران,ذکر نشده
ریاضی,3582,مهندسی دریا,صنعتی امیرکبیر(پردیس بندرعباس),ذکر نشده
ریاضی,3609,مهندسی نفت و انرژی زمین,شهید باهنر کرمان,ذکر نشده
ریاضی,4374,علوم و مهندسی آب,دانشگاه کردستان -سنندج,ذکر نشده
ریاضی,6653,مهندسی بهداشت حرفه ای و ایمنی کار,علوم پزشکی مشهد,ذکر نشده
ریاضی,6758,شیمی کاربردی,شهید بهشتی تهران,ذکر نشده
ریاضی,7351,روانشناسی,خوارزمی - تهران(کرج),نوبت دوم
ریاضی,10024,روانشناسی,دانشگاه تبریز,ذکر نشده
ریاضی,10571,روانشناسی,دانشگاه اصفهان,نوبت دوم
ریاضی,13040,مهندسی بهداشت حرفه ای و ایمنی کار,علوم پزشکی تبریز,ذکر نشده
ریاضی,13297,حسابداری,دانشگاه قم,پذیرش زن
ریاضی,13818,حسابداری,دانشگاه گیالن -رشت,ذکر نشده
ریاضی,14947,شیمی محض,دانشگاه الزهرا,ذکر نشده
ریاضی,15481,شیمی کاربردی,دانشگاه اصفهان,نوبت دوم