سال,گروه آزمایشی,سهمیه,رتبه در سهمیه,رشته قبولی,دانشگاه,نوع پذیرش,شرح خام قبولی,صفحه منبع,ردیف منبع
1404,تجربی,ایثارگران ۵ درصد,13,دندانپزشکی,علوم پزشکی شهید بهشتی,نیمسال اول,دندانپزشکی علوم پزشکی شهید بهشتی-نیمسال اول,4,1
1404,تجربی,ایثارگران ۵ درصد,16,دندانپزشکی,علوم پزشکی تهران,ذکر نشده,دندانپزشکی علوم پزشکی تهران,4,2
1404,تجربی,ایثارگران ۵ درصد,18,پزشکی,علوم پزشکی تهران,نیمسال اول,پزشکی علوم پزشکی تهران-نیمسال اول,1,1
1404,تجربی,ایثارگران ۵ درصد,30,دندانپزشکی,علوم پزشکی شهید بهشتی,نیمسال دوم,دندانپزشکی علوم پزشکی شهید بهشتی-نیمسال دوم,4,3
1404,تجربی,ایثارگران ۵ درصد,58,دندانپزشکی,علوم پزشکی بابل,نیمسال اول,دندانپزشکی علوم پزشکی بابل-نیمسال اول,4,5
1404,تجربی,ایثارگران ۵ درصد,72,دندانپزشکی,علوم پزشکی ساری,ذکر نشده,دندانپزشکی علوم پزشکی ساری,4,7
1404,تجربی,ایثارگران ۵ درصد,82,پزشکی,علوم پزشکی تهران,نیمسال دوم,پزشکی علوم پزشکی تهران-نیمسال دوم,1,2
1404,تجربی,ایثارگران ۵ درصد,84,دندانپزشکی,علوم پزشکی سمنان,ذکر نشده,دندانپزشکی علوم پزشکی سمنان,4,9
1404,تجربی,ایثارگران ۵ درصد,85,دندانپزشکی,علوم پزشکی زنجان,ذکر نشده,دندانپزشکی علوم پزشکی زنجان,4,10
1404,تجربی,ایثارگران ۵ درصد,90,دندانپزشکی,علوم پزشکی تبریز,نیمسال دوم,دندانپزشکی علوم پزشکی تبریز-نیمسال دوم,4,11
1404,تجربی,ایثارگران ۵ درصد,91,دندانپزشکی,علوم پزشکی ارومیه,ذکر نشده,دندانپزشکی علوم پزشکی ارومیه,4,12
1404,تجربی,ایثارگران ۵ درصد,99,دندانپزشکی,علوم پزشکی جندی شاپور اهواز,ذکر نشده,دندانپزشکی علوم پزشکی جندی شاپور اهواز,4,15
1404,تجربی,ایثارگران ۵ درصد,116,دندانپزشکی,علوم پزشکی کرمان,ذکر نشده,دندانپزشکی علوم پزشکی کرمان,4,17
1404,تجربی,ایثارگران ۵ درصد,124,دندانپزشکی,علوم پزشکی کرمانشاه,ذکر نشده,دندانپزشکی علوم پزشکی کرمانشاه,4,19
1404,تجربی,ایثارگران ۵ درصد,151,پزشکی,علوم پزشکی شهید بهشتی,نیمسال اول,پزشکی علوم پزشکی شهید بهشتی-نیمسال اول,1,3
1404,تجربی,ایثارگران ۵ درصد,180,دندانپزشکی,علوم پزشکی بیرجند,نیمسال اول | مناطق محروم | بومی,دندانپزشکی علوم پزشکی بیرجند- بومی خراسان جنوبی -نیمسال اول-مناطق محروم,4,24
1404,تجربی,ایثارگران ۵ درصد,183,پزشکی,علوم پزشکی شیراز,نیمسال اول,پزشکی علوم پزشکی شیراز-نیمسال اول,1,4
1404,تجربی,ایثارگران ۵ درصد,202,پزشکی,علوم پزشکی بوشهر,ذکر نشده,پزشکی علوم پزشکی بوشهر,1,5
1404,تجربی,ایثارگران ۵ درصد,225,پزشکی,علوم پزشکی ایران,نیمسال اول,پزشکی علوم پزشکی ایران-نیمسال اول,1,7
1404,تجربی,ایثارگران ۵ درصد,225,پزشکی,علوم پزشکی شهید بهشتی,نیمسال دوم,پزشکی علوم پزشکی شهید بهشتی-نیمسال دوم,1,6
1404,تجربی,ایثارگران ۵ درصد,233,پزشکی,علوم پزشکی خراسان شمالی -بجنورد,نیمسال اول,پزشکی علوم پزشکی خراسان شمالی -بجنورد-نیمسال اول,1,8
1404,تجربی,ایثارگران ۵ درصد,262,داروسازی,علوم پزشکی رشت-محل تحصیل دانشکده داروسازی,ذکر نشده,داروسازی علوم پزشکی رشت-محل تحصیل دانشکده داروسازی,5,1
1404,تجربی,ایثارگران ۵ درصد,296,داروسازی,علوم پزشکی مشهد,نیمسال اول,داروسازی علوم پزشکی مشهد-نیمسال اول,5,2
1404,تجربی,ایثارگران ۵ درصد,329,داروسازی,علوم پزشکی تهران,ذکر نشده,داروسازی علوم پزشکی تهران,5,3
1404,تجربی,ایثارگران ۵ درصد,368,داروسازی,علوم پزشکی شهید بهشتی,ذکر نشده,داروسازی علوم پزشکی شهید بهشتی,5,4
1404,تجربی,ایثارگران ۵ درصد,384,پزشکی,علوم پزشکی ایران,نیمسال دوم,پزشکی علوم پزشکی ایران-نیمسال دوم,1,10
1404,تجربی,ایثارگران ۵ درصد,404,پزشکی,علوم پزشکی مشهد,نیمسال اول,پزشکی علوم پزشکی مشهد-نیمسال اول,1,12
1404,تجربی,ایثارگران ۵ درصد,418,پزشکی,علوم پزشکی اصفهان,نیمسال اول,پزشکی علوم پزشکی اصفهان-نیمسال اول,1,13
1404,تجربی,ایثارگران ۵ درصد,475,پزشکی,علوم پزشکی تبریز,نیمسال اول,پزشکی علوم پزشکی تبریز-نیمسال اول,1,14
1404,تجربی,ایثارگران ۵ درصد,485,پزشکی,علوم پزشکی بابل,نیمسال اول | مناطق محروم | بومی,پزشکی علوم پزشکی بابل- بومی مازندران -نیمسال اول-مناطق محروم,1,15
1404,تجربی,ایثارگران ۵ درصد,530,پزشکی,علوم پزشکی مشهد,نیمسال دوم,پزشکی علوم پزشکی مشهد-نیمسال دوم,1,16
1404,تجربی,ایثارگران ۵ درصد,536,پزشکی,علوم پزشکی فسا,نیمسال اول,پزشکی علوم پزشکی فسا-نیمسال اول,1,18
1404,تجربی,ایثارگران ۵ درصد,550,داروسازی,علوم پزشکی ایران,ذکر نشده,داروسازی علوم پزشکی ایران,5,6
1404,تجربی,ایثارگران ۵ درصد,582,پزشکی,دانشگاه آزاداسلامی- واحدپزشکی تهران,نیمسال اول,پزشکی دانشگاه آزاداسلامی- واحدپزشکی تهران-نیمسال اول,1,19
1404,تجربی,ایثارگران ۵ درصد,591,دندانپزشکی,علوم پزشکی اراک,مناطق محروم | بومی,دندانپزشکی علوم پزشکی اراک-بومی مرکزی-مناطق محروم,5,33
1404,تجربی,ایثارگران ۵ درصد,592,پزشکی,علوم پزشکی اصفهان,نیمسال دوم,پزشکی علوم پزشکی اصفهان-نیمسال دوم,1,22
1404,تجربی,ایثارگران ۵ درصد,596,فیزیوتراپی,علوم پزشکی شهید بهشتی,ذکر نشده,فیزیوتراپی علوم پزشکی شهید بهشتی,6,1
1404,تجربی,ایثارگران ۵ درصد,598,داروسازی,علوم پزشکی کرمان,شهریه‌پرداز,داروسازی علوم پزشکی کرمان--شهریه پرداز,5,7
1404,تجربی,ایثارگران ۵ درصد,601,داروسازی,علوم پزشکی اصفهان,ذکر نشده,داروسازی علوم پزشکی اصفهان,5,8
1404,تجربی,ایثارگران ۵ درصد,612,پزشکی,علوم پزشکی کرمانشاه,نیمسال دوم,پزشکی علوم پزشکی کرمانشاه-نیمسال دوم,1,23
1404,تجربی,ایثارگران ۵ درصد,626,پزشکی,علوم پزشکی شیراز,نیمسال دوم,پزشکی علوم پزشکی شیراز-نیمسال دوم,1,24
1404,تجربی,ایثارگران ۵ درصد,653,فیزیوتراپی,علوم پزشکی ایران,ذکر نشده,فیزیوتراپی علوم پزشکی ایران,6,3
1404,تجربی,ایثارگران ۵ درصد,703,پزشکی,علوم پزشکی قزوین,نیمسال اول,پزشکی علوم پزشکی قزوین-نیمسال اول,1,28
1404,تجربی,ایثارگران ۵ درصد,705,داروسازی,علوم پزشکی تهران-محل تحصیل پردیس خودگردان دانشگاه واقع در تهران,شهریه‌پرداز | پردیس خودگردان,داروسازی علوم پزشکی تهران-محل تحصیل پردیس خودگردان دانشگاه واقع در تهران-شهریه پرداز,5,11
1404,تجربی,ایثارگران ۵ درصد,705,پزشکی,علوم پزشکی یاسوج,نیمسال اول,پزشکی علوم پزشکی یاسوج-نیمسال اول,1,29
1404,تجربی,ایثارگران ۵ درصد,716,داروسازی,علوم پزشکی کرمانشاه,ذکر نشده,داروسازی علوم پزشکی کرمانشاه,5,12
1404,تجربی,ایثارگران ۵ درصد,716,فیزیوتراپی,علوم پزشکی شیراز,ذکر نشده,فیزیوتراپی علوم پزشکی شیراز,6,4
1404,تجربی,ایثارگران ۵ درصد,726,پزشکی,علوم پزشکی تبریز,نیمسال دوم,پزشکی علوم پزشکی تبریز-نیمسال دوم,1,30
1404,تجربی,ایثارگران ۵ درصد,736,پزشکی,علوم پزشکی ارومیه,نیمسال اول,پزشکی علوم پزشکی ارومیه-نیمسال اول,1,31
1404,تجربی,ایثارگران ۵ درصد,746,داروسازی,علوم پزشکی تبریز,نیمسال اول,داروسازی علوم پزشکی تبریز-نیمسال اول,5,14
1404,تجربی,ایثارگران ۵ درصد,804,پزشکی,علوم پزشکی کرمانشاه,نیمسال اول,پزشکی علوم پزشکی کرمانشاه-نیمسال اول,1,33
1404,تجربی,ایثارگران ۵ درصد,808,پزشکی,علوم پزشکی یزد,نیمسال اول,پزشکی علوم پزشکی یزد-نیمسال اول,1,35
1404,تجربی,ایثارگران ۵ درصد,824,پزشکی,دانشگاه آزاداسلامی- واحد ارومیه,ذکر نشده,پزشکی دانشگاه آزاداسلامی- واحد ارومیه,1,36
1404,تجربی,ایثارگران ۵ درصد,861,پزشکی,علوم پزشکی قم,نیمسال اول,پزشکی علوم پزشکی قم-نیمسال اول,1,38
1404,تجربی,ایثارگران ۵ درصد,879,پزشکی,علوم پزشکی شهرکرد,نیمسال اول,پزشکی علوم پزشکی شهرکرد-نیمسال اول,1,40
1404,تجربی,ایثارگران ۵ درصد,917,پزشکی,علوم پزشکی کرمان,نیمسال اول,پزشکی علوم پزشکی کرمان-نیمسال اول,1,42
1404,تجربی,ایثارگران ۵ درصد,943,داروسازی,علوم پزشکی شیراز,شهریه‌پرداز,داروسازی علوم پزشکی شیراز--شهریه پرداز,5,16
1404,تجربی,ایثارگران ۵ درصد,968,پزشکی,علوم پزشکی تبریز,شهریه‌پرداز | نیمسال دوم,پزشکی علوم پزشکی تبریز-نیمسال دوم-شهریه پرداز,2,45
1404,تجربی,ایثارگران ۵ درصد,1008,پزشکی,علوم پزشکی رشت,نیمسال اول,پزشکی علوم پزشکی رشت-نیمسال اول,2,46
1404,تجربی,ایثارگران ۵ درصد,1028,پزشکی,علوم پزشکی سنندج,نیمسال اول,پزشکی علوم پزشکی سنندج-نیمسال اول,2,47
1404,تجربی,ایثارگران ۵ درصد,1050,پزشکی,علوم پزشکی همدان,نیمسال اول,پزشکی علوم پزشکی همدان-نیمسال اول,2,49
1404,تجربی,ایثارگران ۵ درصد,1108,داروسازی,علوم پزشکی جندی شاپور اهواز,ذکر نشده,داروسازی علوم پزشکی جندی شاپور اهواز,5,18
1404,تجربی,ایثارگران ۵ درصد,1136,پزشکی,علوم پزشکی بابل,نیمسال اول,پزشکی علوم پزشکی بابل-نیمسال اول,2,54
1404,تجربی,ایثارگران ۵ درصد,1141,پزشکی,علوم پزشکی ساری,نیمسال دوم,پزشکی علوم پزشکی ساری-نیمسال دوم,2,55
1404,تجربی,ایثارگران ۵ درصد,1208,پزشکی,علوم پزشکی فسا,نیمسال دوم,پزشکی علوم پزشکی فسا-نیمسال دوم,2,60
1404,تجربی,ایثارگران ۵ درصد,1227,داروسازی,علوم پزشکی ساری,ذکر نشده,داروسازی علوم پزشکی ساری,5,20
1404,تجربی,ایثارگران ۵ درصد,1259,پزشکی,علوم پزشکی ارومیه,نیمسال دوم,پزشکی علوم پزشکی ارومیه-نیمسال دوم,2,65
1404,تجربی,ایثارگران ۵ درصد,1259,پزشکی,علوم پزشکی سنندج,شهریه‌پرداز | نیمسال دوم,پزشکی علوم پزشکی سنندج-نیمسال دوم-شهریه پرداز,2,66
1404,تجربی,ایثارگران ۵ درصد,1317,پزشکی,علوم پزشکی رشت,نیمسال دوم,پزشکی علوم پزشکی رشت-نیمسال دوم,2,70
1404,تجربی,ایثارگران ۵ درصد,1338,پزشکی,علوم پزشکی کاشان,نیمسال اول,پزشکی علوم پزشکی کاشان-نیمسال اول,2,71
1404,تجربی,ایثارگران ۵ درصد,1355,پزشکی,علوم پزشکی دزفول,نیمسال اول,پزشکی علوم پزشکی دزفول-نیمسال اول,2,72
1404,تجربی,ایثارگران ۵ درصد,1379,پزشکی,علوم پزشکی مشهد,مناطق محروم | بومی,پزشکی علوم پزشکی مشهد- بومی خراسان رضوی -دوره تحصیل پزشک قانونی-مناطق محروم,2,73
1404,تجربی,ایثارگران ۵ درصد,1413,پزشکی,علوم پزشکی شیراز(گراش),ذکر نشده,پزشکی علوم پزشکی شیراز(گراش),2,74
1404,تجربی,ایثارگران ۵ درصد,1419,پزشکی,علوم پزشکی زنجان,نیمسال اول,پزشکی علوم پزشکی زنجان-نیمسال اول,2,75
1404,تجربی,ایثارگران ۵ درصد,1436,دندانپزشکی,علوم پزشکی ارتش تهران,بورس فرماندهی انتظامی(فراجا),دندانپزشکی علوم پزشکی ارتش تهران-بورس فرماندهی انتظامی(فراجا),5,35
1404,تجربی,ایثارگران ۵ درصد,1558,پزشکی,علوم پزشکی یزد,نیمسال دوم,پزشکی علوم پزشکی یزد-نیمسال دوم,2,79
1404,تجربی,ایثارگران ۵ درصد,1599,فیزیوتراپی,علوم پزشکی جندی شاپور اهواز,ذکر نشده,فیزیوتراپی علوم پزشکی جندی شاپور اهواز,6,6
1404,تجربی,ایثارگران ۵ درصد,1612,پزشکی,علوم پزشکی سبزوار,نیمسال اول,پزشکی علوم پزشکی سبزوار-نیمسال اول,2,83
1404,تجربی,ایثارگران ۵ درصد,1646,پزشکی,علوم پزشکی تبریز(سراب),ذکر نشده,پزشکی علوم پزشکی تبریز(سراب),2,86
1404,تجربی,ایثارگران ۵ درصد,1691,داروسازی,علوم پزشکی سمنان,شهریه‌پرداز,داروسازی علوم پزشکی سمنان--شهریه پرداز,5,22
1404,تجربی,ایثارگران ۵ درصد,1698,پزشکی,علوم پزشکی یاسوج,نیمسال دوم,پزشکی علوم پزشکی یاسوج-نیمسال دوم,3,89
1404,تجربی,ایثارگران ۵ درصد,1815,پزشکی,علوم پزشکی بابل,نیمسال دوم,پزشکی علوم پزشکی بابل-نیمسال دوم,3,96
1404,تجربی,ایثارگران ۵ درصد,1860,پزشکی,علوم پزشکی آبادان,نیمسال دوم,پزشکی علوم پزشکی آبادان-نیمسال دوم,3,98
1404,تجربی,ایثارگران ۵ درصد,1872,پزشکی,علوم پزشکی همدان,نیمسال دوم,پزشکی علوم پزشکی همدان- نیمسال دوم,3,99
1404,تجربی,ایثارگران ۵ درصد,1886,پزشکی,دانشگاه آزاد اسلامی- واحدنجف آباد,نیمسال اول,پزشکی دانشگاه آزاد اسلامی- واحدنجف آباد-نیمسال اول,3,101
1404,تجربی,ایثارگران ۵ درصد,1937,پزشکی,علوم پزشکی شیراز(الرستان),ذکر نشده,پزشکی علوم پزشکی شیراز(الرستان),3,105
1404,تجربی,ایثارگران ۵ درصد,1955,پزشکی,علوم پزشکی دزفول,نیمسال دوم,پزشکی علوم پزشکی دزفول-نیمسال دوم,3,106
1404,تجربی,ایثارگران ۵ درصد,1973,پزشکی,علوم پزشکی گیالن - رشت(بندرانزلی),شهریه‌پرداز | نیمسال اول,پزشکی علوم پزشکی گیالن - رشت(بندرانزلی) -نیمسال اول-شهریه پرداز,3,107
1404,تجربی,ایثارگران ۵ درصد,1988,پزشکی,علوم پزشکی گرگان,نیمسال اول,پزشکی علوم پزشکی گرگان-نیمسال اول,3,108
1404,تجربی,ایثارگران ۵ درصد,2002,پزشکی,علوم پزشکی همدان,شهریه‌پرداز | نیمسال دوم,پزشکی علوم پزشکی همدان-نیمسال دوم-شهریه پرداز,3,109
1404,تجربی,ایثارگران ۵ درصد,2006,پزشکی,علوم پزشکی کرمان,نیمسال دوم,پزشکی علوم پزشکی کرمان-نیمسال دوم,3,110
1404,تجربی,ایثارگران ۵ درصد,2070,داروسازی,دانشگاه آزاداسلامی- واحدپزشکی تهران,خودگردان | نیمسال دوم,داروسازی دانشگاه آزاداسلامی- واحدپزشکی تهران-نیمسال دوم-خودگردان,5,23
1404,تجربی,ایثارگران ۵ درصد,2076,پزشکی,علوم پزشکی شاهرود,نیمسال اول,پزشکی علوم پزشکی شاهرود-نیمسال اول,3,111
1404,تجربی,ایثارگران ۵ درصد,2097,بینایی سنجی,علوم پزشکی شهید بهشتی,ذکر نشده,بینایی سنجی علوم پزشکی شهید بهشتی,6,1
1404,تجربی,ایثارگران ۵ درصد,2113,پزشکی,علوم پزشکی سنندج,نیمسال دوم,پزشکی علوم پزشکی سنندج-نیمسال دوم,3,113
1404,تجربی,ایثارگران ۵ درصد,2220,پزشکی,علوم پزشکی تربت حیدریه,نیمسال اول,پزشکی علوم پزشکی تربت حیدریه-نیمسال اول,3,116
1404,تجربی,ایثارگران ۵ درصد,2227,پزشکی,علوم پزشکی سنندج,شهریه‌پرداز | نیمسال اول,پزشکی علوم پزشکی سنندج-نیمسال اول-شهریه پرداز,3,117
1404,تجربی,ایثارگران ۵ درصد,2279,پزشکی,علوم پزشکی بوشهر,مناطق محروم | بومی,پزشکی علوم پزشکی بوشهر- بومی استان بوشهر -مدت تحصیل دانشگاه علوم پزشکی بوشهر-مناطق محروم,3,119
1404,تجربی,ایثارگران ۵ درصد,2296,پزشکی,علوم پزشکی گرگان,نیمسال دوم,پزشکی علوم پزشکی گرگان-نیمسال دوم,3,120
1404,تجربی,ایثارگران ۵ درصد,2302,پزشکی,علوم پزشکی اراک,شهریه‌پرداز,پزشکی علوم پزشکی اراک--شهریه پرداز,3,121
1404,تجربی,ایثارگران ۵ درصد,2309,پزشکی,دانشگاه آزاداسلامی-واحدعلوم پزشکی تبریز,ذکر نشده,پزشکی دانشگاه آزاداسلامی-واحدعلوم پزشکی تبریز,3,122
1404,تجربی,ایثارگران ۵ درصد,2372,پرستاری,علوم پزشکی بابل(رامسر),ذکر نشده,پرستاری علوم پزشکی بابل(رامسر),7,2
1404,تجربی,ایثارگران ۵ درصد,2373,پزشکی,علوم پزشکی اراک(خمین),ذکر نشده,پزشکی علوم پزشکی اراک(خمین),3,125
1404,تجربی,ایثارگران ۵ درصد,2382,پزشکی,علوم پزشکی رفسنجان,ذکر نشده,پزشکی علوم پزشکی رفسنجان,3,126
1404,تجربی,ایثارگران ۵ درصد,2390,پزشکی,علوم پزشکی شاهرود,نیمسال دوم,پزشکی علوم پزشکی شاهرود-نیمسال دوم,3,127
1404,تجربی,ایثارگران ۵ درصد,2406,پزشکی,علوم پزشکی زاهدان,نیمسال اول,پزشکی علوم پزشکی زاهدان-نیمسال اول,3,128
1404,تجربی,ایثارگران ۵ درصد,2455,پزشکی,علوم پزشکی گرگان-محل تحصیل پردیس خودگردان دانشگاه,شهریه‌پرداز | پردیس خودگردان,پزشکی علوم پزشکی گرگان-محل تحصیل پردیس خودگردان دانشگاه-شهریه پرداز,3,129
1404,تجربی,ایثارگران ۵ درصد,2533,پزشکی,علوم پزشکی شاهرود,شهریه‌پرداز,پزشکی علوم پزشکی شاهرود--شهریه پرداز,4,133
1404,تجربی,ایثارگران ۵ درصد,2576,تکنولوژی پرتوشناسی,علوم پزشکی تهران,ذکر نشده,تکنولوژی پرتوشناسی علوم پزشکی تهران,6,1
1404,تجربی,ایثارگران ۵ درصد,2588,پزشکی,علوم پزشکی همدان,نیمسال دوم | مناطق محروم | بومی,پزشکی علوم پزشکی همدان- بومی استان همدان -نیمسال دوم-مناطق محروم,4,134
1404,تجربی,ایثارگران ۵ درصد,2639,پزشکی,علوم پزشکی زاهدان,نیمسال دوم,پزشکی علوم پزشکی زاهدان-نیمسال دوم,4,135
1404,تجربی,ایثارگران ۵ درصد,2686,پزشکی,دانشگاه آزاداسلامی- واحدپزشکی تهران,نیمسال دوم,پزشکی دانشگاه آزاداسلامی- واحدپزشکی تهران-نیمسال دوم,4,136
1404,تجربی,ایثارگران ۵ درصد,2747,پزشکی,دانشگاه آزاداسلامی- واحدپزشکی تهران,خودگردان | نیمسال اول,پزشکی دانشگاه آزاداسلامی- واحدپزشکی تهران-نیمسال اول-خودگردان,4,137
1404,تجربی,ایثارگران ۵ درصد,2762,داروسازی,علوم پزشکی ارومیه,مناطق محروم | بومی,داروسازی علوم پزشکی ارومیه- بومی آذربایجان غربی -دوره تحصیل دانشگاه علوم پزشکی ارومیه-مناطق محروم,5,24
1404,تجربی,ایثارگران ۵ درصد,2771,داروسازی,علوم پزشکی جندی شاپور اهواز,مناطق محروم | بومی,داروسازی علوم پزشکی جندی شاپور اهواز- بومی خوزستان -مدت تحصیل دانشکده علوم پزشکی بهبهان-مناطق محروم,5,25
1404,تجربی,ایثارگران ۵ درصد,2771,پرستاری,علوم پزشکی ایران,نیمسال اول,پرستاری علوم پزشکی ایران-نیمسال اول,7,5
1404,تجربی,ایثارگران ۵ درصد,2878,پزشکی,دانشگاه آزاداسلامی-واحدعلوم پزشکی تبریز,خودگردان,پزشکی دانشگاه آزاداسلامی-واحدعلوم پزشکی تبریز--خودگردان,4,138
1404,تجربی,ایثارگران ۵ درصد,2945,پزشکی,علوم پزشکی خراسان شمالی -بجنورد,مناطق محروم | بومی,پزشکی علوم پزشکی خراسان شمالی -بجنورد-بومی خراسان شمالی-مناطق محروم,4,139
1404,تجربی,ایثارگران ۵ درصد,2991,پزشکی,علوم پزشکی جندی شاپور اهواز,نیمسال دوم | مناطق محروم | بومی,پزشکی علوم پزشکی جندی شاپور اهواز- بومی خوزستان -نیمسال دوم-مناطق محروم,4,140
1404,تجربی,ایثارگران ۵ درصد,3086,تکنولوژی پرتوشناسی,علوم پزشکی گیالن - رشت(لنگرود),ذکر نشده,تکنولوژی پرتوشناسی علوم پزشکی گیالن - رشت(لنگرود),6,2
1404,تجربی,ایثارگران ۵ درصد,3183,علوم آزمایشگاهی,علوم پزشکی شیراز,ذکر نشده,علوم آزمایشگاهی علوم پزشکی شیراز,9,3
1404,تجربی,ایثارگران ۵ درصد,3221,پرستاری,علوم پزشکی مشهد,نیمسال اول,پرستاری علوم پزشکی مشهد-نیمسال اول,7,6
1404,تجربی,ایثارگران ۵ درصد,3231,پزشکی,علوم پزشکی ارومیه,مناطق محروم | بومی,پزشکی علوم پزشکی ارومیه- بومی آذربایجان غربی -دوره تحصیل دانشکده علوم پزشکی خوی-مناطق محروم,4,141
1404,تجربی,ایثارگران ۵ درصد,3281,پزشکی,دانشگاه آزاداسلامی-واحد اردبیل,ذکر نشده,پزشکی دانشگاه آزاداسلامی-واحد اردبیل,4,142
1404,تجربی,ایثارگران ۵ درصد,3386,پزشکی,علوم پزشکی بیرجند,مناطق محروم | بومی,پزشکی علوم پزشکی بیرجند- بومی خراسان جنوبی -دوره تحصیل دانشگاه علوم پزشکی بیرجند-مناطق محروم,4,143
1404,تجربی,ایثارگران ۵ درصد,3412,پزشکی,دانشگاه آزاداسلامی- واحدکرمان,ذکر نشده,پزشکی دانشگاه آزاداسلامی- واحدکرمان,4,144
1404,تجربی,ایثارگران ۵ درصد,3467,تکنولوژی اتاق عمل,علوم پزشکی شهید بهشتی,شهریه‌پرداز,تکنولوژی اتاق عمل علوم پزشکی شهید بهشتی--شهریه پرداز,10,2
1404,تجربی,ایثارگران ۵ درصد,3493,پزشکی,علوم پزشکی ارتش تهران,بورس ارتش(آجا) | پذیرش زن,پزشکی علوم پزشکی ارتش تهران- بورس ارتش(آجا) - پذیرش زن,4,145
1404,تجربی,ایثارگران ۵ درصد,3530,کاردرمانی,علوم توانبخشی وسلامت اجتماعی-تهران,ذکر نشده,کاردرمانی علوم توانبخشی وسلامت اجتماعی-تهران,6,1
1404,تجربی,ایثارگران ۵ درصد,3562,علوم تغذیه,علوم پزشکی زنجان,ذکر نشده,علوم تغذیه علوم پزشکی زنجان,6,3
1404,تجربی,ایثارگران ۵ درصد,3715,پرستاری,علوم پزشکی تبریز,نیمسال دوم,پرستاری علوم پزشکی تبریز-نیمسال دوم,7,9
1404,تجربی,ایثارگران ۵ درصد,4007,پرستاری,علوم پزشکی تهران,نیمسال اول,پرستاری علوم پزشکی تهران-نیمسال اول,7,10
1404,تجربی,ایثارگران ۵ درصد,4024,تکنولوژی پرتوشناسی,علوم پزشکی ارتش تهران,پذیرش زن,تکنولوژی پرتوشناسی علوم پزشکی ارتش تهران-پذیرش زن,7,9
1404,تجربی,ایثارگران ۵ درصد,4072,علوم تغذیه,علوم پزشکی تبریز,ذکر نشده,علوم تغذیه علوم پزشکی تبریز,6,4
1404,تجربی,ایثارگران ۵ درصد,4130,تکنولوژی پرتوشناسی,علوم پزشکی شیراز,شهریه‌پرداز,تکنولوژی پرتوشناسی علوم پزشکی شیراز--شهریه پرداز,7,11
1404,تجربی,ایثارگران ۵ درصد,4141,علوم تغذیه,علوم پزشکی و خدمات بهداشتی درمانی مراغه,ذکر نشده,علوم تغذیه علوم پزشکی و خدمات بهداشتی درمانی مراغه,6,5
1404,تجربی,ایثارگران ۵ درصد,4172,تکنولوژی اتاق عمل,علوم پزشکی گیالن - رشت(لنگرود),ذکر نشده,تکنولوژی اتاق عمل علوم پزشکی گیالن - رشت(لنگرود),10,3
1404,تجربی,ایثارگران ۵ درصد,4350,پرستاری,علوم پزشکی اردبیل,نیمسال اول,پرستاری علوم پزشکی اردبیل-نیمسال اول,7,13
1404,تجربی,ایثارگران ۵ درصد,4435,پرستاری,علوم پزشکی ایران,نیمسال دوم,پرستاری علوم پزشکی ایران-نیمسال دوم,7,14
1404,تجربی,ایثارگران ۵ درصد,4442,دکترای عمومی دامپزشکی,دانشگاه آزاداسلامی-واحدعلوم وتحقیقات,ذکر نشده,دکترای عمومی دامپزشکی دانشگاه آزاداسلامی-واحدعلوم وتحقیقات,5,6
1404,تجربی,ایثارگران ۵ درصد,4573,کاردرمانی,علوم پزشکی زنجان,ذکر نشده,کاردرمانی علوم پزشکی زنجان,6,4
1404,تجربی,ایثارگران ۵ درصد,4886,مامایی,علوم پزشکی ایران,ذکر نشده,مامایی علوم پزشکی ایران,7,3
1404,تجربی,ایثارگران ۵ درصد,4906,پرستاری,علوم پزشکی شیراز,نیمسال دوم,پرستاری علوم پزشکی شیراز-نیمسال دوم,8,21
1404,تجربی,ایثارگران ۵ درصد,4985,گفتاردرمانی,علوم پزشکی بابل,ذکر نشده,گفتاردرمانی علوم پزشکی بابل,10,3
1404,تجربی,ایثارگران ۵ درصد,5060,زیست شناسی سلولی مولکولی,شهید بهشتی تهران,ذکر نشده,زیست شناسی سلولی مولکولی شهید بهشتی تهران,10,1
1404,تجربی,ایثارگران ۵ درصد,5060,پرستاری,علوم پزشکی سنندج,نیمسال اول,پرستاری علوم پزشکی سنندج-نیمسال اول,8,23
1404,تجربی,ایثارگران ۵ درصد,5072,مامایی,علوم پزشکی قم,ذکر نشده,مامایی علوم پزشکی قم,7,4
1404,تجربی,ایثارگران ۵ درصد,5092,هوشبری,علوم پزشکی ایران,ذکر نشده,هوشبری علوم پزشکی ایران,10,2
1404,تجربی,ایثارگران ۵ درصد,5122,تکنولوژی پرتوشناسی,علوم پزشکی شاهرود,ذکر نشده,تکنولوژی پرتوشناسی علوم پزشکی شاهرود,7,14
1404,تجربی,ایثارگران ۵ درصد,5173,پرستاری,علوم پزشکی ارومیه,نیمسال دوم,پرستاری علوم پزشکی ارومیه-نیمسال دوم,8,25
1404,تجربی,ایثارگران ۵ درصد,5204,پرستاری,علوم پزشکی ارتش تهران,بورس ارتش(آجا) | پذیرش زن,پرستاری علوم پزشکی ارتش تهران- بورس ارتش(آجا) - پذیرش زن,8,26
1404,تجربی,ایثارگران ۵ درصد,5243,دکترای عمومی دامپزشکی,دانشگاه آزاداسلامی-واحدکرج,ذکر نشده,دکترای عمومی دامپزشکی دانشگاه آزاداسلامی-واحدکرج,6,10
1404,تجربی,ایثارگران ۵ درصد,5335,تکنولوژی اتاق عمل,علوم پزشکی شهید بهشتی,ذکر نشده,تکنولوژی اتاق عمل علوم پزشکی شهید بهشتی,10,6
1404,تجربی,ایثارگران ۵ درصد,5447,علوم آزمایشگاهی,علوم پزشکی یزد,ذکر نشده,علوم آزمایشگاهی علوم پزشکی یزد,9,6
1404,تجربی,ایثارگران ۵ درصد,5621,پرستاری,علوم پزشکی یزد,نیمسال اول,پرستاری علوم پزشکی یزد-نیمسال اول,8,29
1404,تجربی,ایثارگران ۵ درصد,5629,پرستاری,علوم پزشکی بوشهر,ذکر نشده,پرستاری علوم پزشکی بوشهر,8,30
1404,تجربی,ایثارگران ۵ درصد,5684,پرستاری,علوم پزشکی تهران,نیمسال دوم,پرستاری علوم پزشکی تهران-نیمسال دوم,8,31
1404,تجربی,ایثارگران ۵ درصد,5816,پرستاری,علوم پزشکی اردبیل,نیمسال دوم,پرستاری علوم پزشکی اردبیل-نیمسال دوم,8,32
1404,تجربی,ایثارگران ۵ درصد,5851,پرستاری,علوم پزشکی دزفول,نیمسال دوم,پرستاری علوم پزشکی دزفول-نیمسال دوم,8,33
1404,تجربی,ایثارگران ۵ درصد,5882,پرستاری,علوم پزشکی شهید بهشتی,نیمسال اول,پرستاری علوم پزشکی شهید بهشتی-نیمسال اول,8,35
1404,تجربی,ایثارگران ۵ درصد,5981,تکنولوژی اتاق عمل,علوم پزشکی اردبیل,ذکر نشده,تکنولوژی اتاق عمل علوم پزشکی اردبیل,10,7
1404,تجربی,ایثارگران ۵ درصد,6105,علوم تغذیه,علوم پزشکی بوشهر,شهریه‌پرداز,علوم تغذیه علوم پزشکی بوشهر--شهریه پرداز,6,7
1404,تجربی,ایثارگران ۵ درصد,6158,پرستاری,علوم پزشکی شیراز(داراب),ذکر نشده,پرستاری علوم پزشکی شیراز(داراب),8,37
1404,تجربی,ایثارگران ۵ درصد,6208,تکنولوژی اتاق عمل,علوم پزشکی بابل,ذکر نشده,تکنولوژی اتاق عمل علوم پزشکی بابل,10,8
1404,تجربی,ایثارگران ۵ درصد,6430,پرستاری,علوم پزشکی سمنان,ذکر نشده,پرستاری علوم پزشکی سمنان,8,38
1404,تجربی,ایثارگران ۵ درصد,6517,پرستاری,علوم پزشکی گیالن - رشت(لنگرود),ذکر نشده,پرستاری علوم پزشکی گیالن - رشت(لنگرود),8,39
1404,تجربی,ایثارگران ۵ درصد,6544,پرستاری,علوم پزشکی لرستان - خرم آباد(بروجرد),ذکر نشده,پرستاری علوم پزشکی لرستان - خرم آباد(بروجرد),8,40
1404,تجربی,ایثارگران ۵ درصد,6561,پرستاری,علوم پزشکی تبریز(بناب),ذکر نشده,پرستاری علوم پزشکی تبریز(بناب),8,41
1404,تجربی,ایثارگران ۵ درصد,6653,مهندسی,بهداشت حرفه ای وایمنی کار علوم پزشکی مشهد,ذکر نشده,مهندسی بهداشت حرفه ای وایمنی کار علوم پزشکی مشهد,11,1
1404,تجربی,ایثارگران ۵ درصد,6762,علوم آزمایشگاهی,علوم پزشکی شیراز(داراب),ذکر نشده,علوم آزمایشگاهی علوم پزشکی شیراز(داراب),9,7
1404,تجربی,ایثارگران ۵ درصد,7230,پرستاری,علوم پزشکی بیرجند,ذکر نشده,پرستاری علوم پزشکی بیرجند,8,44
1404,تجربی,ایثارگران ۵ درصد,7339,پرستاری,علوم پزشکی و خدمات بهداشتی درمانی بهبهان,ذکر نشده,پرستاری علوم پزشکی و خدمات بهداشتی درمانی بهبهان,8,46
1404,تجربی,ایثارگران ۵ درصد,7403,پرستاری,علوم پزشکی یزد,نیمسال دوم,پرستاری علوم پزشکی یزد-نیمسال دوم,8,49
1404,تجربی,ایثارگران ۵ درصد,7428,پرستاری,علوم پزشکی شیراز(فیروزآباد),ذکر نشده,پرستاری علوم پزشکی شیراز(فیروزآباد),8,50
1404,تجربی,ایثارگران ۵ درصد,7545,پرستاری,علوم پزشکی کرمانشاه,نیمسال دوم,پرستاری علوم پزشکی کرمانشاه-نیمسال دوم,8,52
1404,تجربی,ایثارگران ۵ درصد,7675,هوشبری,علوم پزشکی نیشابور,ذکر نشده,هوشبری علوم پزشکی نیشابور,10,4
1404,تجربی,ایثارگران ۵ درصد,7893,مامایی,علوم پزشکی کاشان,ذکر نشده,مامایی علوم پزشکی کاشان,7,9
1404,تجربی,ایثارگران ۵ درصد,7941,مامایی,علوم پزشکی گیالن - رشت(لنگرود),ذکر نشده,مامایی علوم پزشکی گیالن - رشت(لنگرود),7,10
1404,تجربی,ایثارگران ۵ درصد,7956,تکنولوژی اتاق عمل,علوم پزشکی کاشان,ذکر نشده,تکنولوژی اتاق عمل علوم پزشکی کاشان,10,11
1404,تجربی,ایثارگران ۵ درصد,8153,علوم آزمایشگاهی,علوم پزشکی قم,ذکر نشده,علوم آزمایشگاهی علوم پزشکی قم,9,11
1404,تجربی,ایثارگران ۵ درصد,8248,تکنولوژی اتاق عمل,علوم پزشکی کرمان,ذکر نشده,تکنولوژی اتاق عمل علوم پزشکی کرمان,10,12
1404,تجربی,ایثارگران ۵ درصد,8264,تکنولوژی پرتودرمانی,علوم پزشکی سنندج,ذکر نشده,تکنولوژی پرتودرمانی علوم پزشکی سنندج,7,15
1404,تجربی,ایثارگران ۵ درصد,8326,پرستاری,علوم پزشکی بندر عباس,نیمسال دوم,پرستاری علوم پزشکی بندر عباس-نیمسال دوم,8,58
1404,تجربی,ایثارگران ۵ درصد,8619,علوم آزمایشگاهی,علوم پزشکی زاهدان,شهریه‌پرداز | نیمسال اول,علوم آزمایشگاهی علوم پزشکی زاهدان-نیمسال اول-شهریه پرداز,9,12
1404,تجربی,ایثارگران ۵ درصد,8883,پرستاری,علوم پزشکی رشت,نیمسال دوم,پرستاری علوم پزشکی رشت-نیمسال دوم,9,63
1404,تجربی,ایثارگران ۵ درصد,8956,پرستاری,علوم پزشکی مشهد(کاشمر),نیمسال اول,پرستاری علوم پزشکی مشهد(کاشمر) -نیمسال اول,9,66
1404,تجربی,ایثارگران ۵ درصد,8958,تکنولوژی اتاق عمل,علوم پزشکی یزد(ابرکوه),ذکر نشده,تکنولوژی اتاق عمل علوم پزشکی یزد(ابرکوه),10,14
1404,تجربی,ایثارگران ۵ درصد,9731,پرستاری,علوم پزشکی ارومیه(میاندواب),ذکر نشده,پرستاری علوم پزشکی ارومیه(میاندواب),9,71
1404,تجربی,ایثارگران ۵ درصد,9820,پرستاری,علوم پزشکی کرمان(زرند),ذکر نشده,پرستاری علوم پزشکی کرمان(زرند),9,72
1404,تجربی,ایثارگران ۵ درصد,10024,روانشناسی,دانشگاه تبریز,ذکر نشده,روانشناسی دانشگاه تبریز,12,2
1404,تجربی,ایثارگران ۵ درصد,10107,تکنولوژی اتاق عمل,علوم پزشکی جیرفت,ذکر نشده,تکنولوژی اتاق عمل علوم پزشکی جیرفت,10,16
1404,تجربی,ایثارگران ۵ درصد,10146,هوشبری,علوم پزشکی بیرجند,ذکر نشده,هوشبری علوم پزشکی بیرجند,10,6
1404,تجربی,ایثارگران ۵ درصد,10218,بهداشت عمومی,علوم پزشکی اصفهان,ذکر نشده,بهداشت عمومی علوم پزشکی اصفهان,11,4
1404,تجربی,ایثارگران ۵ درصد,10486,پرستاری,علوم پزشکی بندر عباس,نیمسال اول,پرستاری علوم پزشکی بندر عباس-نیمسال اول,9,74
1404,تجربی,ایثارگران ۵ درصد,10571,روانشناسی,دانشگاه اصفهان,نوبت دوم,روانشناسی دانشگاه اصفهان--نوبت دوم,12,3
1404,تجربی,ایثارگران ۵ درصد,10571,علوم آزمایشگاهی,علوم پزشکی زنجان,ذکر نشده,علوم آزمایشگاهی علوم پزشکی زنجان,9,14
1404,تجربی,ایثارگران ۵ درصد,11094,فوریت های پزشکی پیش بیمارستانی,علوم پزشکی تهران,ذکر نشده,فوریت های پزشکی پیش بیمارستانی علوم پزشکی تهران,12,1
1404,تجربی,ایثارگران ۵ درصد,11187,پرستاری,علوم پزشکی قم,نیمسال اول,پرستاری علوم پزشکی قم-نیمسال اول,9,75
1404,تجربی,ایثارگران ۵ درصد,11476,مامایی,علوم پزشکی بندر عباس,شهریه‌پرداز,مامایی علوم پزشکی بندر عباس--شهریه پرداز,7,12
1404,تجربی,ایثارگران ۵ درصد,11609,علوم آزمایشگاهی,علوم پزشکی مشهد(کاشمر),نیمسال اول,علوم آزمایشگاهی علوم پزشکی مشهد(کاشمر) -نیمسال اول,9,15
1404,تجربی,ایثارگران ۵ درصد,11641,تکنولوژی اتاق عمل,علوم پزشکی و خدمات بهداشتی درمانی گراش,ذکر نشده,تکنولوژی اتاق عمل علوم پزشکی و خدمات بهداشتی درمانی گراش,10,17
1404,تجربی,ایثارگران ۵ درصد,11679,تکنولوژی اتاق عمل,علوم پزشکی بیرجند(فردوس),ذکر نشده,تکنولوژی اتاق عمل علوم پزشکی بیرجند(فردوس),10,18
1404,تجربی,ایثارگران ۵ درصد,11853,تکنولوژی اتاق عمل,علوم پزشکی بیرجند(قائن),ذکر نشده,تکنولوژی اتاق عمل علوم پزشکی بیرجند(قائن),10,19
1404,تجربی,ایثارگران ۵ درصد,11864,زیست شناسی سلولی مولکولی,شهید باهنر کرمان,ذکر نشده,زیست شناسی سلولی مولکولی شهید باهنر کرمان,10,2
1404,تجربی,ایثارگران ۵ درصد,12454,پرستاری,علوم پزشکی کردستان- سنندج(سقز),ذکر نشده,پرستاری علوم پزشکی کردستان- سنندج(سقز),9,78
1404,تجربی,ایثارگران ۵ درصد,12521,پرستاری,علوم پزشکی سبزوار,نیمسال اول,پرستاری علوم پزشکی سبزوار-نیمسال اول,9,79
1404,تجربی,ایثارگران ۵ درصد,12696,بهداشت عمومی,علوم پزشکی رشت-محل تحصیل دانشکده بهداشت رشت,ذکر نشده,بهداشت عمومی علوم پزشکی رشت-محل تحصیل دانشکده بهداشت رشت,11,6
1404,تجربی,ایثارگران ۵ درصد,12715,بهداشت عمومی,علوم پزشکی همدان,نیمسال دوم,بهداشت عمومی علوم پزشکی همدان-نیمسال دوم,11,7
1404,تجربی,ایثارگران ۵ درصد,12715,علوم آزمایشگاهی,غیرانتفاعی علوم پزشکی وارستگان مشهد,نیمسال اول,علوم آزمایشگاهی غیرانتفاعی علوم پزشکی وارستگان مشهد-نیمسال اول,9,16
1404,تجربی,ایثارگران ۵ درصد,12812,مامایی,علوم پزشکی زابل,نیمسال دوم,مامایی علوم پزشکی زابل-نیمسال دوم,7,13
1404,تجربی,ایثارگران ۵ درصد,13040,مهندسی,بهداشت حرفه ای وایمنی کار علوم پزشکی تبریز,ذکر نشده,مهندسی بهداشت حرفه ای وایمنی کار علوم پزشکی تبریز,11,4
1404,تجربی,ایثارگران ۵ درصد,13187,علوم آزمایشگاهی,علوم پزشکی و خدمات بهداشتی درمانی مراغه,ذکر نشده,علوم آزمایشگاهی علوم پزشکی و خدمات بهداشتی درمانی مراغه,9,17
1404,تجربی,ایثارگران ۵ درصد,13297,حسابداری,دانشگاه قم,پذیرش زن,حسابداری دانشگاه قم-پذیرش زن,12,3
1404,تجربی,ایثارگران ۵ درصد,13489,علوم,وصنایع غذایی گرایش کنترل کیفی وبهداشتی علوم پزشکی شهید بهشتی,نیمسال دوم,علوم وصنایع غذایی گرایش کنترل کیفی وبهداشتی علوم پزشکی شهید بهشتی-نیمسال دوم,11,1
1404,تجربی,ایثارگران ۵ درصد,13575,مهندسی بهداشت محیط,علوم پزشکی اصفهان,شهریه‌پرداز,مهندسی بهداشت محیط علوم پزشکی اصفهان--شهریه پرداز,11,1
1404,تجربی,ایثارگران ۵ درصد,13839,بهداشت عمومی,علوم پزشکی قزوین,ذکر نشده,بهداشت عمومی علوم پزشکی قزوین,11,8
1404,تجربی,ایثارگران ۵ درصد,14195,مهندسی بهداشت محیط,علوم پزشکی شهید بهشتی,شهریه‌پرداز,مهندسی بهداشت محیط علوم پزشکی شهید بهشتی--شهریه پرداز,11,2
1404,تجربی,ایثارگران ۵ درصد,14272,بهداشت عمومی,علوم پزشکی سراب,ذکر نشده,بهداشت عمومی علوم پزشکی سراب,11,9
1404,تجربی,ایثارگران ۵ درصد,14358,پرستاری,علوم پزشکی اردبیل(مغان),ذکر نشده,پرستاری علوم پزشکی اردبیل(مغان),9,81
1404,تجربی,ایثارگران ۵ درصد,14469,فوریت های پزشکی پیش بیمارستانی,علوم پزشکی ارومیه(بوکان),ذکر نشده,فوریت های پزشکی پیش بیمارستانی علوم پزشکی ارومیه(بوکان),12,2
1404,تجربی,ایثارگران ۵ درصد,14947,شیمی محض,دانشگاه الزهرا,ذکر نشده,شیمی محض دانشگاه الزهرا,11,2
1404,تجربی,ایثارگران ۵ درصد,15148,پرستاری,علوم پزشکی بوشهر,شهریه‌پرداز,پرستاری علوم پزشکی بوشهر--شهریه پرداز,9,82
1404,تجربی,ایثارگران ۵ درصد,15481,شیمی کاربردی,دانشگاه اصفهان,نوبت دوم,شیمی کاربردی دانشگاه اصفهان--نوبت دوم,11,3
1404,تجربی,ایثارگران ۵ درصد,15748,کاردانی دامپزشکی,دانشگاه فناوریهای نوین آمل,ذکر نشده,کاردانی دامپزشکی دانشگاه فناوریهای نوین آمل,12,1
1404,تجربی,ایثارگران ۵ درصد,15768,مهندسی بهداشت محیط,علوم پزشکی اردبیل,ذکر نشده,مهندسی بهداشت محیط علوم پزشکی اردبیل,11,3
1404,تجربی,ایثارگران ۵ درصد,15923,فوریت های پزشکی پیش بیمارستانی,علوم پزشکی اراک(خمین),ذکر نشده,فوریت های پزشکی پیش بیمارستانی علوم پزشکی اراک(خمین),12,3
1404,تجربی,ایثارگران ۵ درصد,16152,زیست شناسی سلولی مولکولی,خلیج فارس بوشهر,ذکر نشده,زیست شناسی سلولی مولکولی خلیج فارس بوشهر,10,3
1404,تجربی,ایثارگران ۵ درصد,16589,علوم,وصنایع غذایی گرایش کنترل کیفی وبهداشتی علوم پزشکی کرمانشاه,ذکر نشده,علوم وصنایع غذایی گرایش کنترل کیفی وبهداشتی علوم پزشکی کرمانشاه,11,2
1404,تجربی,ایثارگران ۵ درصد,17449,مهندسی بهداشت محیط,علوم پزشکی قم,ذکر نشده,مهندسی بهداشت محیط علوم پزشکی قم,11,4
1404,تجربی,ایثارگران ۵ درصد,19216,مهندسی بهداشت محیط,علوم پزشکی ساری,ذکر نشده,مهندسی بهداشت محیط علوم پزشکی ساری,11,5
1404,تجربی,ایثارگران ۵ درصد,20437,فوریت های پزشکی پیش بیمارستانی,علوم پزشکی و خدمات بهداشتی درمانی خلخال,ذکر نشده,فوریت های پزشکی پیش بیمارستانی علوم پزشکی و خدمات بهداشتی درمانی خلخال,12,5
1404,تجربی,ایثارگران ۵ درصد,20937,مهندسی بهداشت محیط,علوم پزشکی زابل,ذکر نشده,مهندسی بهداشت محیط علوم پزشکی زابل,11,6