سال,گروه آزمایشی,رتبه کشوری,رتبه در سهمیه,سهمیه,رشته قبولی,دانشگاه قبولی,نوع دوره قبولی
1404,تجربی,,128,منطقه 1,پزشکی,دانشگاه علوم پزشکی شهید بهشتی - تهران,نامشخص
1404,تجربی,,359,منطقه 1,دندانپزشکی,دانشگاه علوم پزشکی مازندران - ساری,نامشخص
1404,تجربی,,669,منطقه 1,پزشکی,دانشگاه علوم پزشکی مشهد,نامشخص
1404,تجربی,,692,منطقه 1,دندانپزشکی,دانشگاه علوم پزشکی مشهد,نامشخص
1404,تجربی,,902,منطقه 1,پزشکی,دانشگاه علوم پزشکی البرز - کرج,نامشخص
1404,تجربی,,914,منطقه 1,پزشکی,دانشگاه علوم پزشکی تبریز,نامشخص
1404,تجربی,,1057,منطقه 1,پزشکی,دانشگاه علوم پزشکی مشهد,نامشخص
1404,تجربی,,1104,منطقه 1,پزشکی,دانشگاه شاهد - تهران,نامشخص
1404,تجربی,,1306,منطقه 1,دندانپزشکی,نامشخص,نامشخص
1404,تجربی,,1386,منطقه 1,پزشکی,دانشگاه علوم پزشکی همدان,نامشخص
1404,تجربی,,1841,منطقه 1,داروسازی,دانشگاه علوم پزشکی بیرجند,نامشخص
1404,تجربی,,1896,منطقه 1,داروسازی,دانشگاه علوم پزشکی تبریز,نامشخص
1404,تجربی,,2257,منطقه 1,پزشکی,دانشگاه علوم پزشکی بیرجند,نامشخص
1404,تجربی,,2280,منطقه 1,پزشکی,دانشگاه علوم پزشکی تبریز,نامشخص
1404,تجربی,,2517,منطقه 1,دندانپزشکی,دانشگاه علوم پزشکی شهید صدوقی یزد,نامشخص
1404,تجربی,,2625,منطقه 1,فیزیوتراپی,دانشگاه علوم پزشکی سمنان,نامشخص
1404,تجربی,,116,منطقه 2,دندانپزشکی,دانشگاه علوم پزشکی شهید صدوقی یزد,نامشخص
1404,تجربی,,198,منطقه 2,پزشکی,دانشگاه علوم پزشکی مشهد,نامشخص
1404,تجربی,,230,منطقه 2,دندانپزشکی,نامشخص,نامشخص
1404,تجربی,,262,منطقه 2,پزشکی,دانشگاه علوم پزشکی شهید بهشتی - تهران,نامشخص
1404,تجربی,,302,منطقه 2,پزشکی,دانشگاه علوم پزشکی بابل,نامشخص
1404,تجربی,,375,منطقه 2,پزشکی,دانشگاه علوم پزشکی ایران,نامشخص
1404,تجربی,,394,منطقه 2,پزشکی,دانشگاه علوم پزشکی شهید بهشتی - تهران,نامشخص
1404,تجربی,,557,منطقه 2,دندانپزشکی,دانشگاه علوم پزشکی جندی شاپور اهواز,نامشخص
1404,تجربی,,623,منطقه 2,دندانپزشکی,دانشگاه علوم پزشکی قم,نامشخص
1404,تجربی,,639,منطقه 2,دندانپزشکی,دانشگاه علوم پزشکی قزوین,نامشخص
1404,تجربی,,639,منطقه 2,دندانپزشکی,دانشگاه علوم پزشکی قزوین,نامشخص
1404,تجربی,,750,منطقه 2,دندانپزشکی,دانشگاه علوم پزشکی جندی شاپور اهواز,نامشخص
1404,تجربی,,760,منطقه 2,دندانپزشکی,دانشگاه علوم پزشکی گلستان - گرگان,نامشخص
1404,تجربی,,801,منطقه 2,دندانپزشکی,دانشگاه علوم پزشکی سمنان,نامشخص
1404,تجربی,,845,منطقه 2,پزشکی,دانشگاه علوم پزشکی اصفهان,نامشخص
1404,تجربی,,848,منطقه 2,پزشکی,دانشگاه علوم پزشکی همدان,نامشخص
1404,تجربی,,855,منطقه 2,دندانپزشکی,دانشگاه علوم پزشکی زنجان,نامشخص
1404,تجربی,,910,منطقه 2,دندانپزشکی,دانشگاه علوم پزشکی جندی شاپور اهواز,نامشخص
1404,تجربی,,928,منطقه 2,دندانپزشکی,دانشگاه علوم پزشکی زاهدان,نامشخص
1404,تجربی,,1061,منطقه 2,دندانپزشکی,دانشگاه علوم پزشکی گیلان - رشت,نامشخص
1404,تجربی,,1093,منطقه 2,فیزیوتراپی,دانشگاه علوم توانبخشی و سلامت اجتماعی - تهران,نامشخص
1404,تجربی,,1095,منطقه 2,داروسازی,دانشگاه علوم پزشکی شهید صدوقی یزد,نامشخص
1404,تجربی,,1146,منطقه 2,پزشکی,دانشگاه علوم پزشکی تبریز,نامشخص
1404,تجربی,,1225,منطقه 2,پزشکی,دانشگاه علوم پزشکی قزوین,نامشخص
1404,تجربی,,1261,منطقه 2,پزشکی,دانشگاه علوم پزشکی مشهد,نامشخص
1404,تجربی,,1267,منطقه 2,پزشکی,دانشگاه علوم پزشکی اصفهان,نامشخص
1404,تجربی,,1287,منطقه 2,پزشکی,دانشگاه علوم پزشکی البرز - کرج,نامشخص
1404,تجربی,,1294,منطقه 2,پزشکی,دانشگاه علوم پزشکی کرمانشاه,نامشخص
1404,تجربی,,1443,منطقه 2,دندانپزشکی,دانشگاه علوم پزشکی جندی شاپور اهواز,نامشخص
1404,تجربی,,1497,منطقه 2,دندانپزشکی,دانشگاه علوم پزشکی سمنان,نامشخص
1404,تجربی,,1611,منطقه 2,داروسازی,دانشگاه علوم پزشکی تبریز,نامشخص
1404,تجربی,,1831,منطقه 2,پزشکی,دانشگاه علوم پزشکی زنجان,نامشخص
1404,تجربی,,1892,منطقه 2,دندانپزشکی,دانشگاه آزاد اسلامی واحد پزشکی تهران,آزاد
1404,تجربی,,1926,منطقه 2,داروسازی,دانشگاه علوم پزشکی البرز - کرج,نامشخص
1404,تجربی,,1939,منطقه 2,پزشکی,دانشگاه علوم پزشکی خراسان شمالی - بجنورد,نامشخص
1404,تجربی,,2018,منطقه 2,پزشکی,دانشگاه علوم پزشکی کرمان,نامشخص
1404,تجربی,,2223,منطقه 2,پزشکی,دانشگاه علوم پزشکی کرمانشاه,نامشخص
1404,تجربی,,2304,منطقه 2,پزشکی,دانشگاه علوم پزشکی گلستان - گرگان,نامشخص
1404,تجربی,,2442,منطقه 2,پزشکی,دانشگاه علوم پزشکی کرمانشاه,نامشخص
1404,تجربی,,2582,منطقه 2,پزشکی,دانشگاه علوم پزشکی کرمانشاه,نامشخص
1404,تجربی,,2761,منطقه 2,داروسازی,دانشگاه علوم پزشکی همدان,نامشخص
1404,تجربی,,40,منطقه 3,دندانپزشکی,نامشخص,نامشخص
1404,تجربی,,90,منطقه 3,دندانپزشکی,دانشگاه علوم پزشکی تبریز,نامشخص
1404,تجربی,,111,منطقه 3,دندانپزشکی,دانشگاه علوم پزشکی شیراز,نامشخص
1404,تجربی,,152,منطقه 3,پزشکی,دانشگاه علوم پزشکی شهید بهشتی - تهران,نامشخص
1404,تجربی,,169,منطقه 3,دندانپزشکی,دانشگاه علوم پزشکی جندی شاپور اهواز,نامشخص
1404,تجربی,,174,منطقه 3,پزشکی,دانشگاه علوم پزشکی ایران,نامشخص
1404,تجربی,,252,منطقه 3,پزشکی,دانشگاه علوم پزشکی ایلام,نامشخص
1404,تجربی,,304,منطقه 3,دندانپزشکی,دانشگاه علوم پزشکی ارومیه,نامشخص
1404,تجربی,,327,منطقه 3,دندانپزشکی,دانشگاه علوم پزشکی کرمانشاه,نامشخص
1404,تجربی,,334,منطقه 3,پزشکی,دانشگاه علوم پزشکی جندی شاپور اهواز,نامشخص
1404,تجربی,,342,منطقه 3,دندانپزشکی,دانشگاه علوم پزشکی ارومیه,نامشخص
1404,تجربی,,350,منطقه 3,دندانپزشکی,دانشگاه علوم پزشکی جندی شاپور اهواز,نامشخص
1404,تجربی,,391,منطقه 3,دندانپزشکی,دانشگاه علوم پزشکی اردبیل,نامشخص
1404,تجربی,,471,منطقه 3,پزشکی,دانشگاه علوم پزشکی تبریز,نامشخص
1404,تجربی,,523,منطقه 3,پزشکی,دانشگاه علوم پزشکی تبریز,نامشخص
1404,تجربی,,528,منطقه 3,پزشکی,دانشگاه علوم پزشکی تبریز,نامشخص
1404,تجربی,,541,منطقه 3,پزشکی,دانشگاه علوم پزشکی تبریز,نامشخص
1404,تجربی,,561,منطقه 3,پزشکی,دانشگاه علوم پزشکی تبریز,نامشخص
1404,تجربی,,572,منطقه 3,پزشکی,دانشگاه علوم پزشکی شهید صدوقی یزد,نامشخص
1404,تجربی,,585,منطقه 3,پزشکی,دانشگاه علوم پزشکی مشهد,نامشخص
1404,تجربی,,622,منطقه 3,پزشکی,دانشگاه علوم پزشکی ایلام,نامشخص
1404,تجربی,,645,منطقه 3,پزشکی,دانشگاه علوم پزشکی همدان,نامشخص
1404,تجربی,,648,منطقه 3,پزشکی,دانشگاه علوم پزشکی ارومیه,نامشخص
1404,تجربی,,658,منطقه 3,پزشکی,دانشگاه علوم پزشکی ارومیه,نامشخص
1404,تجربی,,720,منطقه 3,پزشکی,دانشگاه علوم پزشکی همدان,نامشخص
1404,تجربی,,733,منطقه 3,پزشکی,دانشگاه علوم پزشکی همدان,نامشخص
1404,تجربی,,788,منطقه 3,داروسازی,دانشگاه علوم پزشکی مشهد,نامشخص
1404,تجربی,,845,منطقه 3,داروسازی,دانشگاه علوم پزشکی اصفهان,نامشخص
1404,تجربی,,877,منطقه 3,پزشکی,دانشگاه علوم پزشکی بابل,نامشخص
1404,تجربی,,877,منطقه 3,پزشکی,دانشگاه علوم پزشکی گیلان - رشت,نامشخص
1404,تجربی,,900,منطقه 3,پزشکی,دانشگاه علوم پزشکی ایران,نامشخص
1404,تجربی,,912,منطقه 3,پزشکی,دانشگاه علوم پزشکی کرمان,نامشخص
1404,تجربی,,1036,منطقه 3,پزشکی,دانشگاه علوم پزشکی اردبیل,نامشخص
1404,تجربی,,1047,منطقه 3,پزشکی,دانشگاه علوم پزشکی همدان,نامشخص
1404,تجربی,,1067,منطقه 3,پزشکی,دانشگاه علوم پزشکی گلستان - گرگان,نامشخص
1404,تجربی,,1082,منطقه 3,پزشکی,دانشگاه علوم پزشکی کرمانشاه,نامشخص
1404,تجربی,,1139,منطقه 3,پزشکی,دانشگاه علوم پزشکی شهید صدوقی یزد,نامشخص
1404,تجربی,,1200,منطقه 3,دندانپزشکی,دانشگاه آزاد اسلامی واحد پزشکی تهران,آزاد
1404,تجربی,,1209,منطقه 3,پزشکی,دانشگاه علوم پزشکی گیلان - رشت,نامشخص
1404,تجربی,,1230,منطقه 3,پزشکی,دانشگاه علوم پزشکی زنجان,نامشخص
1404,تجربی,,1252,منطقه 3,پزشکی,دانشگاه علوم پزشکی اراک,نامشخص
1404,تجربی,,1297,منطقه 3,دندانپزشکی,دانشگاه علوم پزشکی شهرکرد,نامشخص
1404,تجربی,,1312,منطقه 3,پزشکی,دانشگاه علوم پزشکی زنجان,نامشخص
1404,تجربی,,1354,منطقه 3,داروسازی,دانشگاه علوم پزشکی ارومیه,نامشخص
1404,تجربی,,1357,منطقه 3,پزشکی,دانشگاه علوم پزشکی کرمانشاه,نامشخص
1404,تجربی,,1387,منطقه 3,پزشکی,دانشگاه علوم پزشکی خراسان شمالی - بجنورد,نامشخص
1404,تجربی,,1404,منطقه 3,پزشکی,دانشگاه علوم پزشکی کرمانشاه,نامشخص
1404,تجربی,,1416,منطقه 3,فیزیوتراپی,دانشگاه علوم توانبخشی و سلامت اجتماعی - تهران,نامشخص
1404,تجربی,,1416,منطقه 3,دندانپزشکی,دانشگاه علوم پزشکی کردستان - سنندج,نامشخص
1404,تجربی,,1471,منطقه 3,پزشکی,دانشگاه علوم پزشکی کردستان - سنندج,نامشخص
1404,تجربی,,1501,منطقه 3,دندانپزشکی,دانشگاه علوم پزشکی بیرجند,نامشخص
1404,تجربی,,1506,منطقه 3,دندانپزشکی,دانشگاه آزاد اسلامی واحد اصفهان (خوراسگان),آزاد
1404,تجربی,,1506,منطقه 3,دندانپزشکی,دانشگاه علوم پزشکی ایلام,نامشخص
1404,تجربی,,1574,منطقه 3,پزشکی,دانشگاه علوم پزشکی قم,نامشخص
1404,تجربی,,1579,منطقه 3,دندانپزشکی,دانشگاه علوم پزشکی جندی شاپور اهواز,نامشخص
1404,تجربی,,1599,منطقه 3,پزشکی,دانشگاه علوم پزشکی مشهد,نامشخص
1404,تجربی,,1807,منطقه 3,پزشکی,دانشگاه علوم پزشکی بقیةالله (عج),نامشخص
1404,تجربی,,1864,منطقه 3,دندانپزشکی,دانشگاه آزاد اسلامی واحد اصفهان (خوراسگان),آزاد
1404,تجربی,,1869,منطقه 3,پزشکی,دانشگاه علوم پزشکی ارومیه,نامشخص
1404,تجربی,,2002,منطقه 3,پزشکی,دانشگاه علوم پزشکی ایلام,نامشخص
1404,تجربی,,2176,منطقه 3,دندانپزشکی,دانشگاه علوم پزشکی ایلام,نامشخص
1404,تجربی,,2272,منطقه 3,پزشکی,دانشگاه علوم پزشکی همدان,نامشخص
1404,تجربی,,2666,منطقه 3,پزشکی,دانشگاه علوم پزشکی بیرجند,نامشخص
1404,تجربی,,2735,منطقه 3,داروسازی,دانشگاه علوم پزشکی مازندران - ساری,نامشخص
1404,تجربی,,2768,منطقه 3,پزشکی,دانشگاه علوم پزشکی ایران,نامشخص
1404,تجربی,,3119,منطقه 3,داروسازی,دانشگاه آزاد اسلامی واحد پزشکی تهران,آزاد
1404,تجربی,,3194,منطقه 3,داروسازی,دانشگاه آزاد اسلامی واحد پزشکی تهران,آزاد
1404,تجربی,,,,پزشکی,دانشگاه علوم پزشکی جندی شاپور اهواز,نامشخص
1404,تجربی,,,,پزشکی,دانشگاه علوم پزشکی شیراز,نامشخص
1404,تجربی,,,,پزشکی,دانشگاه علوم پزشکی قم,نامشخص
1404,تجربی,,1402,منطقه 2,دندانپزشکی,دانشگاه علوم پزشکی تبریز,نامشخص
1404,تجربی,,,,پزشکی,دانشگاه علوم پزشکی اردبیل,نامشخص
1404,تجربی,,,,پزشکی,دانشگاه علوم پزشکی همدان,نامشخص
1404,تجربی,,,,داروسازی,نامشخص,نامشخص
1404,تجربی,,,,فیزیوتراپی,دانشگاه علوم پزشکی ایران,نامشخص
1404,تجربی,,,,پزشکی,دانشگاه علوم پزشکی قزوین,نامشخص
1404,تجربی,,,,پزشکی,دانشگاه علوم پزشکی شهید صدوقی یزد,نامشخص
1404,تجربی,,,,پزشکی,دانشگاه علوم پزشکی جندی شاپور اهواز,نامشخص
1404,تجربی,,,,پزشکی,دانشگاه علوم پزشکی سمنان,نامشخص
1404,تجربی,,,,پزشکی,دانشگاه علوم پزشکی بقیةالله (عج),نامشخص
1404,تجربی,,,,پزشکی,دانشگاه علوم پزشکی ارومیه,نامشخص
1404,تجربی,,,,پزشکی,دانشگاه علوم پزشکی تبریز,نامشخص
1404,تجربی,,,,پزشکی,دانشگاه علوم پزشکی کرمان,نامشخص
1404,تجربی,,,,پزشکی,دانشگاه آزاد اسلامی واحد پزشکی تهران,آزاد
1404,تجربی,,,,پزشکی,دانشگاه علوم پزشکی شهید صدوقی یزد,نامشخص
1404,تجربی,,,,پزشکی,دانشگاه علوم پزشکی زاهدان,نامشخص
1404,تجربی,,,,پزشکی,دانشگاه علوم پزشکی شهید صدوقی یزد,نامشخص
1404,تجربی,,,,فیزیوتراپی,دانشگاه علوم پزشکی کرمانشاه,نامشخص
1404,تجربی,,,,پزشکی,دانشگاه علوم پزشکی سبزوار,نامشخص
1404,تجربی,,,,پزشکی,دانشگاه علوم پزشکی جهرم,نامشخص
1404,تجربی,,,,پزشکی,دانشگاه علوم پزشکی ایلام,نامشخص
1404,تجربی,,,,داروسازی,دانشگاه علوم پزشکی کرمانشاه,نامشخص
1404,تجربی,,,,داروسازی,دانشگاه علوم پزشکی کرمانشاه,نامشخص
1404,تجربی,,,,پزشکی,دانشگاه آزاد اسلامی واحد اصفهان (خوراسگان),آزاد
1404,تجربی,,,,پزشکی,دانشگاه علوم پزشکی خراسان شمالی - بجنورد,نامشخص
1404,تجربی,,,,پزشکی,دانشگاه علوم پزشکی زاهدان,نامشخص
1404,تجربی,,,,پزشکی,دانشگاه آزاد اسلامی واحد پزشکی تهران,آزاد
1404,تجربی,,,,پزشکی,دانشگاه آزاد اسلامی واحد تبریز,آزاد
1404,تجربی,,,,پزشکی,دانشگاه علوم پزشکی تبریز,نامشخص
1404,تجربی,,,,پزشکی,دانشگاه علوم پزشکی گلستان - گرگان,نامشخص
1404,تجربی,,,,پزشکی,دانشگاه علوم پزشکی کرمان,نامشخص
1404,تجربی,,,,پزشکی,دانشگاه علوم پزشکی شاهرود,نامشخص
1404,تجربی,,,,پزشکی,دانشگاه علوم پزشکی سبزوار,نامشخص
1404,تجربی,,,,پزشکی,دانشگاه علوم پزشکی کرمانشاه,نامشخص
1404,تجربی,,,,پزشکی,دانشگاه علوم پزشکی کرمان,نامشخص
1404,تجربی,,,,پزشکی,دانشگاه علوم پزشکی خراسان شمالی - بجنورد,نامشخص
1404,تجربی,,,,پزشکی,دانشگاه علوم پزشکی گناباد,نامشخص
1404,تجربی,,,,پزشکی,نامشخص,نامشخص
1404,تجربی,,,,فیزیوتراپی,دانشگاه علوم پزشکی شهید صدوقی یزد,نامشخص
1404,تجربی,,,,پزشکی,دانشگاه علوم پزشکی همدان,نامشخص
1404,تجربی,,,,پزشکی,دانشگاه علوم پزشکی کرمانشاه,نامشخص
1404,تجربی,,,,فیزیوتراپی,دانشگاه علوم پزشکی ایران,نامشخص
