دسته,نام داوطلب,پیام پذیرش,پیام رتبه,رتبه منطقه,سهمیه,تاریخ پیام,عبارت خام قبولی,وضعیت تطبیق
مستقیم,میترا ایمانی مرنی,61185,61185,1611,منطقه 2,2026-10-01T10:34:01.000Z,داروسازی تبریز,رتبه و قبولی صریحاً در یک پیام آمده
دو‌بخشی,مهشید کرکبودی,61156,47420,2304,منطقه 2,2026-09-30T15:41:01.000Z,پزشکی گرگان,تطبیق نام دقیق با پیام رتبه؛ شناسه پیام رتبه 47420
مستقیم,علیرضا اسمعیل پور,61131,61131,359,منطقه 1,2026-09-30T10:41:01.000Z,دندانپزشکی ساری,رتبه و قبولی صریحاً در یک پیام آمده
دو‌بخشی,مهشاد ناطقی,61084,,,,2026-09-29T15:37:01.000Z,پزشکی گناباد,رتبه صریح برای نام داوطلب در جست‌وجوی پیام‌ها پیدا نشد؛ رتبه خالی
مستقیم,ماردین محمدی,61070,61070,128,منطقه 1,2026-09-29T10:39:01.000Z,پزشکی شهیدبهشتی,رتبه و قبولی صریحاً در یک پیام آمده
دو‌بخشی,فاطیما پیمانی,61033,,,,2026-09-28T15:38:01.000Z,داروسازی کرمانشاه,رتبه صریح برای نام داوطلب در جست‌وجوی پیام‌ها پیدا نشد؛ رتبه خالی
مستقیم,سیده زهرا سیف,61022,61022,262,منطقه 2,2026-09-28T10:38:01.000Z,پزشکی شهیدبهشتی,رتبه و قبولی صریحاً در یک پیام آمده
دو‌بخشی,محدثه میرزائی,60949,,,,2026-09-27T15:37:01.000Z,پزشکی آزاد تبریز,رتبه صریح برای نام داوطلب در جست‌وجوی پیام‌ها پیدا نشد؛ رتبه خالی
مستقیم,نیکا بصیری راد,60929,60929,394,منطقه 2,2026-09-27T10:37:01.000Z,پزشکی شهیدبهشتی,رتبه و قبولی صریحاً در یک پیام آمده
دو‌بخشی,عباس بشارتی,60886,,,,2026-09-26T15:33:01.000Z,فیزیوتراپی کرمانشاه,رتبه صریح برای نام داوطلب در جست‌وجوی پیام‌ها پیدا نشد؛ رتبه خالی
مستقیم,زهرا عاصم آبادی,60868,60868,801,منطقه 2,2026-09-26T10:32:01.000Z,دندانپزشکی سمنان,رتبه و قبولی صریحاً در یک پیام آمده
مستقیم,پدرام میرزائیان,60823,60823,845,منطقه 2,2026-09-25T15:42:01.000Z,پزشکی اصفهان,رتبه و قبولی صریحاً در یک پیام آمده
مستقیم,نیکی زینی وند,60803,60803,350,منطقه 3,2026-09-25T10:42:01.000Z,دندانپزشکی اهواز,رتبه و قبولی صریحاً در یک پیام آمده
مستقیم,یونس آقابیگی,60722,60722,1200,منطقه 3,2026-09-24T15:40:06.000Z,دندانپزشکی آزاد تهران,رتبه و قبولی صریحاً در یک پیام آمده
مستقیم,هلیا پیرایش,60703,60703,1574,منطقه 3,2026-09-24T10:40:12.000Z,پزشکی قم,رتبه و قبولی صریحاً در یک پیام آمده
دو‌بخشی,مبینا کیماسی,60648,45103,1047,منطقه 3,2026-09-23T15:34:01.000Z,پزشکی همدان,تطبیق نام دقیق با پیام رتبه؛ شناسه پیام رتبه 45103
مستقیم,پروین شریعتی,60627,60627,900,منطقه 3,2026-09-23T10:34:01.000Z,پزشکی ایران,رتبه و قبولی صریحاً در یک پیام آمده
دو‌بخشی,شفا حق شناس,60584,,,,2026-09-22T15:39:01.000Z,پزشکی زاهدان,رتبه صریح برای نام داوطلب در جست‌وجوی پیام‌ها پیدا نشد؛ رتبه خالی
مستقیم,کوثر خورشیدی,60580,60580,1807,منطقه 3,2026-09-22T11:10:15.000Z,پزشکی بقیه الله,رتبه و قبولی صریحاً در یک پیام آمده
دو‌بخشی,هلیا جوادی,60555,,,,2026-09-21T15:36:01.000Z,فیزیوتراپی ایران,رتبه صریح برای نام داوطلب در جست‌وجوی پیام‌ها پیدا نشد؛ رتبه خالی
مستقیم,مبینا معقولی,60537,60537,910,منطقه 2,2026-09-21T10:36:01.000Z,دندانپزشکی اهواز,رتبه و قبولی صریحاً در یک پیام آمده
دو‌بخشی,محمدمهدی پناهنده,60519,,,,2026-09-20T15:33:01.000Z,پزشکی سبزوار,رتبه صریح برای نام داوطلب در جست‌وجوی پیام‌ها پیدا نشد؛ رتبه خالی
مستقیم,ریحانه سعادتی,60515,60515,252,منطقه 3,2026-09-20T10:33:01.000Z,پزشکی ایلام,رتبه و قبولی صریحاً در یک پیام آمده
دو‌بخشی,امیررضا اتشکار,60481,,,,2026-09-19T15:31:01.000Z,پزشکی اردبیل,رتبه صریح برای نام داوطلب در جست‌وجوی پیام‌ها پیدا نشد؛ رتبه خالی
مستقیم,ثمین باقرزاده ربطی,60474,60474,342,منطقه 3,2026-09-19T10:31:01.000Z,دندانپزشکی ارومیه,رتبه و قبولی صریحاً در یک پیام آمده
دو‌بخشی,مهلا درویشی,60435,,,,2026-09-18T15:33:01.000Z,پزشکی بم,رتبه صریح برای نام داوطلب در جست‌وجوی پیام‌ها پیدا نشد؛ رتبه خالی
مستقیم,محمدمبین امرائی,60429,60429,174,منطقه 3,2026-09-18T10:36:01.000Z,پزشکی ایران,رتبه و قبولی صریحاً در یک پیام آمده
دو‌بخشی,مهسا کرامتی,60388,,,,2026-09-17T15:35:08.000Z,پزشکی بجنورد,رتبه صریح برای نام داوطلب در جست‌وجوی پیام‌ها پیدا نشد؛ رتبه خالی
مستقیم,شکیلا خالدیان,60374,60374,733,منطقه 3,2026-09-17T10:35:12.000Z,پزشکی همدان,رتبه و قبولی صریحاً در یک پیام آمده
دو‌بخشی,بیتا پارسه,60329,,,,2026-09-16T15:39:01.000Z,داروسازی آمل,رتبه صریح برای نام داوطلب در جست‌وجوی پیام‌ها پیدا نشد؛ رتبه خالی
مستقیم,مرضیه موحدی,60297,60297,557,منطقه 2,2026-09-16T10:39:01.000Z,دندانپزشکی اهواز,رتبه و قبولی صریحاً در یک پیام آمده
دو‌بخشی,محمدامین ستوده,60280,,,,2026-09-15T15:43:01.000Z,پزشکی کرمان,رتبه صریح برای نام داوطلب در جست‌وجوی پیام‌ها پیدا نشد؛ رتبه خالی
مستقیم,فاطمه نوشادی,60276,60276,572,منطقه 3,2026-09-15T10:43:02.000Z,پزشکی یزد,رتبه و قبولی صریحاً در یک پیام آمده
دو‌بخشی,حسین یادگاری,60225,,,,2026-09-14T15:41:01.000Z,پزشکی کرمان,رتبه صریح برای نام داوطلب در جست‌وجوی پیام‌ها پیدا نشد؛ رتبه خالی
مستقیم,فاطمه مولوی,60221,60221,848,منطقه 2,2026-09-14T10:41:01.000Z,پزشکی همدان,رتبه و قبولی صریحاً در یک پیام آمده
دو‌بخشی,آرتین قبادی فر,60190,,,,2026-09-13T15:37:01.000Z,پزشکی جندی شاپور,رتبه صریح برای نام داوطلب در جست‌وجوی پیام‌ها پیدا نشد؛ رتبه خالی
مستقیم,ساینا ثابتی,60187,60187,40,منطقه 3,2026-09-13T10:37:01.000Z,دندانپزشکی تهران,رتبه و قبولی صریحاً در یک پیام آمده
مستقیم,صالح تقوی,60155,60155,1841,منطقه 1,2026-09-12T15:32:01.000Z,داروسازی بیرجند,رتبه و قبولی صریحاً در یک پیام آمده
مستقیم,امیرمحمد غفاری,60151,60151,116,منطقه 2,2026-09-12T10:32:01.000Z,دندانپزشکی یزد,رتبه و قبولی صریحاً در یک پیام آمده
دو‌بخشی,پرنیان کیاحیرتی,60107,,,,2026-09-11T15:34:01.000Z,فیزیوتراپی ایران,رتبه صریح برای نام داوطلب در جست‌وجوی پیام‌ها پیدا نشد؛ رتبه خالی
مستقیم,آرمیتا ولیپور منفرد,60103,60103,750,منطقه 2,2026-09-11T10:34:01.000Z,دندانپزشکی اهواز,رتبه و قبولی صریحاً در یک پیام آمده
مستقیم,فاطمه اسکندری,60063,60063,1939,منطقه 2,2026-09-10T15:46:01.000Z,پزشکی بجنورد,رتبه و قبولی صریحاً در یک پیام آمده
دو‌بخشی,امیررضا مرادبیگی,60059,,,,2026-09-10T10:46:01.000Z,پزشکی همدان,رتبه صریح برای نام داوطلب در جست‌وجوی پیام‌ها پیدا نشد؛ رتبه خالی
دو‌بخشی,مبینا موسوی,60021,46753,2176,منطقه 3,2026-09-09T15:43:01.000Z,دندانپزشکی ایلام,تطبیق نام دقیق با پیام رتبه؛ شناسه پیام رتبه 46753
دو‌بخشی,فاطمه نیکنام,60005,47902,2625,منطقه 1,2026-09-09T10:43:02.000Z,فیزیوتراپی سمنان,تطبیق نام دقیق با پیام رتبه؛ شناسه پیام رتبه 47902
دو‌بخشی,کبری فرناد,59972,,,,2026-09-08T15:40:04.000Z,پزشکی بجنورد,رتبه صریح برای نام داوطلب در جست‌وجوی پیام‌ها پیدا نشد؛ رتبه خالی
دو‌بخشی,نیایش ضیائی,59953,,,,2026-09-08T10:40:10.000Z,پزشکی همدان,رتبه صریح برای نام داوطلب در جست‌وجوی پیام‌ها پیدا نشد؛ رتبه خالی
دو‌بخشی,رضا غیب الله زاده,59914,,,,2026-09-07T15:38:01.000Z,پزشکی ارومیه,رتبه صریح برای نام داوطلب در جست‌وجوی پیام‌ها پیدا نشد؛ رتبه خالی
دو‌بخشی,محمد غفاری,59898,,,,2026-09-07T10:38:02.000Z,پزشکی تبریز,رتبه صریح برای نام داوطلب در جست‌وجوی پیام‌ها پیدا نشد؛ رتبه خالی
دو‌بخشی,آرینا نجفی مهر,59851,,,,2026-09-06T15:34:01.000Z,پزشکی ایلام,رتبه صریح برای نام داوطلب در جست‌وجوی پیام‌ها پیدا نشد؛ رتبه خالی
دو‌بخشی,فاطیما صادقی,59845,,,,2026-09-06T10:34:01.000Z,پزشکی آزاد اصفهان,رتبه صریح برای نام داوطلب در جست‌وجوی پیام‌ها پیدا نشد؛ رتبه خالی
مستقیم,محمدرضا رشیدزاده,59797,59797,1036,منطقه 3,2026-09-05T15:32:01.000Z,پزشکی اردبیل,رتبه و قبولی صریحاً در یک پیام آمده
دو‌بخشی,محمدامین رحمانی,59783,,,,2026-09-05T10:32:06.000Z,پزشکی گرگان,رتبه صریح برای نام داوطلب در جست‌وجوی پیام‌ها پیدا نشد؛ رتبه خالی
دو‌بخشی,نگار حبیب زاده,59733,46918,2761,منطقه 2,2026-09-04T15:38:06.000Z,داروسازی همدان,تطبیق نام دقیق با پیام رتبه؛ شناسه پیام رتبه 46918
دو‌بخشی,ریحانه کریمی,59712,,,,2026-09-04T10:38:06.000Z,پزشکی تبریز,رتبه صریح برای نام داوطلب در جست‌وجوی پیام‌ها پیدا نشد؛ رتبه خالی
مستقیم,ماهان شبگرد,59655,59655,1139,منطقه 3,2026-09-03T15:42:06.000Z,پزشکی یزد,رتبه و قبولی صریحاً در یک پیام آمده
مستقیم,سوگند سلیمی فرد,59635,59635,1404,منطقه 3,2026-09-03T10:41:07.000Z,پزشکی کرمانشاه,رتبه و قبولی صریحاً در یک پیام آمده
دو‌بخشی,پریا بابائی,59586,,,,2026-09-02T15:47:06.000Z,پزشکی قزوین,رتبه صریح برای نام داوطلب در جست‌وجوی پیام‌ها پیدا نشد؛ رتبه خالی
دو‌بخشی,کیانا جدی,59559,,,,2026-09-02T10:47:06.000Z,پزشکی زاهدان,رتبه صریح برای نام داوطلب در جست‌وجوی پیام‌ها پیدا نشد؛ رتبه خالی
دو‌بخشی,مهدی سیستانی,59525,,,,2026-09-01T15:49:06.000Z,پزشکی کرمان,رتبه صریح برای نام داوطلب در جست‌وجوی پیام‌ها پیدا نشد؛ رتبه خالی
دو‌بخشی,حسن حاجیلو,59510,,,,2026-09-01T11:35:12.000Z,پزشکی سمنان,رتبه صریح برای نام داوطلب در جست‌وجوی پیام‌ها پیدا نشد؛ رتبه خالی
دو‌بخشی,اسرا کارگر,59435,46763,2257,منطقه 1,2026-08-31T15:46:06.000Z,پزشکی بیرجند,تطبیق نام دقیق با پیام رتبه؛ شناسه پیام رتبه 46763
دو‌بخشی,الناز جهانگیر,59428,,,,2026-08-31T10:46:06.000Z,پزشکی شیراز,رتبه صریح برای نام داوطلب در جست‌وجوی پیام‌ها پیدا نشد؛ رتبه خالی
دو‌بخشی,امیرسجاد قمری,59390,46903,2517,منطقه 1,2026-08-30T15:48:06.000Z,دندانپزشکی یزد,تطبیق نام دقیق با پیام رتبه؛ شناسه پیام رتبه 46903
دو‌بخشی,علی رستم خانی,59343,,,,2026-08-30T09:51:27.000Z,پزشکی جهرم,رتبه صریح برای نام داوطلب در جست‌وجوی پیام‌ها پیدا نشد؛ رتبه خالی
دو‌بخشی,لاوین صالحی,59309,47748,2272,منطقه 3,2026-08-29T16:15:14.000Z,پزشکی همدان,تطبیق نام دقیق با پیام رتبه؛ شناسه پیام رتبه 47748
دو‌بخشی,سینا مختومی,59286,47266,2735,منطقه 3,2026-08-29T10:43:07.000Z,داروسازی ساری,تطبیق نام دقیق با پیام رتبه؛ شناسه پیام رتبه 47266
دو‌بخشی,لیلا محمودی,59229,,,,2026-08-28T15:36:06.000Z,پزشکی آزاد تهران,رتبه صریح برای نام داوطلب در جست‌وجوی پیام‌ها پیدا نشد؛ رتبه خالی
دو‌بخشی,سروش احمدی,59207,47548,2582,منطقه 2,2026-08-28T10:36:07.000Z,پزشکی کرمانشاه,تطبیق نام دقیق با پیام رتبه؛ شناسه پیام رتبه 47548
مستقیم,سنا عموزاده,59173,59173,645,منطقه 3,2026-08-27T15:48:06.000Z,پزشکی همدان,رتبه و قبولی صریحاً در یک پیام آمده
مستقیم,ملیکا حسینی,59169,59169,1267,منطقه 2,2026-08-27T10:48:06.000Z,پزشکی اصفهان,رتبه و قبولی صریحاً در یک پیام آمده
دو‌بخشی,عرفان رفتار علی آبادی,59141,,,,2026-08-26T15:36:06.000Z,پزشکی سبزوار,رتبه صریح برای نام داوطلب در جست‌وجوی پیام‌ها پیدا نشد؛ رتبه خالی
مستقیم,زهرا سراج الدین,59129,59129,1297,منطقه 3,2026-08-26T10:39:01.000Z,دندانپزشکی شهرکرد,رتبه و قبولی صریحاً در یک پیام آمده
دو‌بخشی,ترنم آزادی,59112,,,,2026-08-25T17:32:13.000Z,پزشکی یزد,رتبه صریح برای نام داوطلب در جست‌وجوی پیام‌ها پیدا نشد؛ رتبه خالی
دو‌بخشی,حسام الدین عباس زاده,59096,,,,2026-08-25T10:31:01.000Z,پزشکی اهواز,رتبه صریح برای نام داوطلب در جست‌وجوی پیام‌ها پیدا نشد؛ رتبه خالی
دو‌بخشی,محمدفاضل رهنی محبوب,59076,47464,2666,منطقه 3,2026-08-24T15:46:06.000Z,پزشکی بیرجند,تطبیق نام دقیق با پیام رتبه؛ شناسه پیام رتبه 47464
دو‌بخشی,شایان عبداللهی,59068,46958,2442,منطقه 2,2026-08-24T10:43:06.000Z,پزشکی کرمانشاه,تطبیق نام دقیق با پیام رتبه؛ شناسه پیام رتبه 46958
دو‌بخشی,زهرا قیاسی,59036,47818,3194,منطقه 3,2026-08-23T15:36:06.000Z,داروسازی آزاد تهران,تطبیق نام دقیق با پیام رتبه؛ شناسه پیام رتبه 47818
دو‌بخشی,مریم احمدی کیا,59025,,,,2026-08-23T10:41:06.000Z,پزشکی کرمانشاه,رتبه صریح برای نام داوطلب در جست‌وجوی پیام‌ها پیدا نشد؛ رتبه خالی
دو‌بخشی,سالینا کیانی,59001,,,,2026-08-22T15:39:06.000Z,پزشکی یزد,رتبه صریح برای نام داوطلب در جست‌وجوی پیام‌ها پیدا نشد؛ رتبه خالی
مستقیم,سبا عربشاهی,58978,58978,1057,منطقه 1,2026-08-22T10:11:48.000Z,پزشکی مشهد,رتبه و قبولی صریحاً در یک پیام آمده
دو‌بخشی,مهیا باقیان,58959,,,,2026-08-21T15:45:09.000Z,فیزیوتراپی یزد,رتبه صریح برای نام داوطلب در جست‌وجوی پیام‌ها پیدا نشد؛ رتبه خالی
دو‌بخشی,ویانا اسماعیلی,58939,47168,2223,منطقه 2,2026-08-21T10:44:06.000Z,پزشکی کرمانشاه,تطبیق نام دقیق با پیام رتبه؛ شناسه پیام رتبه 47168
مستقیم,یسنا کفیلی,58888,58888,523,منطقه 3,2026-08-20T15:37:07.000Z,پزشکی تبریز,رتبه و قبولی صریحاً در یک پیام آمده
دو‌بخشی,حسین عجم اکرامی,58801,,,,2026-08-19T15:33:06.000Z,پزشکی بقیه الله,رتبه صریح برای نام داوطلب در جست‌وجوی پیام‌ها پیدا نشد؛ رتبه خالی
دو‌بخشی,احسان بشیری,58800,,,,2026-08-19T10:38:06.000Z,پزشکی کرمانشاه,رتبه صریح برای نام داوطلب در جست‌وجوی پیام‌ها پیدا نشد؛ رتبه خالی
دو‌بخشی,فاطمه رجب زاده,58776,,,,2026-08-18T15:42:06.000Z,داروسازی کرمانشاه,رتبه صریح برای نام داوطلب در جست‌وجوی پیام‌ها پیدا نشد؛ رتبه خالی
دو‌بخشی,زهرا شهسواری,58755,,,,2026-08-18T10:44:06.000Z,پزشکی آزاد تهران,رتبه صریح برای نام داوطلب در جست‌وجوی پیام‌ها پیدا نشد؛ رتبه خالی
دو‌بخشی,زهرا سرمست,58731,47553,2018,منطقه 2,2026-08-17T15:39:06.000Z,پزشکی کرمان,تطبیق نام دقیق با پیام رتبه؛ شناسه پیام رتبه 47553
دو‌بخشی,امیرحسین افشارلو,58727,,,,2026-08-17T10:48:06.000Z,پزشکی قم,رتبه صریح برای نام داوطلب در جست‌وجوی پیام‌ها پیدا نشد؛ رتبه خالی
دو‌بخشی,شیوا بهنام,58710,,,,2026-08-16T15:41:06.000Z,پزشکی یزد,رتبه صریح برای نام داوطلب در جست‌وجوی پیام‌ها پیدا نشد؛ رتبه خالی
مستقیم,حانیه اکبری نیا,58706,58706,760,منطقه 2,2026-08-16T10:36:07.000Z,دندانپزشکی گرگان,رتبه و قبولی صریحاً در یک پیام آمده
دو‌بخشی,محمدرضا نصرتی,58693,,,,2026-08-15T15:44:06.000Z,پزشکی شاهرود,رتبه صریح برای نام داوطلب در جست‌وجوی پیام‌ها پیدا نشد؛ رتبه خالی
دو‌بخشی,غزال صادقی,58691,46581,2002,منطقه 3,2026-08-15T10:37:06.000Z,پزشکی ایلام,تطبیق نام دقیق با پیام رتبه؛ شناسه پیام رتبه 46581
دو‌بخشی,فاطمه نیکنام,58673,47902,2625,منطقه 1,2026-08-14T15:48:06.000Z,فیزیوتراپی سمنان,تطبیق نام دقیق؛ همان داوطلب پیام 60005؛ شناسه پیام رتبه 47902
مستقیم,آیلین بهرامی,58669,58669,1896,منطقه 1,2026-08-14T10:41:12.000Z,داروسازی تبریز,رتبه و قبولی صریحاً در یک پیام آمده
دو‌بخشی,امیررضا مرادبیگی,58643,,,,2026-08-13T15:40:06.000Z,پزشکی همدان,رتبه صریح برای نام داوطلب در جست‌وجوی پیام‌ها پیدا نشد؛ رتبه خالی
دو‌بخشی,امیررضا جدی حسینی,58640,46832,2768,منطقه 3,2026-08-13T10:40:14.000Z,پزشکی ایران,پیوند رتبه در پیام اصلی؛ شناسه پیام رتبه 46832
مستقیم,محمدجواد فریدونی,58629,58629,1252,منطقه 3,2026-08-12T16:09:59.000Z,پزشکی اراک,رتبه و قبولی صریحاً در یک پیام آمده
مستقیم,فاطمه پورمحمد,58626,58626,648,منطقه 3,2026-08-12T10:43:07.000Z,پزشکی ارومیه,رتبه و قبولی صریحاً در یک پیام آمده
دو‌بخشی,امیرحسین حجاری دولت آباد,58596,,,,2026-08-11T15:53:05.000Z,دندانپزشکی تبریز,رتبه صریح برای نام داوطلب در جست‌وجوی پیام‌ها پیدا نشد؛ رتبه خالی
مستقیم,بنیامین صالحی,58588,58588,1831,منطقه 2,2026-08-11T10:39:07.000Z,پزشکی زنجان,رتبه و قبولی صریحاً در یک پیام آمده
مستقیم,فاطمه مهدی پور,58544,58544,1312,منطقه 3,2026-08-10T10:32:06.000Z,پزشکی زنجان,رتبه و قبولی صریحاً در یک پیام آمده
مستقیم,امیررضا صفرپور الچین,58484,58484,1230,منطقه 3,2026-08-08T15:46:53.000Z,پزشکی زنجان,رتبه و قبولی صریحاً در یک پیام آمده
مستقیم,سامیار چوکلی,58424,58424,658,منطقه 3,2026-08-07T10:55:44.000Z,پزشکی ارومیه,رتبه و قبولی صریحاً در یک پیام آمده
مستقیم,شکیبا عبدی,58062,58062,1506,منطقه 3,2026-07-30T15:32:06.000Z,دندانپزشکی آزاد اصفهان,رتبه و قبولی صریحاً در یک پیام آمده
مستقیم,نسا مرادی,58030,58030,1294,منطقه 2,2026-07-30T09:31:08.000Z,پزشکی کرمانشاه,رتبه و قبولی صریحاً در یک پیام آمده
مستقیم,کیانا معتمدی,57970,57970,1864,منطقه 3,2026-07-29T15:32:57.000Z,دندانپزشکی آزاد اصفهان,رتبه و قبولی صریحاً در یک پیام آمده
مستقیم,فاطمه مهدی پور,57964,57964,1312,منطقه 3,2026-07-29T10:46:07.000Z,پزشکی زنجان,رتبه و قبولی صریحاً در یک پیام آمده
مستقیم,محمدامین رشیدی,57904,57904,1104,منطقه 1,2026-07-28T15:32:42.000Z,پزشکی شاهد تهران,رتبه و قبولی صریحاً در یک پیام آمده
مستقیم,امیرحسین حاجی زاده,57804,57804,1306,منطقه 1,2026-07-27T10:45:13.000Z,دندانپزشکی تهران,رتبه و قبولی صریحاً در یک پیام آمده
مستقیم,روناک میرستاری,57716,57716,1209,منطقه 3,2026-07-26T10:45:12.000Z,پزشکی رشت,رتبه و قبولی صریحاً در یک پیام آمده
مستقیم,پارسا ایلدرآبادی,57652,57652,1261,منطقه 2,2026-07-25T10:45:15.000Z,پزشکی مشهد,رتبه و قبولی صریحاً در یک پیام آمده
مستقیم,کامران حسن زاده,57593,57593,1869,منطقه 3,2026-07-24T10:45:11.000Z,پزشکی ارومیه,رتبه و قبولی صریحاً در یک پیام آمده
مستقیم,تارا غفاری,57431,57431,2280,منطقه 1,2026-07-22T10:45:12.000Z,پزشکی تبریز,رتبه و قبولی صریحاً در یک پیام آمده
مستقیم,امیرحسین رضازاده,57374,57374,1357,منطقه 3,2026-07-21T10:45:09.000Z,پزشکی کرمانشاه,رتبه و قبولی صریحاً در یک پیام آمده
مستقیم,مهدی قنبری,57269,57269,1497,منطقه 2,2026-07-20T10:35:11.000Z,دندانپزشکی سمنان,رتبه و قبولی صریحاً در یک پیام آمده
مستقیم,فروزان فتاحی,57190,57190,1082,منطقه 3,2026-07-19T10:01:06.000Z,پزشکی کرمانشاه,رتبه و قبولی صریحاً در یک پیام آمده
مستقیم,مریم سادات موسوی,57104,57104,1287,منطقه 2,2026-07-18T10:01:25.000Z,پزشکی کرج,رتبه و قبولی صریحاً در یک پیام آمده
مستقیم,میلاد رضیئی,57049,57049,1093,منطقه 2,2026-07-17T10:06:06.000Z,فیزیوتراپی تهران,رتبه و قبولی صریحاً در یک پیام آمده
مستقیم,ماهان چناری,56992,56992,334,منطقه 3,2026-07-16T10:05:12.000Z,پزشکی اهواز,رتبه و قبولی صریحاً در یک پیام آمده
مستقیم,کیمیا جوبانو,56900,56900,1506,منطقه 3,2026-07-15T10:04:06.000Z,دندانپزشکی ایلام,رتبه و قبولی صریحاً در یک پیام آمده
مستقیم,آرش ایمانی,56751,56751,3119,منطقه 3,2026-07-13T10:02:07.000Z,داروسازی آزاد تهران,رتبه و قبولی صریحاً در یک پیام آمده
مستقیم,نیما نیکو,56666,56666,1067,منطقه 3,2026-07-12T10:01:06.000Z,پزشکی گرگان,رتبه و قبولی صریحاً در یک پیام آمده
مستقیم,زهرا نجاتی,56557,56557,327,منطقه 3,2026-07-11T10:04:11.000Z,دندانپزشکی کرمانشاه,رتبه و قبولی صریحاً در یک پیام آمده
مستقیم,آفرین شینی,56499,56499,375,منطقه 2,2026-07-10T11:15:24.000Z,پزشکی ایران,رتبه و قبولی صریحاً در یک پیام آمده
مستقیم,امیررضا خسروزاده,56460,56460,1146,منطقه 2,2026-07-09T10:05:12.000Z,پزشکی تبریز,رتبه و قبولی صریحاً در یک پیام آمده
مستقیم,فاطمه فضلی,56435,56435,639,منطقه 2,2026-07-08T10:04:06.000Z,دندانپزشکی قزوین,رتبه و قبولی صریحاً در یک پیام آمده
مستقیم,زهرا نجفی,56408,56408,585,منطقه 3,2026-07-07T10:03:06.000Z,پزشکی مشهد,رتبه و قبولی صریحاً در یک پیام آمده
مستقیم,سارا سفیدی,56380,56380,877,منطقه 3,2026-07-06T10:02:07.000Z,پزشکی رشت,رتبه و قبولی صریحاً در یک پیام آمده
مستقیم,ماردین قادری,56353,56353,561,منطقه 3,2026-07-05T10:01:06.000Z,پزشکی تبریز,رتبه و قبولی صریحاً در یک پیام آمده
مستقیم,نازنین عظیمی,56335,56335,788,منطقه 3,2026-07-04T10:03:03.000Z,داروسازی مشهد,رتبه و قبولی صریحاً در یک پیام آمده
مستقیم,آراس نوری سیاسیاهی,56324,56324,845,منطقه 3,2026-07-03T18:41:23.000Z,داروسازی اصفهان,رتبه و قبولی صریحاً در یک پیام آمده
مستقیم,رضا حسینیان,56304,56304,623,منطقه 2,2026-07-03T10:06:07.000Z,دندانپزشکی قم,رتبه و قبولی صریحاً در یک پیام آمده
مستقیم,دانیال نصیری,56284,56284,902,منطقه 1,2026-07-02T10:05:12.000Z,پزشکی کرج,رتبه و قبولی صریحاً در یک پیام آمده
مستقیم,سیما طاوسی سونج,56265,56265,528,منطقه 3,2026-07-01T10:04:06.000Z,پزشکی تبریز,رتبه و قبولی صریحاً در یک پیام آمده
مستقیم,بنیامین کرمی,56242,56242,914,منطقه 1,2026-06-30T10:03:06.000Z,پزشکی تبریز,رتبه و قبولی صریحاً در یک پیام آمده
مستقیم,محمد باقی,56201,56201,928,منطقه 2,2026-06-29T10:02:06.000Z,دندانپزشکی زاهدان,رتبه و قبولی صریحاً در یک پیام آمده
مستقیم,محسن حسینی,56166,56166,1579,منطقه 3,2026-06-27T16:55:43.000Z,دندانپزشکی اهواز,رتبه و قبولی صریحاً در یک پیام آمده
مستقیم,کانی گندمی,56155,56155,541,منطقه 3,2026-06-27T10:04:13.000Z,پزشکی تبریز,رتبه و قبولی صریحاً در یک پیام آمده
مستقیم,امیرمحمد افشاری پور,56121,56121,912,منطقه 3,2026-06-26T06:40:10.000Z,پزشکی کرمان,رتبه و قبولی صریحاً در یک پیام آمده
مستقیم,آندیا ترشکانی,56107,56107,471,منطقه 3,2026-06-25T10:05:11.000Z,پزشکی تبریز,رتبه و قبولی صریحاً در یک پیام آمده
مستقیم,فاطمه حجار,56092,56092,855,منطقه 2,2026-06-24T10:04:06.000Z,دندانپزشکی زنجان,رتبه و قبولی صریحاً در یک پیام آمده
مستقیم,محمد گردوئی,56052,56052,669,منطقه 1,2026-06-23T10:03:06.000Z,پزشکی مشهد,رتبه و قبولی صریحاً در یک پیام آمده
مستقیم,فاطمه معینی,56008,56008,1501,منطقه 3,2026-06-22T10:02:07.000Z,دندانپزشکی بیرجند,رتبه و قبولی صریحاً در یک پیام آمده
مستقیم,الناز اکبرزاده,55985,55985,877,منطقه 3,2026-06-21T10:01:06.000Z,پزشکی بابل,رتبه و قبولی صریحاً در یک پیام آمده
مستقیم,مهدی بیکدلی,55967,55967,639,منطقه 2,2026-06-20T10:02:35.000Z,دندانپزشکی قزوین,رتبه و قبولی صریحاً در یک پیام آمده
مستقیم,سید محمدعارف حسینی,55930,55930,692,منطقه 1,2026-06-19T07:29:49.000Z,دندانپزشکی مشهد,رتبه و قبولی صریحاً در یک پیام آمده
مستقیم,حنانه قدیمی,55910,55910,1926,منطقه 2,2026-06-18T10:05:12.000Z,داروسازی کرج,رتبه و قبولی صریحاً در یک پیام آمده
مستقیم,مهسا ستوده,55876,55876,1387,منطقه 3,2026-06-17T10:04:06.000Z,پزشکی بجنورد,رتبه و قبولی صریحاً در یک پیام آمده
مستقیم,نیکی پورجعفری,55830,55830,1892,منطقه 2,2026-06-16T10:03:06.000Z,دندانپزشکی آزاد تهران,رتبه و قبولی صریحاً در یک پیام آمده
مستقیم,ایلیا رحیمی,55803,55803,1471,منطقه 3,2026-06-15T10:02:06.000Z,پزشکی سنندج,رتبه و قبولی صریحاً در یک پیام آمده
مستقیم,سپیده منصوری,55783,55783,391,منطقه 3,2026-06-14T10:01:07.000Z,دندانپزشکی اردبیل,رتبه و قبولی صریحاً در یک پیام آمده
مستقیم,مبینا زکانی,55745,55745,1225,منطقه 2,2026-06-13T10:04:19.000Z,پزشکی قزوین,رتبه و قبولی صریحاً در یک پیام آمده
مستقیم,محسن محمدی,55729,55729,1386,منطقه 1,2026-06-12T16:38:06.000Z,پزشکی همدان,رتبه و قبولی صریحاً در یک پیام آمده
مستقیم,فاطمه کارگربیده,55680,55680,1095,منطقه 2,2026-06-12T06:40:11.000Z,داروسازی یزد,رتبه و قبولی صریحاً در یک پیام آمده
مستقیم,دینا دادفر,55664,55664,1443,منطقه 2,2026-06-11T10:05:10.000Z,دندانپزشکی اهواز,رتبه و قبولی صریحاً در یک پیام آمده
مستقیم,محمد میره کی,55651,55651,1416,منطقه 3,2026-06-10T16:40:06.000Z,دندانپزشکی سنندج,رتبه و قبولی صریحاً در یک پیام آمده
مستقیم,طه باقرنژاد,55640,55640,302,منطقه 2,2026-06-10T09:31:11.000Z,پزشکی بابل,رتبه و قبولی صریحاً در یک پیام آمده
مستقیم,محمد نراقی پور,55575,55575,1061,منطقه 2,2026-06-09T10:03:06.000Z,دندانپزشکی رشت,رتبه و قبولی صریحاً در یک پیام آمده
مستقیم,محمدصدرا عزیزی,55556,55556,198,منطقه 2,2026-06-08T10:02:06.000Z,پزشکی مشهد,رتبه و قبولی صریحاً در یک پیام آمده
مستقیم,نیما صادق زاده,55521,55521,90,منطقه 3,2026-06-07T10:27:05.000Z,دندانپزشکی تبریز,رتبه و قبولی صریحاً در یک پیام آمده
مستقیم,آرتین بهرامی,55497,55497,152,منطقه 3,2026-06-06T10:15:08.000Z,پزشکی شهیدبهشتی,رتبه و قبولی صریحاً در یک پیام آمده
مستقیم,محمدرضا میرزابیگی,55447,55447,230,منطقه 2,2026-06-05T10:06:06.000Z,دندانپزشکی تهران,رتبه و قبولی صریحاً در یک پیام آمده
مستقیم,محمدمهدی بیلندی,55434,55434,1599,منطقه 3,2026-06-04T16:35:10.000Z,پزشکی مشهد,رتبه و قبولی صریحاً در یک پیام آمده
مستقیم,حمید قادرزاده,55309,55309,1354,منطقه 3,2026-05-31T10:01:06.000Z,داروسازی ارومیه,رتبه و قبولی صریحاً در یک پیام آمده
مستقیم,صدرا جمشیدبیگی,55297,55297,622,منطقه 3,2026-05-30T16:41:39.000Z,پزشکی ایلام,رتبه و قبولی صریحاً در یک پیام آمده
مستقیم,متین چرخاب ساز زاده,55283,55283,169,منطقه 3,2026-05-30T10:00:07.000Z,دندانپزشکی اهواز,رتبه و قبولی صریحاً در یک پیام آمده
مستقیم,حسین نعیمی,55217,55217,111,منطقه 3,2026-05-29T10:07:07.000Z,دندانپزشکی شیراز,رتبه و قبولی صریحاً در یک پیام آمده
مستقیم,سارا جعفری پور,55197,55197,720,منطقه 3,2026-05-28T10:05:08.000Z,پزشکی همدان,رتبه و قبولی صریحاً در یک پیام آمده
مستقیم,مهدی نصراله پور,55165,55165,304,منطقه 3,2026-05-27T10:04:06.000Z,دندانپزشکی ارومیه,رتبه و قبولی صریحاً در یک پیام آمده
مستقیم,مبینا واحدیان,55148,55148,1645,منطقه 1,2026-05-26T10:15:14.000Z,مهندسی برق مشهد,گروه آزمایشی در منبع مشخص نیست؛ در admissions.csv وارد نشده
مستقیم,مبینا اکبری,55131,55131,1416,منطقه 3,2026-05-25T16:50:44.000Z,فیزیوتراپی تهران,رتبه و قبولی صریحاً در یک پیام آمده
