پیام تلگرام,شماره منبع,سال,گروه آزمایشی,رتبه کشوری,رتبه منطقه,منطقه,رتبه سهمیه ویژه,سهمیه ویژه,رشته قبولی,دانشگاه قبولی,نوع دوره قبولی,عبارت خام قبولی
55131,,1404,تجربی,,1416,منطقه 3,,,فیزیوتراپی,دانشگاه علوم توانبخشی و سلامت اجتماعی - تهران,نامشخص,فیزیوتراپی تهران
55148,,1404,نامشخص,,1645,منطقه 1,,,مهندسی برق,نامشخص,نامشخص,مهندسی برق مشهد
55165,,1404,تجربی,,304,منطقه 3,,,دندانپزشکی,دانشگاه علوم پزشکی ارومیه,نامشخص,دندانپزشکی ارومیه
55197,,1404,تجربی,,720,منطقه 3,,,پزشکی,دانشگاه علوم پزشکی همدان,نامشخص,پزشکی همدان
55217,,1404,تجربی,,111,منطقه 3,,,دندانپزشکی,دانشگاه علوم پزشکی شیراز,نامشخص,دندانپزشکی شیراز
55283,,1404,تجربی,,169,منطقه 3,,,دندانپزشکی,دانشگاه علوم پزشکی جندی شاپور اهواز,نامشخص,دندانپزشکی اهواز
55297,,1404,تجربی,,622,منطقه 3,,,پزشکی,دانشگاه علوم پزشکی ایلام,نامشخص,پزشکی ایلام
55309,,1404,تجربی,,1354,منطقه 3,,,داروسازی,دانشگاه علوم پزشکی ارومیه,نامشخص,داروسازی ارومیه
55434,,1404,تجربی,,1599,منطقه 3,,,پزشکی,دانشگاه علوم پزشکی مشهد,نامشخص,پزشکی مشهد
55447,,1404,تجربی,,230,منطقه 2,,,دندانپزشکی,نامشخص,نامشخص,دندانپزشکی تهران
55497,,1404,تجربی,,152,منطقه 3,,,پزشکی,دانشگاه علوم پزشکی شهید بهشتی - تهران,نامشخص,پزشکی شهیدبهشتی
55521,,1404,تجربی,,90,منطقه 3,,,دندانپزشکی,دانشگاه علوم پزشکی تبریز,نامشخص,دندانپزشکی تبریز
55556,,1404,تجربی,,198,منطقه 2,,,پزشکی,دانشگاه علوم پزشکی مشهد,نامشخص,پزشکی مشهد
55575,,1404,تجربی,,1061,منطقه 2,,,دندانپزشکی,دانشگاه علوم پزشکی گیلان - رشت,نامشخص,دندانپزشکی رشت
55640,,1404,تجربی,,302,منطقه 2,,,پزشکی,دانشگاه علوم پزشکی بابل,نامشخص,پزشکی بابل
55651,,1404,تجربی,,1416,منطقه 3,,,دندانپزشکی,دانشگاه علوم پزشکی کردستان - سنندج,نامشخص,دندانپزشکی سنندج
55664,,1404,تجربی,,1443,منطقه 2,,,دندانپزشکی,دانشگاه علوم پزشکی جندی شاپور اهواز,نامشخص,دندانپزشکی اهواز
55680,,1404,تجربی,,1095,منطقه 2,,,داروسازی,دانشگاه علوم پزشکی شهید صدوقی یزد,نامشخص,داروسازی یزد
55729,,1404,تجربی,,1386,منطقه 1,,,پزشکی,دانشگاه علوم پزشکی همدان,نامشخص,پزشکی همدان
55745,,1404,تجربی,,1225,منطقه 2,,,پزشکی,دانشگاه علوم پزشکی قزوین,نامشخص,پزشکی قزوین
55783,,1404,تجربی,,391,منطقه 3,,,دندانپزشکی,دانشگاه علوم پزشکی اردبیل,نامشخص,دندانپزشکی اردبیل
55803,,1404,تجربی,,1471,منطقه 3,,,پزشکی,دانشگاه علوم پزشکی کردستان - سنندج,نامشخص,پزشکی سنندج
55830,,1404,تجربی,,1892,منطقه 2,,,دندانپزشکی,دانشگاه آزاد اسلامی واحد پزشکی تهران,آزاد,دندانپزشکی آزاد تهران
55876,,1404,تجربی,,1387,منطقه 3,,,پزشکی,دانشگاه علوم پزشکی خراسان شمالی - بجنورد,نامشخص,پزشکی بجنورد
55910,,1404,تجربی,,1926,منطقه 2,,,داروسازی,دانشگاه علوم پزشکی البرز - کرج,نامشخص,داروسازی کرج
55930,,1404,تجربی,,692,منطقه 1,,,دندانپزشکی,دانشگاه علوم پزشکی مشهد,نامشخص,دندانپزشکی مشهد
55967,,1404,تجربی,,639,منطقه 2,,,دندانپزشکی,دانشگاه علوم پزشکی قزوین,نامشخص,دندانپزشکی قزوین
55985,,1404,تجربی,,877,منطقه 3,,,پزشکی,دانشگاه علوم پزشکی بابل,نامشخص,پزشکی بابل
56008,,1404,تجربی,,1501,منطقه 3,,,دندانپزشکی,دانشگاه علوم پزشکی بیرجند,نامشخص,دندانپزشکی بیرجند
56052,,1404,تجربی,,669,منطقه 1,,,پزشکی,دانشگاه علوم پزشکی مشهد,نامشخص,پزشکی مشهد
56092,,1404,تجربی,,855,منطقه 2,,,دندانپزشکی,دانشگاه علوم پزشکی زنجان,نامشخص,دندانپزشکی زنجان
56107,,1404,تجربی,,471,منطقه 3,,,پزشکی,دانشگاه علوم پزشکی تبریز,نامشخص,پزشکی تبریز
56121,,1404,تجربی,,912,منطقه 3,,,پزشکی,دانشگاه علوم پزشکی کرمان,نامشخص,پزشکی کرمان
56155,,1404,تجربی,,541,منطقه 3,,,پزشکی,دانشگاه علوم پزشکی تبریز,نامشخص,پزشکی تبریز
56166,,1404,تجربی,,1579,منطقه 3,,,دندانپزشکی,دانشگاه علوم پزشکی جندی شاپور اهواز,نامشخص,دندانپزشکی اهواز
56201,,1404,تجربی,,928,منطقه 2,,,دندانپزشکی,دانشگاه علوم پزشکی زاهدان,نامشخص,دندانپزشکی زاهدان
56242,,1404,تجربی,,914,منطقه 1,,,پزشکی,دانشگاه علوم پزشکی تبریز,نامشخص,پزشکی تبریز
56265,,1404,تجربی,,528,منطقه 3,,,پزشکی,دانشگاه علوم پزشکی تبریز,نامشخص,پزشکی تبریز
56284,,1404,تجربی,,902,منطقه 1,,,پزشکی,دانشگاه علوم پزشکی البرز - کرج,نامشخص,پزشکی کرج
56304,,1404,تجربی,,623,منطقه 2,,,دندانپزشکی,دانشگاه علوم پزشکی قم,نامشخص,دندانپزشکی قم
56324,,1404,تجربی,,845,منطقه 3,,,داروسازی,دانشگاه علوم پزشکی اصفهان,نامشخص,داروسازی اصفهان
56335,,1404,تجربی,,788,منطقه 3,,,داروسازی,دانشگاه علوم پزشکی مشهد,نامشخص,داروسازی مشهد
56353,,1404,تجربی,,561,منطقه 3,,,پزشکی,دانشگاه علوم پزشکی تبریز,نامشخص,پزشکی تبریز
56380,,1404,تجربی,,877,منطقه 3,,,پزشکی,دانشگاه علوم پزشکی گیلان - رشت,نامشخص,پزشکی رشت
56408,,1404,تجربی,,585,منطقه 3,,,پزشکی,دانشگاه علوم پزشکی مشهد,نامشخص,پزشکی مشهد
56435,,1404,تجربی,,639,منطقه 2,,,دندانپزشکی,دانشگاه علوم پزشکی قزوین,نامشخص,دندانپزشکی قزوین
56460,,1404,تجربی,,1146,منطقه 2,,,پزشکی,دانشگاه علوم پزشکی تبریز,نامشخص,پزشکی تبریز
56499,,1404,تجربی,,375,منطقه 2,,,پزشکی,دانشگاه علوم پزشکی ایران,نامشخص,پزشکی ایران
56557,,1404,تجربی,,327,منطقه 3,,,دندانپزشکی,دانشگاه علوم پزشکی کرمانشاه,نامشخص,دندانپزشکی کرمانشاه
56666,,1404,تجربی,,1067,منطقه 3,,,پزشکی,دانشگاه علوم پزشکی گلستان - گرگان,نامشخص,پزشکی گرگان
56751,,1404,تجربی,,3119,منطقه 3,,,داروسازی,دانشگاه آزاد اسلامی واحد پزشکی تهران,آزاد,داروسازی آزاد تهران
56900,,1404,تجربی,,1506,منطقه 3,,,دندانپزشکی,دانشگاه علوم پزشکی ایلام,نامشخص,دندانپزشکی ایلام
56992,,1404,تجربی,,334,منطقه 3,,,پزشکی,دانشگاه علوم پزشکی جندی شاپور اهواز,نامشخص,پزشکی اهواز
57049,,1404,تجربی,,1093,منطقه 2,,,فیزیوتراپی,دانشگاه علوم توانبخشی و سلامت اجتماعی - تهران,نامشخص,فیزیوتراپی تهران
57104,,1404,تجربی,,1287,منطقه 2,,,پزشکی,دانشگاه علوم پزشکی البرز - کرج,نامشخص,پزشکی کرج
57190,,1404,تجربی,,1082,منطقه 3,,,پزشکی,دانشگاه علوم پزشکی کرمانشاه,نامشخص,پزشکی کرمانشاه
57269,,1404,تجربی,,1497,منطقه 2,,,دندانپزشکی,دانشگاه علوم پزشکی سمنان,نامشخص,دندانپزشکی سمنان
57374,,1404,تجربی,,1357,منطقه 3,,,پزشکی,دانشگاه علوم پزشکی کرمانشاه,نامشخص,پزشکی کرمانشاه
57431,,1404,تجربی,,2280,منطقه 1,,,پزشکی,دانشگاه علوم پزشکی تبریز,نامشخص,پزشکی تبریز
57593,,1404,تجربی,,1869,منطقه 3,,,پزشکی,دانشگاه علوم پزشکی ارومیه,نامشخص,پزشکی ارومیه
57652,,1404,تجربی,,1261,منطقه 2,,,پزشکی,دانشگاه علوم پزشکی مشهد,نامشخص,پزشکی مشهد
57716,,1404,تجربی,,1209,منطقه 3,,,پزشکی,دانشگاه علوم پزشکی گیلان - رشت,نامشخص,پزشکی رشت
57804,,1404,تجربی,,1306,منطقه 1,,,دندانپزشکی,نامشخص,نامشخص,دندانپزشکی تهران
57904,,1404,تجربی,,1104,منطقه 1,,,پزشکی,دانشگاه شاهد - تهران,نامشخص,پزشکی شاهد تهران
57964,,1404,تجربی,,1312,منطقه 3,,,پزشکی,دانشگاه علوم پزشکی زنجان,نامشخص,پزشکی زنجان
57970,,1404,تجربی,,1864,منطقه 3,,,دندانپزشکی,دانشگاه آزاد اسلامی واحد اصفهان (خوراسگان),آزاد,دندانپزشکی آزاد اصفهان
58030,,1404,تجربی,,1294,منطقه 2,,,پزشکی,دانشگاه علوم پزشکی کرمانشاه,نامشخص,پزشکی کرمانشاه
58062,,1404,تجربی,,1506,منطقه 3,,,دندانپزشکی,دانشگاه آزاد اسلامی واحد اصفهان (خوراسگان),آزاد,دندانپزشکی آزاد اصفهان
58424,,1404,تجربی,,658,منطقه 3,,,پزشکی,دانشگاه علوم پزشکی ارومیه,نامشخص,پزشکی ارومیه
58484,,1404,تجربی,,1230,منطقه 3,,,پزشکی,دانشگاه علوم پزشکی زنجان,نامشخص,پزشکی زنجان
58544,,1404,تجربی,,1312,منطقه 3,,,پزشکی,دانشگاه علوم پزشکی زنجان,نامشخص,پزشکی زنجان
58588,,1404,تجربی,,1831,منطقه 2,,,پزشکی,دانشگاه علوم پزشکی زنجان,نامشخص,پزشکی زنجان
58596|45908,,1404,تجربی,,1402,منطقه 2,,,دندانپزشکی,دانشگاه علوم پزشکی تبریز,نامشخص,دندانپزشکی تبریز
58626,,1404,تجربی,,648,منطقه 3,,,پزشکی,دانشگاه علوم پزشکی ارومیه,نامشخص,پزشکی ارومیه
58629,,1404,تجربی,,1252,منطقه 3,,,پزشکی,دانشگاه علوم پزشکی اراک,نامشخص,پزشکی اراک
58640|46832,,1404,تجربی,,2768,منطقه 3,,,پزشکی,دانشگاه علوم پزشکی ایران,نامشخص,پزشکی ایران
58643,,1404,تجربی,,,,,,پزشکی,دانشگاه علوم پزشکی همدان,نامشخص,پزشکی همدان
58669,,1404,تجربی,,1896,منطقه 1,,,داروسازی,دانشگاه علوم پزشکی تبریز,نامشخص,داروسازی تبریز
58673|47902,,1404,تجربی,,2625,منطقه 1,,,فیزیوتراپی,دانشگاه علوم پزشکی سمنان,نامشخص,فیزیوتراپی سمنان
58691|46581,,1404,تجربی,,2002,منطقه 3,,,پزشکی,دانشگاه علوم پزشکی ایلام,نامشخص,پزشکی ایلام
58693,,1404,تجربی,,,,,,پزشکی,دانشگاه علوم پزشکی شاهرود,نامشخص,پزشکی شاهرود
58706,,1404,تجربی,,760,منطقه 2,,,دندانپزشکی,دانشگاه علوم پزشکی گلستان - گرگان,نامشخص,دندانپزشکی گرگان
58710,,1404,تجربی,,,,,,پزشکی,دانشگاه علوم پزشکی شهید صدوقی یزد,نامشخص,پزشکی یزد
58727,,1404,تجربی,,,,,,پزشکی,دانشگاه علوم پزشکی قم,نامشخص,پزشکی قم
58731|47553,,1404,تجربی,,2018,منطقه 2,,,پزشکی,دانشگاه علوم پزشکی کرمان,نامشخص,پزشکی کرمان
58755,,1404,تجربی,,,,,,پزشکی,دانشگاه آزاد اسلامی واحد پزشکی تهران,آزاد,پزشکی آزاد تهران
58776,,1404,تجربی,,,,,,داروسازی,دانشگاه علوم پزشکی کرمانشاه,نامشخص,داروسازی کرمانشاه
58800,,1404,تجربی,,,,,,پزشکی,دانشگاه علوم پزشکی کرمانشاه,نامشخص,پزشکی کرمانشاه
58801,,1404,تجربی,,,,,,پزشکی,دانشگاه علوم پزشکی بقیةالله (عج),نامشخص,پزشکی بقیه الله
58888,,1404,تجربی,,523,منطقه 3,,,پزشکی,دانشگاه علوم پزشکی تبریز,نامشخص,پزشکی تبریز
58939|47168,,1404,تجربی,,2223,منطقه 2,,,پزشکی,دانشگاه علوم پزشکی کرمانشاه,نامشخص,پزشکی کرمانشاه
58959,,1404,تجربی,,,,,,فیزیوتراپی,دانشگاه علوم پزشکی شهید صدوقی یزد,نامشخص,فیزیوتراپی یزد
58978,,1404,تجربی,,1057,منطقه 1,,,پزشکی,دانشگاه علوم پزشکی مشهد,نامشخص,پزشکی مشهد
59001,,1404,تجربی,,,,,,پزشکی,دانشگاه علوم پزشکی شهید صدوقی یزد,نامشخص,پزشکی یزد
59025,,1404,تجربی,,,,,,پزشکی,دانشگاه علوم پزشکی کرمانشاه,نامشخص,پزشکی کرمانشاه
59036|47818,,1404,تجربی,,3194,منطقه 3,,,داروسازی,دانشگاه آزاد اسلامی واحد پزشکی تهران,آزاد,داروسازی آزاد تهران
59068|46958,,1404,تجربی,,2442,منطقه 2,,,پزشکی,دانشگاه علوم پزشکی کرمانشاه,نامشخص,پزشکی کرمانشاه
59076|47464,,1404,تجربی,,2666,منطقه 3,,,پزشکی,دانشگاه علوم پزشکی بیرجند,نامشخص,پزشکی بیرجند
59096,,1404,تجربی,,,,,,پزشکی,دانشگاه علوم پزشکی جندی شاپور اهواز,نامشخص,پزشکی اهواز
59112,,1404,تجربی,,,,,,پزشکی,دانشگاه علوم پزشکی شهید صدوقی یزد,نامشخص,پزشکی یزد
59129,,1404,تجربی,,1297,منطقه 3,,,دندانپزشکی,دانشگاه علوم پزشکی شهرکرد,نامشخص,دندانپزشکی شهرکرد
59141,,1404,تجربی,,,,,,پزشکی,دانشگاه علوم پزشکی سبزوار,نامشخص,پزشکی سبزوار
59169,,1404,تجربی,,1267,منطقه 2,,,پزشکی,دانشگاه علوم پزشکی اصفهان,نامشخص,پزشکی اصفهان
59173,,1404,تجربی,,645,منطقه 3,,,پزشکی,دانشگاه علوم پزشکی همدان,نامشخص,پزشکی همدان
59207|47548,,1404,تجربی,,2582,منطقه 2,,,پزشکی,دانشگاه علوم پزشکی کرمانشاه,نامشخص,پزشکی کرمانشاه
59229,,1404,تجربی,,,,,,پزشکی,دانشگاه آزاد اسلامی واحد پزشکی تهران,آزاد,پزشکی آزاد تهران
59286|47266,,1404,تجربی,,2735,منطقه 3,,,داروسازی,دانشگاه علوم پزشکی مازندران - ساری,نامشخص,داروسازی ساری
59309|47748,,1404,تجربی,,2272,منطقه 3,,,پزشکی,دانشگاه علوم پزشکی همدان,نامشخص,پزشکی همدان
59343,,1404,تجربی,,,,,,پزشکی,دانشگاه علوم پزشکی جهرم,نامشخص,پزشکی جهرم
59390|46903,,1404,تجربی,,2517,منطقه 1,,,دندانپزشکی,دانشگاه علوم پزشکی شهید صدوقی یزد,نامشخص,دندانپزشکی یزد
59428,,1404,تجربی,,,,,,پزشکی,دانشگاه علوم پزشکی شیراز,نامشخص,پزشکی شیراز
59435|46763,,1404,تجربی,,2257,منطقه 1,,,پزشکی,دانشگاه علوم پزشکی بیرجند,نامشخص,پزشکی بیرجند
59510,,1404,تجربی,,,,,,پزشکی,دانشگاه علوم پزشکی سمنان,نامشخص,پزشکی سمنان
59525,,1404,تجربی,,,,,,پزشکی,دانشگاه علوم پزشکی کرمان,نامشخص,پزشکی کرمان
59559,,1404,تجربی,,,,,,پزشکی,دانشگاه علوم پزشکی زاهدان,نامشخص,پزشکی زاهدان
59586,,1404,تجربی,,,,,,پزشکی,دانشگاه علوم پزشکی قزوین,نامشخص,پزشکی قزوین
59635,,1404,تجربی,,1404,منطقه 3,,,پزشکی,دانشگاه علوم پزشکی کرمانشاه,نامشخص,پزشکی کرمانشاه
59655,,1404,تجربی,,1139,منطقه 3,,,پزشکی,دانشگاه علوم پزشکی شهید صدوقی یزد,نامشخص,پزشکی یزد
59712,,1404,تجربی,,,,,,پزشکی,دانشگاه علوم پزشکی تبریز,نامشخص,پزشکی تبریز
59733|46918,,1404,تجربی,,2761,منطقه 2,,,داروسازی,دانشگاه علوم پزشکی همدان,نامشخص,داروسازی همدان
59783,,1404,تجربی,,,,,,پزشکی,دانشگاه علوم پزشکی گلستان - گرگان,نامشخص,پزشکی گرگان
59797,,1404,تجربی,,1036,منطقه 3,,,پزشکی,دانشگاه علوم پزشکی اردبیل,نامشخص,پزشکی اردبیل
59845,,1404,تجربی,,,,,,پزشکی,دانشگاه آزاد اسلامی واحد اصفهان (خوراسگان),آزاد,پزشکی آزاد اصفهان
59851,,1404,تجربی,,,,,,پزشکی,دانشگاه علوم پزشکی ایلام,نامشخص,پزشکی ایلام
59898,,1404,تجربی,,,,,,پزشکی,دانشگاه علوم پزشکی تبریز,نامشخص,پزشکی تبریز
59914,,1404,تجربی,,,,,,پزشکی,دانشگاه علوم پزشکی ارومیه,نامشخص,پزشکی ارومیه
59953,,1404,تجربی,,,,,,پزشکی,دانشگاه علوم پزشکی همدان,نامشخص,پزشکی همدان
59972,,1404,تجربی,,,,,,پزشکی,دانشگاه علوم پزشکی خراسان شمالی - بجنورد,نامشخص,پزشکی بجنورد
60005|47902,,1404,تجربی,,2625,منطقه 1,,,فیزیوتراپی,دانشگاه علوم پزشکی سمنان,نامشخص,فیزیوتراپی سمنان
60021|46753,,1404,تجربی,,2176,منطقه 3,,,دندانپزشکی,دانشگاه علوم پزشکی ایلام,نامشخص,دندانپزشکی ایلام
60059,,1404,تجربی,,,,,,پزشکی,دانشگاه علوم پزشکی همدان,نامشخص,پزشکی همدان
60063,,1404,تجربی,,1939,منطقه 2,,,پزشکی,دانشگاه علوم پزشکی خراسان شمالی - بجنورد,نامشخص,پزشکی بجنورد
60103,,1404,تجربی,,750,منطقه 2,,,دندانپزشکی,دانشگاه علوم پزشکی جندی شاپور اهواز,نامشخص,دندانپزشکی اهواز
60107,,1404,تجربی,,,,,,فیزیوتراپی,دانشگاه علوم پزشکی ایران,نامشخص,فیزیوتراپی ایران
60151,,1404,تجربی,,116,منطقه 2,,,دندانپزشکی,دانشگاه علوم پزشکی شهید صدوقی یزد,نامشخص,دندانپزشکی یزد
60155,,1404,تجربی,,1841,منطقه 1,,,داروسازی,دانشگاه علوم پزشکی بیرجند,نامشخص,داروسازی بیرجند
60187,,1404,تجربی,,40,منطقه 3,,,دندانپزشکی,نامشخص,نامشخص,دندانپزشکی تهران
60190,,1404,تجربی,,,,,,پزشکی,دانشگاه علوم پزشکی جندی شاپور اهواز,نامشخص,پزشکی جندی شاپور
60221,,1404,تجربی,,848,منطقه 2,,,پزشکی,دانشگاه علوم پزشکی همدان,نامشخص,پزشکی همدان
60225,,1404,تجربی,,,,,,پزشکی,دانشگاه علوم پزشکی کرمان,نامشخص,پزشکی کرمان
60276,,1404,تجربی,,572,منطقه 3,,,پزشکی,دانشگاه علوم پزشکی شهید صدوقی یزد,نامشخص,پزشکی یزد
60280,,1404,تجربی,,,,,,پزشکی,دانشگاه علوم پزشکی کرمان,نامشخص,پزشکی کرمان
60297,,1404,تجربی,,557,منطقه 2,,,دندانپزشکی,دانشگاه علوم پزشکی جندی شاپور اهواز,نامشخص,دندانپزشکی اهواز
60329,,1404,تجربی,,,,,,داروسازی,نامشخص,نامشخص,داروسازی آمل
60374,,1404,تجربی,,733,منطقه 3,,,پزشکی,دانشگاه علوم پزشکی همدان,نامشخص,پزشکی همدان
60388,,1404,تجربی,,,,,,پزشکی,دانشگاه علوم پزشکی خراسان شمالی - بجنورد,نامشخص,پزشکی بجنورد
60429,,1404,تجربی,,174,منطقه 3,,,پزشکی,دانشگاه علوم پزشکی ایران,نامشخص,پزشکی ایران
60435,,1404,تجربی,,,,,,پزشکی,نامشخص,نامشخص,پزشکی بم
60474,,1404,تجربی,,342,منطقه 3,,,دندانپزشکی,دانشگاه علوم پزشکی ارومیه,نامشخص,دندانپزشکی ارومیه
60481,,1404,تجربی,,,,,,پزشکی,دانشگاه علوم پزشکی اردبیل,نامشخص,پزشکی اردبیل
60515,,1404,تجربی,,252,منطقه 3,,,پزشکی,دانشگاه علوم پزشکی ایلام,نامشخص,پزشکی ایلام
60519,,1404,تجربی,,,,,,پزشکی,دانشگاه علوم پزشکی سبزوار,نامشخص,پزشکی سبزوار
60537,,1404,تجربی,,910,منطقه 2,,,دندانپزشکی,دانشگاه علوم پزشکی جندی شاپور اهواز,نامشخص,دندانپزشکی اهواز
60555,,1404,تجربی,,,,,,فیزیوتراپی,دانشگاه علوم پزشکی ایران,نامشخص,فیزیوتراپی ایران
60580,,1404,تجربی,,1807,منطقه 3,,,پزشکی,دانشگاه علوم پزشکی بقیةالله (عج),نامشخص,پزشکی بقیه الله
60584,,1404,تجربی,,,,,,پزشکی,دانشگاه علوم پزشکی زاهدان,نامشخص,پزشکی زاهدان
60627,,1404,تجربی,,900,منطقه 3,,,پزشکی,دانشگاه علوم پزشکی ایران,نامشخص,پزشکی ایران
60648|45103,,1404,تجربی,,1047,منطقه 3,,,پزشکی,دانشگاه علوم پزشکی همدان,نامشخص,پزشکی همدان
60703,,1404,تجربی,,1574,منطقه 3,,,پزشکی,دانشگاه علوم پزشکی قم,نامشخص,پزشکی قم
60722,,1404,تجربی,,1200,منطقه 3,,,دندانپزشکی,دانشگاه آزاد اسلامی واحد پزشکی تهران,آزاد,دندانپزشکی آزاد تهران
60803,,1404,تجربی,,350,منطقه 3,,,دندانپزشکی,دانشگاه علوم پزشکی جندی شاپور اهواز,نامشخص,دندانپزشکی اهواز
60823,,1404,تجربی,,845,منطقه 2,,,پزشکی,دانشگاه علوم پزشکی اصفهان,نامشخص,پزشکی اصفهان
60868,,1404,تجربی,,801,منطقه 2,,,دندانپزشکی,دانشگاه علوم پزشکی سمنان,نامشخص,دندانپزشکی سمنان
60886,,1404,تجربی,,,,,,فیزیوتراپی,دانشگاه علوم پزشکی کرمانشاه,نامشخص,فیزیوتراپی کرمانشاه
60929,,1404,تجربی,,394,منطقه 2,,,پزشکی,دانشگاه علوم پزشکی شهید بهشتی - تهران,نامشخص,پزشکی شهیدبهشتی
60949,,1404,تجربی,,,,,,پزشکی,دانشگاه آزاد اسلامی واحد تبریز,آزاد,پزشکی آزاد تبریز
61022,,1404,تجربی,,262,منطقه 2,,,پزشکی,دانشگاه علوم پزشکی شهید بهشتی - تهران,نامشخص,پزشکی شهیدبهشتی
61033,,1404,تجربی,,,,,,داروسازی,دانشگاه علوم پزشکی کرمانشاه,نامشخص,داروسازی کرمانشاه
61070,,1404,تجربی,,128,منطقه 1,,,پزشکی,دانشگاه علوم پزشکی شهید بهشتی - تهران,نامشخص,پزشکی شهیدبهشتی
61084,,1404,تجربی,,,,,,پزشکی,دانشگاه علوم پزشکی گناباد,نامشخص,پزشکی گناباد
61131,,1404,تجربی,,359,منطقه 1,,,دندانپزشکی,دانشگاه علوم پزشکی مازندران - ساری,نامشخص,دندانپزشکی ساری
61156|47420,,1404,تجربی,,2304,منطقه 2,,,پزشکی,دانشگاه علوم پزشکی گلستان - گرگان,نامشخص,پزشکی گرگان
61185,,1404,تجربی,,1611,منطقه 2,,,داروسازی,دانشگاه علوم پزشکی تبریز,نامشخص,داروسازی تبریز
