code,field,old,new,source_page,reason
38950,university,دانشکده علوم پزشکی و خدمات بهداشتی درمانی غرب استان هرمزگان,دانشگاه علوم پزشکی و خدمات بهداشتی درمانی رفسنجان,175,Clipped to actual PDF code-cell borders instead of neighbouring-row midpoints
38995,university,دانشگاه علوم پزشکی ایالم,دانشگاه علوم پزشکی و خدمات بهداشتی درمانی ایالم,179,Clipped to actual PDF code-cell borders instead of neighbouring-row midpoints
39005,university,دانشگاه علوم پزشکی بیرجند,دانشگاه علوم پزشکی و خدمات بهداشتی درمانی بیرجند,180,Clipped to actual PDF code-cell borders instead of neighbouring-row midpoints
39015,university,دانشگاه علوم پزشکی آبادان,دانشگاه علوم پزشکی و خدمات بهداشتی درمانی آبادان,181,Clipped to actual PDF code-cell borders instead of neighbouring-row midpoints
39032,university,دانشگاه علوم پزشکی کردستان,دانشگاه علوم پزشکی و خدمات بهداشتی درمانی کردستان - سنندج,183,Clipped to actual PDF code-cell borders instead of neighbouring-row midpoints
39042,university,دانشگاه علوم پزشکی یاسوج,دانشگاه علوم پزشکی و خدمات بهداشتی درمانی یاسوج,184,Clipped to actual PDF code-cell borders instead of neighbouring-row midpoints
37651,program_type,در جدول ذکر نشده,روزانه,195,ضوابط سهمیه بومی کاردانی و کارشناسی؛ صفحه PDF 195 (چاپی 194)
37652,program_type,در جدول ذکر نشده,روزانه,195,ضوابط سهمیه بومی کاردانی و کارشناسی؛ صفحه PDF 195 (چاپی 194)
37653,program_type,در جدول ذکر نشده,روزانه,195,ضوابط سهمیه بومی کاردانی و کارشناسی؛ صفحه PDF 195 (چاپی 194)
37654,program_type,در جدول ذکر نشده,روزانه,195,ضوابط سهمیه بومی کاردانی و کارشناسی؛ صفحه PDF 195 (چاپی 194)
37655,program_type,در جدول ذکر نشده,روزانه,195,ضوابط سهمیه بومی کاردانی و کارشناسی؛ صفحه PDF 195 (چاپی 194)
37656,program_type,در جدول ذکر نشده,روزانه,196,ضوابط سهمیه بومی کاردانی و کارشناسی؛ صفحه PDF 195 (چاپی 194)
37657,program_type,در جدول ذکر نشده,روزانه,196,ضوابط سهمیه بومی کاردانی و کارشناسی؛ صفحه PDF 195 (چاپی 194)
37658,program_type,در جدول ذکر نشده,روزانه,196,ضوابط سهمیه بومی کاردانی و کارشناسی؛ صفحه PDF 195 (چاپی 194)
37659,program_type,در جدول ذکر نشده,روزانه,196,ضوابط سهمیه بومی کاردانی و کارشناسی؛ صفحه PDF 195 (چاپی 194)
37660,program_type,در جدول ذکر نشده,روزانه,196,ضوابط سهمیه بومی کاردانی و کارشناسی؛ صفحه PDF 195 (چاپی 194)
37661,program_type,در جدول ذکر نشده,روزانه,196,ضوابط سهمیه بومی کاردانی و کارشناسی؛ صفحه PDF 195 (چاپی 194)
37662,program_type,در جدول ذکر نشده,روزانه,196,ضوابط سهمیه بومی کاردانی و کارشناسی؛ صفحه PDF 195 (چاپی 194)
37663,program_type,در جدول ذکر نشده,روزانه,196,ضوابط سهمیه بومی کاردانی و کارشناسی؛ صفحه PDF 195 (چاپی 194)
37664,program_type,در جدول ذکر نشده,روزانه,196,ضوابط سهمیه بومی کاردانی و کارشناسی؛ صفحه PDF 195 (چاپی 194)
37665,program_type,در جدول ذکر نشده,روزانه,196,ضوابط سهمیه بومی کاردانی و کارشناسی؛ صفحه PDF 195 (چاپی 194)
37666,program_type,در جدول ذکر نشده,روزانه,196,ضوابط سهمیه بومی کاردانی و کارشناسی؛ صفحه PDF 195 (چاپی 194)
37667,program_type,در جدول ذکر نشده,روزانه,196,ضوابط سهمیه بومی کاردانی و کارشناسی؛ صفحه PDF 195 (چاپی 194)
37668,program_type,در جدول ذکر نشده,روزانه,196,ضوابط سهمیه بومی کاردانی و کارشناسی؛ صفحه PDF 195 (چاپی 194)
37669,program_type,در جدول ذکر نشده,روزانه,196,ضوابط سهمیه بومی کاردانی و کارشناسی؛ صفحه PDF 195 (چاپی 194)
37670,program_type,در جدول ذکر نشده,روزانه,197,ضوابط سهمیه بومی کاردانی و کارشناسی؛ صفحه PDF 195 (چاپی 194)
37671,program_type,در جدول ذکر نشده,روزانه,197,ضوابط سهمیه بومی کاردانی و کارشناسی؛ صفحه PDF 195 (چاپی 194)
37672,program_type,در جدول ذکر نشده,روزانه,197,ضوابط سهمیه بومی کاردانی و کارشناسی؛ صفحه PDF 195 (چاپی 194)
37673,program_type,در جدول ذکر نشده,روزانه,197,ضوابط سهمیه بومی کاردانی و کارشناسی؛ صفحه PDF 195 (چاپی 194)
37674,program_type,در جدول ذکر نشده,روزانه,197,ضوابط سهمیه بومی کاردانی و کارشناسی؛ صفحه PDF 195 (چاپی 194)
37675,program_type,در جدول ذکر نشده,روزانه,197,ضوابط سهمیه بومی کاردانی و کارشناسی؛ صفحه PDF 195 (چاپی 194)
37676,program_type,در جدول ذکر نشده,روزانه,197,ضوابط سهمیه بومی کاردانی و کارشناسی؛ صفحه PDF 195 (چاپی 194)
37677,program_type,در جدول ذکر نشده,روزانه,197,ضوابط سهمیه بومی کاردانی و کارشناسی؛ صفحه PDF 195 (چاپی 194)
37678,program_type,در جدول ذکر نشده,روزانه,197,ضوابط سهمیه بومی کاردانی و کارشناسی؛ صفحه PDF 195 (چاپی 194)
37679,program_type,در جدول ذکر نشده,روزانه,197,ضوابط سهمیه بومی کاردانی و کارشناسی؛ صفحه PDF 195 (چاپی 194)
37680,program_type,در جدول ذکر نشده,روزانه,197,ضوابط سهمیه بومی کاردانی و کارشناسی؛ صفحه PDF 195 (چاپی 194)
37681,program_type,در جدول ذکر نشده,روزانه,197,ضوابط سهمیه بومی کاردانی و کارشناسی؛ صفحه PDF 195 (چاپی 194)
37682,program_type,در جدول ذکر نشده,روزانه,197,ضوابط سهمیه بومی کاردانی و کارشناسی؛ صفحه PDF 195 (چاپی 194)
37683,program_type,در جدول ذکر نشده,روزانه,197,ضوابط سهمیه بومی کاردانی و کارشناسی؛ صفحه PDF 195 (چاپی 194)
37684,program_type,در جدول ذکر نشده,روزانه,198,ضوابط سهمیه بومی کاردانی و کارشناسی؛ صفحه PDF 195 (چاپی 194)
37685,program_type,در جدول ذکر نشده,روزانه,198,ضوابط سهمیه بومی کاردانی و کارشناسی؛ صفحه PDF 195 (چاپی 194)
37686,program_type,در جدول ذکر نشده,روزانه,198,ضوابط سهمیه بومی کاردانی و کارشناسی؛ صفحه PDF 195 (چاپی 194)
37687,program_type,در جدول ذکر نشده,روزانه,198,ضوابط سهمیه بومی کاردانی و کارشناسی؛ صفحه PDF 195 (چاپی 194)
37688,program_type,در جدول ذکر نشده,روزانه,198,ضوابط سهمیه بومی کاردانی و کارشناسی؛ صفحه PDF 195 (چاپی 194)
37689,program_type,در جدول ذکر نشده,روزانه,198,ضوابط سهمیه بومی کاردانی و کارشناسی؛ صفحه PDF 195 (چاپی 194)
37690,program_type,در جدول ذکر نشده,روزانه,198,ضوابط سهمیه بومی کاردانی و کارشناسی؛ صفحه PDF 195 (چاپی 194)
37691,program_type,در جدول ذکر نشده,روزانه,198,ضوابط سهمیه بومی کاردانی و کارشناسی؛ صفحه PDF 195 (چاپی 194)
37692,program_type,در جدول ذکر نشده,روزانه,198,ضوابط سهمیه بومی کاردانی و کارشناسی؛ صفحه PDF 195 (چاپی 194)
37693,program_type,در جدول ذکر نشده,روزانه,198,ضوابط سهمیه بومی کاردانی و کارشناسی؛ صفحه PDF 195 (چاپی 194)
37694,program_type,در جدول ذکر نشده,روزانه,198,ضوابط سهمیه بومی کاردانی و کارشناسی؛ صفحه PDF 195 (چاپی 194)
37695,program_type,در جدول ذکر نشده,روزانه,198,ضوابط سهمیه بومی کاردانی و کارشناسی؛ صفحه PDF 195 (چاپی 194)
37696,program_type,در جدول ذکر نشده,روزانه,198,ضوابط سهمیه بومی کاردانی و کارشناسی؛ صفحه PDF 195 (چاپی 194)
37697,program_type,در جدول ذکر نشده,روزانه,198,ضوابط سهمیه بومی کاردانی و کارشناسی؛ صفحه PDF 195 (چاپی 194)
37698,program_type,در جدول ذکر نشده,روزانه,199,ضوابط سهمیه بومی کاردانی و کارشناسی؛ صفحه PDF 195 (چاپی 194)
37699,program_type,در جدول ذکر نشده,روزانه,199,ضوابط سهمیه بومی کاردانی و کارشناسی؛ صفحه PDF 195 (چاپی 194)
37700,program_type,در جدول ذکر نشده,روزانه,199,ضوابط سهمیه بومی کاردانی و کارشناسی؛ صفحه PDF 195 (چاپی 194)
37701,program_type,در جدول ذکر نشده,روزانه,199,ضوابط سهمیه بومی کاردانی و کارشناسی؛ صفحه PDF 195 (چاپی 194)
37702,program_type,در جدول ذکر نشده,روزانه,199,ضوابط سهمیه بومی کاردانی و کارشناسی؛ صفحه PDF 195 (چاپی 194)
37703,program_type,در جدول ذکر نشده,روزانه,199,ضوابط سهمیه بومی کاردانی و کارشناسی؛ صفحه PDF 195 (چاپی 194)
37704,program_type,در جدول ذکر نشده,روزانه,199,ضوابط سهمیه بومی کاردانی و کارشناسی؛ صفحه PDF 195 (چاپی 194)
37705,program_type,در جدول ذکر نشده,روزانه,199,ضوابط سهمیه بومی کاردانی و کارشناسی؛ صفحه PDF 195 (چاپی 194)
37706,program_type,در جدول ذکر نشده,روزانه,199,ضوابط سهمیه بومی کاردانی و کارشناسی؛ صفحه PDF 195 (چاپی 194)
37707,program_type,در جدول ذکر نشده,روزانه,199,ضوابط سهمیه بومی کاردانی و کارشناسی؛ صفحه PDF 195 (چاپی 194)
37708,program_type,در جدول ذکر نشده,روزانه,199,ضوابط سهمیه بومی کاردانی و کارشناسی؛ صفحه PDF 195 (چاپی 194)
37709,program_type,در جدول ذکر نشده,روزانه,199,ضوابط سهمیه بومی کاردانی و کارشناسی؛ صفحه PDF 195 (چاپی 194)
37710,program_type,در جدول ذکر نشده,روزانه,199,ضوابط سهمیه بومی کاردانی و کارشناسی؛ صفحه PDF 195 (چاپی 194)
37711,program_type,در جدول ذکر نشده,روزانه,200,ضوابط سهمیه بومی کاردانی و کارشناسی؛ صفحه PDF 195 (چاپی 194)
37712,program_type,در جدول ذکر نشده,روزانه,200,ضوابط سهمیه بومی کاردانی و کارشناسی؛ صفحه PDF 195 (چاپی 194)
37713,program_type,در جدول ذکر نشده,روزانه,200,ضوابط سهمیه بومی کاردانی و کارشناسی؛ صفحه PDF 195 (چاپی 194)
37714,program_type,در جدول ذکر نشده,روزانه,200,ضوابط سهمیه بومی کاردانی و کارشناسی؛ صفحه PDF 195 (چاپی 194)
37715,program_type,در جدول ذکر نشده,روزانه,200,ضوابط سهمیه بومی کاردانی و کارشناسی؛ صفحه PDF 195 (چاپی 194)
37716,program_type,در جدول ذکر نشده,روزانه,200,ضوابط سهمیه بومی کاردانی و کارشناسی؛ صفحه PDF 195 (چاپی 194)
37717,program_type,در جدول ذکر نشده,روزانه,200,ضوابط سهمیه بومی کاردانی و کارشناسی؛ صفحه PDF 195 (چاپی 194)
37718,program_type,در جدول ذکر نشده,روزانه,200,ضوابط سهمیه بومی کاردانی و کارشناسی؛ صفحه PDF 195 (چاپی 194)
37719,program_type,در جدول ذکر نشده,روزانه,200,ضوابط سهمیه بومی کاردانی و کارشناسی؛ صفحه PDF 195 (چاپی 194)
37720,program_type,در جدول ذکر نشده,روزانه,200,ضوابط سهمیه بومی کاردانی و کارشناسی؛ صفحه PDF 195 (چاپی 194)
37721,program_type,در جدول ذکر نشده,روزانه,200,ضوابط سهمیه بومی کاردانی و کارشناسی؛ صفحه PDF 195 (چاپی 194)
37722,program_type,در جدول ذکر نشده,روزانه,200,ضوابط سهمیه بومی کاردانی و کارشناسی؛ صفحه PDF 195 (چاپی 194)
37723,program_type,در جدول ذکر نشده,روزانه,201,ضوابط سهمیه بومی کاردانی و کارشناسی؛ صفحه PDF 195 (چاپی 194)
37724,program_type,در جدول ذکر نشده,روزانه,201,ضوابط سهمیه بومی کاردانی و کارشناسی؛ صفحه PDF 195 (چاپی 194)
37725,program_type,در جدول ذکر نشده,روزانه,201,ضوابط سهمیه بومی کاردانی و کارشناسی؛ صفحه PDF 195 (چاپی 194)
37726,program_type,در جدول ذکر نشده,روزانه,201,ضوابط سهمیه بومی کاردانی و کارشناسی؛ صفحه PDF 195 (چاپی 194)
37727,program_type,در جدول ذکر نشده,روزانه,201,ضوابط سهمیه بومی کاردانی و کارشناسی؛ صفحه PDF 195 (چاپی 194)
37728,program_type,در جدول ذکر نشده,روزانه,201,ضوابط سهمیه بومی کاردانی و کارشناسی؛ صفحه PDF 195 (چاپی 194)
37729,program_type,در جدول ذکر نشده,روزانه,201,ضوابط سهمیه بومی کاردانی و کارشناسی؛ صفحه PDF 195 (چاپی 194)
37730,program_type,در جدول ذکر نشده,روزانه,201,ضوابط سهمیه بومی کاردانی و کارشناسی؛ صفحه PDF 195 (چاپی 194)
37736,program_type,در جدول ذکر نشده,روزانه,201,ضوابط سهمیه بومی کاردانی و کارشناسی؛ صفحه PDF 195 (چاپی 194)
19430,program_type,در جدول ذکر نشده,روزانه,201,ضوابط سهمیه بومی کاردانی و کارشناسی؛ صفحه PDF 195 (چاپی 194)
19431,program_type,در جدول ذکر نشده,روزانه,201,ضوابط سهمیه بومی کاردانی و کارشناسی؛ صفحه PDF 195 (چاپی 194)
19433,program_type,در جدول ذکر نشده,روزانه,201,ضوابط سهمیه بومی کاردانی و کارشناسی؛ صفحه PDF 195 (چاپی 194)
19434,program_type,در جدول ذکر نشده,روزانه,201,ضوابط سهمیه بومی کاردانی و کارشناسی؛ صفحه PDF 195 (چاپی 194)
37737,program_type,در جدول ذکر نشده,روزانه,202,ضوابط سهمیه بومی کاردانی و کارشناسی؛ صفحه PDF 195 (چاپی 194)
37738,program_type,در جدول ذکر نشده,روزانه,202,ضوابط سهمیه بومی کاردانی و کارشناسی؛ صفحه PDF 195 (چاپی 194)
37739,program_type,در جدول ذکر نشده,روزانه,202,ضوابط سهمیه بومی کاردانی و کارشناسی؛ صفحه PDF 195 (چاپی 194)
37740,program_type,در جدول ذکر نشده,روزانه,202,ضوابط سهمیه بومی کاردانی و کارشناسی؛ صفحه PDF 195 (چاپی 194)
37741,program_type,در جدول ذکر نشده,روزانه,202,ضوابط سهمیه بومی کاردانی و کارشناسی؛ صفحه PDF 195 (چاپی 194)
37742,program_type,در جدول ذکر نشده,روزانه,202,ضوابط سهمیه بومی کاردانی و کارشناسی؛ صفحه PDF 195 (چاپی 194)
37743,program_type,در جدول ذکر نشده,روزانه,202,ضوابط سهمیه بومی کاردانی و کارشناسی؛ صفحه PDF 195 (چاپی 194)
37744,program_type,در جدول ذکر نشده,روزانه,202,ضوابط سهمیه بومی کاردانی و کارشناسی؛ صفحه PDF 195 (چاپی 194)
37745,program_type,در جدول ذکر نشده,روزانه,202,ضوابط سهمیه بومی کاردانی و کارشناسی؛ صفحه PDF 195 (چاپی 194)
37746,program_type,در جدول ذکر نشده,روزانه,202,ضوابط سهمیه بومی کاردانی و کارشناسی؛ صفحه PDF 195 (چاپی 194)
37747,program_type,در جدول ذکر نشده,روزانه,202,ضوابط سهمیه بومی کاردانی و کارشناسی؛ صفحه PDF 195 (چاپی 194)
37748,program_type,در جدول ذکر نشده,روزانه,202,ضوابط سهمیه بومی کاردانی و کارشناسی؛ صفحه PDF 195 (چاپی 194)
37749,program_type,در جدول ذکر نشده,روزانه,202,ضوابط سهمیه بومی کاردانی و کارشناسی؛ صفحه PDF 195 (چاپی 194)
37750,program_type,در جدول ذکر نشده,روزانه,203,ضوابط سهمیه بومی کاردانی و کارشناسی؛ صفحه PDF 195 (چاپی 194)
37751,program_type,در جدول ذکر نشده,روزانه,203,ضوابط سهمیه بومی کاردانی و کارشناسی؛ صفحه PDF 195 (چاپی 194)
37752,program_type,در جدول ذکر نشده,روزانه,203,ضوابط سهمیه بومی کاردانی و کارشناسی؛ صفحه PDF 195 (چاپی 194)
37753,program_type,در جدول ذکر نشده,روزانه,203,ضوابط سهمیه بومی کاردانی و کارشناسی؛ صفحه PDF 195 (چاپی 194)
37754,program_type,در جدول ذکر نشده,روزانه,203,ضوابط سهمیه بومی کاردانی و کارشناسی؛ صفحه PDF 195 (چاپی 194)
37755,program_type,در جدول ذکر نشده,روزانه,203,ضوابط سهمیه بومی کاردانی و کارشناسی؛ صفحه PDF 195 (چاپی 194)
37756,program_type,در جدول ذکر نشده,روزانه,203,ضوابط سهمیه بومی کاردانی و کارشناسی؛ صفحه PDF 195 (چاپی 194)
37757,program_type,در جدول ذکر نشده,روزانه,203,ضوابط سهمیه بومی کاردانی و کارشناسی؛ صفحه PDF 195 (چاپی 194)
37758,program_type,در جدول ذکر نشده,روزانه,203,ضوابط سهمیه بومی کاردانی و کارشناسی؛ صفحه PDF 195 (چاپی 194)
37759,program_type,در جدول ذکر نشده,روزانه,203,ضوابط سهمیه بومی کاردانی و کارشناسی؛ صفحه PDF 195 (چاپی 194)
37760,program_type,در جدول ذکر نشده,روزانه,203,ضوابط سهمیه بومی کاردانی و کارشناسی؛ صفحه PDF 195 (چاپی 194)
37761,program_type,در جدول ذکر نشده,روزانه,203,ضوابط سهمیه بومی کاردانی و کارشناسی؛ صفحه PDF 195 (چاپی 194)
37762,program_type,در جدول ذکر نشده,روزانه,203,ضوابط سهمیه بومی کاردانی و کارشناسی؛ صفحه PDF 195 (چاپی 194)
37763,program_type,در جدول ذکر نشده,روزانه,203,ضوابط سهمیه بومی کاردانی و کارشناسی؛ صفحه PDF 195 (چاپی 194)
37764,program_type,در جدول ذکر نشده,روزانه,204,ضوابط سهمیه بومی کاردانی و کارشناسی؛ صفحه PDF 195 (چاپی 194)
37765,program_type,در جدول ذکر نشده,روزانه,204,ضوابط سهمیه بومی کاردانی و کارشناسی؛ صفحه PDF 195 (چاپی 194)
37766,program_type,در جدول ذکر نشده,روزانه,204,ضوابط سهمیه بومی کاردانی و کارشناسی؛ صفحه PDF 195 (چاپی 194)
37767,program_type,در جدول ذکر نشده,روزانه,204,ضوابط سهمیه بومی کاردانی و کارشناسی؛ صفحه PDF 195 (چاپی 194)
37768,program_type,در جدول ذکر نشده,روزانه,204,ضوابط سهمیه بومی کاردانی و کارشناسی؛ صفحه PDF 195 (چاپی 194)
37769,program_type,در جدول ذکر نشده,روزانه,204,ضوابط سهمیه بومی کاردانی و کارشناسی؛ صفحه PDF 195 (چاپی 194)
37772,program_type,در جدول ذکر نشده,روزانه,204,ضوابط سهمیه بومی کاردانی و کارشناسی؛ صفحه PDF 195 (چاپی 194)
37773,program_type,در جدول ذکر نشده,روزانه,204,ضوابط سهمیه بومی کاردانی و کارشناسی؛ صفحه PDF 195 (چاپی 194)
37774,program_type,در جدول ذکر نشده,روزانه,204,ضوابط سهمیه بومی کاردانی و کارشناسی؛ صفحه PDF 195 (چاپی 194)
19435,program_type,در جدول ذکر نشده,روزانه,204,ضوابط سهمیه بومی کاردانی و کارشناسی؛ صفحه PDF 195 (چاپی 194)
19436,program_type,در جدول ذکر نشده,روزانه,204,ضوابط سهمیه بومی کاردانی و کارشناسی؛ صفحه PDF 195 (چاپی 194)
37775,program_type,در جدول ذکر نشده,روزانه,204,ضوابط سهمیه بومی کاردانی و کارشناسی؛ صفحه PDF 195 (چاپی 194)
37776,program_type,در جدول ذکر نشده,روزانه,204,ضوابط سهمیه بومی کاردانی و کارشناسی؛ صفحه PDF 195 (چاپی 194)
37777,program_type,در جدول ذکر نشده,روزانه,205,ضوابط سهمیه بومی کاردانی و کارشناسی؛ صفحه PDF 195 (چاپی 194)
37778,program_type,در جدول ذکر نشده,روزانه,205,ضوابط سهمیه بومی کاردانی و کارشناسی؛ صفحه PDF 195 (چاپی 194)
37779,program_type,در جدول ذکر نشده,روزانه,205,ضوابط سهمیه بومی کاردانی و کارشناسی؛ صفحه PDF 195 (چاپی 194)
37780,program_type,در جدول ذکر نشده,روزانه,205,ضوابط سهمیه بومی کاردانی و کارشناسی؛ صفحه PDF 195 (چاپی 194)
37781,program_type,در جدول ذکر نشده,روزانه,205,ضوابط سهمیه بومی کاردانی و کارشناسی؛ صفحه PDF 195 (چاپی 194)
37782,program_type,در جدول ذکر نشده,روزانه,205,ضوابط سهمیه بومی کاردانی و کارشناسی؛ صفحه PDF 195 (چاپی 194)
37783,program_type,در جدول ذکر نشده,روزانه,205,ضوابط سهمیه بومی کاردانی و کارشناسی؛ صفحه PDF 195 (چاپی 194)
37784,program_type,در جدول ذکر نشده,روزانه,205,ضوابط سهمیه بومی کاردانی و کارشناسی؛ صفحه PDF 195 (چاپی 194)
37785,program_type,در جدول ذکر نشده,روزانه,205,ضوابط سهمیه بومی کاردانی و کارشناسی؛ صفحه PDF 195 (چاپی 194)
37786,program_type,در جدول ذکر نشده,روزانه,205,ضوابط سهمیه بومی کاردانی و کارشناسی؛ صفحه PDF 195 (چاپی 194)
37787,program_type,در جدول ذکر نشده,روزانه,206,ضوابط سهمیه بومی کاردانی و کارشناسی؛ صفحه PDF 195 (چاپی 194)
37788,university,دانشکده بهداشت دامغان ),دانشگاه علوم پزشکی و خدمات بهداشتی درمانی سمنان ( محل تحصیل دانشکده بهداشت دامغان ),206,Clipped to actual PDF code-cell borders instead of neighbouring-row midpoints
37788,program_type,در جدول ذکر نشده,روزانه,206,ضوابط سهمیه بومی کاردانی و کارشناسی؛ صفحه PDF 195 (چاپی 194)
37789,program_type,در جدول ذکر نشده,روزانه,206,ضوابط سهمیه بومی کاردانی و کارشناسی؛ صفحه PDF 195 (چاپی 194)
37790,program_type,در جدول ذکر نشده,روزانه,206,ضوابط سهمیه بومی کاردانی و کارشناسی؛ صفحه PDF 195 (چاپی 194)
37792,program_type,در جدول ذکر نشده,روزانه,206,ضوابط سهمیه بومی کاردانی و کارشناسی؛ صفحه PDF 195 (چاپی 194)
37795,program_type,در جدول ذکر نشده,روزانه,206,ضوابط سهمیه بومی کاردانی و کارشناسی؛ صفحه PDF 195 (چاپی 194)
37798,program_type,در جدول ذکر نشده,روزانه,206,ضوابط سهمیه بومی کاردانی و کارشناسی؛ صفحه PDF 195 (چاپی 194)
37801,program_type,در جدول ذکر نشده,روزانه,206,ضوابط سهمیه بومی کاردانی و کارشناسی؛ صفحه PDF 195 (چاپی 194)
37806,program_type,در جدول ذکر نشده,روزانه,206,ضوابط سهمیه بومی کاردانی و کارشناسی؛ صفحه PDF 195 (چاپی 194)
37810,program_type,در جدول ذکر نشده,روزانه,206,ضوابط سهمیه بومی کاردانی و کارشناسی؛ صفحه PDF 195 (چاپی 194)
37815,program_type,در جدول ذکر نشده,روزانه,206,ضوابط سهمیه بومی کاردانی و کارشناسی؛ صفحه PDF 195 (چاپی 194)
37823,program_type,در جدول ذکر نشده,روزانه,206,ضوابط سهمیه بومی کاردانی و کارشناسی؛ صفحه PDF 195 (چاپی 194)
19437,program_type,در جدول ذکر نشده,روزانه,206,ضوابط سهمیه بومی کاردانی و کارشناسی؛ صفحه PDF 195 (چاپی 194)
37791,program_type,در جدول ذکر نشده,روزانه,207,ضوابط سهمیه بومی کاردانی و کارشناسی؛ صفحه PDF 195 (چاپی 194)
37793,program_type,در جدول ذکر نشده,روزانه,207,ضوابط سهمیه بومی کاردانی و کارشناسی؛ صفحه PDF 195 (چاپی 194)
37796,program_type,در جدول ذکر نشده,روزانه,207,ضوابط سهمیه بومی کاردانی و کارشناسی؛ صفحه PDF 195 (چاپی 194)
37799,program_type,در جدول ذکر نشده,روزانه,207,ضوابط سهمیه بومی کاردانی و کارشناسی؛ صفحه PDF 195 (چاپی 194)
37800,program_type,در جدول ذکر نشده,روزانه,207,ضوابط سهمیه بومی کاردانی و کارشناسی؛ صفحه PDF 195 (چاپی 194)
37803,program_type,در جدول ذکر نشده,روزانه,207,ضوابط سهمیه بومی کاردانی و کارشناسی؛ صفحه PDF 195 (چاپی 194)
37804,program_type,در جدول ذکر نشده,روزانه,207,ضوابط سهمیه بومی کاردانی و کارشناسی؛ صفحه PDF 195 (چاپی 194)
37805,program_type,در جدول ذکر نشده,روزانه,207,ضوابط سهمیه بومی کاردانی و کارشناسی؛ صفحه PDF 195 (چاپی 194)
37807,program_type,در جدول ذکر نشده,روزانه,207,ضوابط سهمیه بومی کاردانی و کارشناسی؛ صفحه PDF 195 (چاپی 194)
37809,program_type,در جدول ذکر نشده,روزانه,207,ضوابط سهمیه بومی کاردانی و کارشناسی؛ صفحه PDF 195 (چاپی 194)
37811,program_type,در جدول ذکر نشده,روزانه,207,ضوابط سهمیه بومی کاردانی و کارشناسی؛ صفحه PDF 195 (چاپی 194)
37812,program_type,در جدول ذکر نشده,روزانه,207,ضوابط سهمیه بومی کاردانی و کارشناسی؛ صفحه PDF 195 (چاپی 194)
37814,program_type,در جدول ذکر نشده,روزانه,207,ضوابط سهمیه بومی کاردانی و کارشناسی؛ صفحه PDF 195 (چاپی 194)
37816,program_type,در جدول ذکر نشده,روزانه,207,ضوابط سهمیه بومی کاردانی و کارشناسی؛ صفحه PDF 195 (چاپی 194)
37824,program_type,در جدول ذکر نشده,روزانه,208,ضوابط سهمیه بومی کاردانی و کارشناسی؛ صفحه PDF 195 (چاپی 194)
37828,program_type,در جدول ذکر نشده,روزانه,208,ضوابط سهمیه بومی کاردانی و کارشناسی؛ صفحه PDF 195 (چاپی 194)
19438,program_type,در جدول ذکر نشده,روزانه,208,ضوابط سهمیه بومی کاردانی و کارشناسی؛ صفحه PDF 195 (چاپی 194)
37794,program_type,در جدول ذکر نشده,روزانه,208,ضوابط سهمیه بومی کاردانی و کارشناسی؛ صفحه PDF 195 (چاپی 194)
37797,program_type,در جدول ذکر نشده,روزانه,208,ضوابط سهمیه بومی کاردانی و کارشناسی؛ صفحه PDF 195 (چاپی 194)
37802,program_type,در جدول ذکر نشده,روزانه,208,ضوابط سهمیه بومی کاردانی و کارشناسی؛ صفحه PDF 195 (چاپی 194)
37813,program_type,در جدول ذکر نشده,روزانه,208,ضوابط سهمیه بومی کاردانی و کارشناسی؛ صفحه PDF 195 (چاپی 194)
37817,program_type,در جدول ذکر نشده,روزانه,208,ضوابط سهمیه بومی کاردانی و کارشناسی؛ صفحه PDF 195 (چاپی 194)
37825,program_type,در جدول ذکر نشده,روزانه,208,ضوابط سهمیه بومی کاردانی و کارشناسی؛ صفحه PDF 195 (چاپی 194)
19440,program_type,در جدول ذکر نشده,روزانه,208,ضوابط سهمیه بومی کاردانی و کارشناسی؛ صفحه PDF 195 (چاپی 194)
19441,program_type,در جدول ذکر نشده,روزانه,208,ضوابط سهمیه بومی کاردانی و کارشناسی؛ صفحه PDF 195 (چاپی 194)
19442,program_type,در جدول ذکر نشده,روزانه,208,ضوابط سهمیه بومی کاردانی و کارشناسی؛ صفحه PDF 195 (چاپی 194)
19443,university,مجتمع آموزش عالی سالمت شهرستان نیکشهر ),دانشکده علوم پزشکی و خدمات بهداشتی درمانی چابهار ( محل تحصیل مجتمع آموزش عالی سالمت شهرستان نیکشهر ),209,Clipped to actual PDF code-cell borders instead of neighbouring-row midpoints
19443,program_type,در جدول ذکر نشده,روزانه,209,ضوابط سهمیه بومی کاردانی و کارشناسی؛ صفحه PDF 195 (چاپی 194)
19444,program_type,در جدول ذکر نشده,روزانه,209,ضوابط سهمیه بومی کاردانی و کارشناسی؛ صفحه PDF 195 (چاپی 194)
37829,program_type,در جدول ذکر نشده,روزانه,209,ضوابط سهمیه بومی کاردانی و کارشناسی؛ صفحه PDF 195 (چاپی 194)
37830,program_type,در جدول ذکر نشده,روزانه,209,ضوابط سهمیه بومی کاردانی و کارشناسی؛ صفحه PDF 195 (چاپی 194)
37831,program_type,در جدول ذکر نشده,روزانه,209,ضوابط سهمیه بومی کاردانی و کارشناسی؛ صفحه PDF 195 (چاپی 194)
37832,program_type,در جدول ذکر نشده,روزانه,209,ضوابط سهمیه بومی کاردانی و کارشناسی؛ صفحه PDF 195 (چاپی 194)
37833,program_type,در جدول ذکر نشده,روزانه,209,ضوابط سهمیه بومی کاردانی و کارشناسی؛ صفحه PDF 195 (چاپی 194)
37834,program_type,در جدول ذکر نشده,روزانه,209,ضوابط سهمیه بومی کاردانی و کارشناسی؛ صفحه PDF 195 (چاپی 194)
37835,program_type,در جدول ذکر نشده,روزانه,209,ضوابط سهمیه بومی کاردانی و کارشناسی؛ صفحه PDF 195 (چاپی 194)
37836,program_type,در جدول ذکر نشده,روزانه,209,ضوابط سهمیه بومی کاردانی و کارشناسی؛ صفحه PDF 195 (چاپی 194)
37837,program_type,در جدول ذکر نشده,روزانه,209,ضوابط سهمیه بومی کاردانی و کارشناسی؛ صفحه PDF 195 (چاپی 194)
37838,program_type,در جدول ذکر نشده,روزانه,209,ضوابط سهمیه بومی کاردانی و کارشناسی؛ صفحه PDF 195 (چاپی 194)
37839,program_type,در جدول ذکر نشده,روزانه,209,ضوابط سهمیه بومی کاردانی و کارشناسی؛ صفحه PDF 195 (چاپی 194)
37840,program_type,در جدول ذکر نشده,روزانه,210,ضوابط سهمیه بومی کاردانی و کارشناسی؛ صفحه PDF 195 (چاپی 194)
37841,program_type,در جدول ذکر نشده,روزانه,210,ضوابط سهمیه بومی کاردانی و کارشناسی؛ صفحه PDF 195 (چاپی 194)
37842,program_type,در جدول ذکر نشده,روزانه,210,ضوابط سهمیه بومی کاردانی و کارشناسی؛ صفحه PDF 195 (چاپی 194)
37843,program_type,در جدول ذکر نشده,روزانه,210,ضوابط سهمیه بومی کاردانی و کارشناسی؛ صفحه PDF 195 (چاپی 194)
37844,program_type,در جدول ذکر نشده,روزانه,210,ضوابط سهمیه بومی کاردانی و کارشناسی؛ صفحه PDF 195 (چاپی 194)
37845,program_type,در جدول ذکر نشده,روزانه,210,ضوابط سهمیه بومی کاردانی و کارشناسی؛ صفحه PDF 195 (چاپی 194)
37846,program_type,در جدول ذکر نشده,روزانه,210,ضوابط سهمیه بومی کاردانی و کارشناسی؛ صفحه PDF 195 (چاپی 194)
37847,program_type,در جدول ذکر نشده,روزانه,210,ضوابط سهمیه بومی کاردانی و کارشناسی؛ صفحه PDF 195 (چاپی 194)
37848,program_type,در جدول ذکر نشده,روزانه,210,ضوابط سهمیه بومی کاردانی و کارشناسی؛ صفحه PDF 195 (چاپی 194)
37849,program_type,در جدول ذکر نشده,روزانه,210,ضوابط سهمیه بومی کاردانی و کارشناسی؛ صفحه PDF 195 (چاپی 194)
37850,program_type,در جدول ذکر نشده,روزانه,210,ضوابط سهمیه بومی کاردانی و کارشناسی؛ صفحه PDF 195 (چاپی 194)
37851,program_type,در جدول ذکر نشده,روزانه,210,ضوابط سهمیه بومی کاردانی و کارشناسی؛ صفحه PDF 195 (چاپی 194)
37852,program_type,در جدول ذکر نشده,روزانه,210,ضوابط سهمیه بومی کاردانی و کارشناسی؛ صفحه PDF 195 (چاپی 194)
37853,program_type,در جدول ذکر نشده,روزانه,211,ضوابط سهمیه بومی کاردانی و کارشناسی؛ صفحه PDF 195 (چاپی 194)
37854,program_type,در جدول ذکر نشده,روزانه,211,ضوابط سهمیه بومی کاردانی و کارشناسی؛ صفحه PDF 195 (چاپی 194)
37855,program_type,در جدول ذکر نشده,روزانه,211,ضوابط سهمیه بومی کاردانی و کارشناسی؛ صفحه PDF 195 (چاپی 194)
37856,program_type,در جدول ذکر نشده,روزانه,211,ضوابط سهمیه بومی کاردانی و کارشناسی؛ صفحه PDF 195 (چاپی 194)
37857,program_type,در جدول ذکر نشده,روزانه,211,ضوابط سهمیه بومی کاردانی و کارشناسی؛ صفحه PDF 195 (چاپی 194)
37858,program_type,در جدول ذکر نشده,روزانه,211,ضوابط سهمیه بومی کاردانی و کارشناسی؛ صفحه PDF 195 (چاپی 194)
37859,program_type,در جدول ذکر نشده,روزانه,211,ضوابط سهمیه بومی کاردانی و کارشناسی؛ صفحه PDF 195 (چاپی 194)
37860,program_type,در جدول ذکر نشده,روزانه,211,ضوابط سهمیه بومی کاردانی و کارشناسی؛ صفحه PDF 195 (چاپی 194)
37861,program_type,در جدول ذکر نشده,روزانه,211,ضوابط سهمیه بومی کاردانی و کارشناسی؛ صفحه PDF 195 (چاپی 194)
37862,program_type,در جدول ذکر نشده,روزانه,211,ضوابط سهمیه بومی کاردانی و کارشناسی؛ صفحه PDF 195 (چاپی 194)
37863,program_type,در جدول ذکر نشده,روزانه,211,ضوابط سهمیه بومی کاردانی و کارشناسی؛ صفحه PDF 195 (چاپی 194)
37864,program_type,در جدول ذکر نشده,روزانه,211,ضوابط سهمیه بومی کاردانی و کارشناسی؛ صفحه PDF 195 (چاپی 194)
37865,program_type,در جدول ذکر نشده,روزانه,211,ضوابط سهمیه بومی کاردانی و کارشناسی؛ صفحه PDF 195 (چاپی 194)
37866,program_type,در جدول ذکر نشده,روزانه,212,ضوابط سهمیه بومی کاردانی و کارشناسی؛ صفحه PDF 195 (چاپی 194)
37867,program_type,در جدول ذکر نشده,روزانه,212,ضوابط سهمیه بومی کاردانی و کارشناسی؛ صفحه PDF 195 (چاپی 194)
37868,program_type,در جدول ذکر نشده,روزانه,212,ضوابط سهمیه بومی کاردانی و کارشناسی؛ صفحه PDF 195 (چاپی 194)
37869,program_type,در جدول ذکر نشده,روزانه,212,ضوابط سهمیه بومی کاردانی و کارشناسی؛ صفحه PDF 195 (چاپی 194)
37870,program_type,در جدول ذکر نشده,روزانه,212,ضوابط سهمیه بومی کاردانی و کارشناسی؛ صفحه PDF 195 (چاپی 194)
37871,program_type,در جدول ذکر نشده,روزانه,212,ضوابط سهمیه بومی کاردانی و کارشناسی؛ صفحه PDF 195 (چاپی 194)
37872,program_type,در جدول ذکر نشده,روزانه,212,ضوابط سهمیه بومی کاردانی و کارشناسی؛ صفحه PDF 195 (چاپی 194)
37873,program_type,در جدول ذکر نشده,روزانه,212,ضوابط سهمیه بومی کاردانی و کارشناسی؛ صفحه PDF 195 (چاپی 194)
19446,program_type,در جدول ذکر نشده,روزانه,212,ضوابط سهمیه بومی کاردانی و کارشناسی؛ صفحه PDF 195 (چاپی 194)
37876,program_type,در جدول ذکر نشده,روزانه,212,ضوابط سهمیه بومی کاردانی و کارشناسی؛ صفحه PDF 195 (چاپی 194)
37877,program_type,در جدول ذکر نشده,روزانه,212,ضوابط سهمیه بومی کاردانی و کارشناسی؛ صفحه PDF 195 (چاپی 194)
37878,program_type,در جدول ذکر نشده,روزانه,212,ضوابط سهمیه بومی کاردانی و کارشناسی؛ صفحه PDF 195 (چاپی 194)
37879,program_type,در جدول ذکر نشده,روزانه,213,ضوابط سهمیه بومی کاردانی و کارشناسی؛ صفحه PDF 195 (چاپی 194)
37880,program_type,در جدول ذکر نشده,روزانه,213,ضوابط سهمیه بومی کاردانی و کارشناسی؛ صفحه PDF 195 (چاپی 194)
37881,program_type,در جدول ذکر نشده,روزانه,213,ضوابط سهمیه بومی کاردانی و کارشناسی؛ صفحه PDF 195 (چاپی 194)
37883,program_type,در جدول ذکر نشده,روزانه,213,ضوابط سهمیه بومی کاردانی و کارشناسی؛ صفحه PDF 195 (چاپی 194)
37884,program_type,در جدول ذکر نشده,روزانه,213,ضوابط سهمیه بومی کاردانی و کارشناسی؛ صفحه PDF 195 (چاپی 194)
37885,program_type,در جدول ذکر نشده,روزانه,213,ضوابط سهمیه بومی کاردانی و کارشناسی؛ صفحه PDF 195 (چاپی 194)
37886,program_type,در جدول ذکر نشده,روزانه,213,ضوابط سهمیه بومی کاردانی و کارشناسی؛ صفحه PDF 195 (چاپی 194)
37887,program_type,در جدول ذکر نشده,روزانه,213,ضوابط سهمیه بومی کاردانی و کارشناسی؛ صفحه PDF 195 (چاپی 194)
37888,program_type,در جدول ذکر نشده,روزانه,213,ضوابط سهمیه بومی کاردانی و کارشناسی؛ صفحه PDF 195 (چاپی 194)
37889,program_type,در جدول ذکر نشده,روزانه,213,ضوابط سهمیه بومی کاردانی و کارشناسی؛ صفحه PDF 195 (چاپی 194)
37890,program_type,در جدول ذکر نشده,روزانه,213,ضوابط سهمیه بومی کاردانی و کارشناسی؛ صفحه PDF 195 (چاپی 194)
37891,program_type,در جدول ذکر نشده,روزانه,213,ضوابط سهمیه بومی کاردانی و کارشناسی؛ صفحه PDF 195 (چاپی 194)
37892,university,دانشکده علوم پزشکی و خدمات بهداشتی درمانی شرق استان هرمزگان,دانشکده علوم پزشکی و خدمات بهداشتی درمانی شرق استان هرمزگان - میناب,214,Clipped to actual PDF code-cell borders instead of neighbouring-row midpoints
37892,program_type,در جدول ذکر نشده,روزانه,214,ضوابط سهمیه بومی کاردانی و کارشناسی؛ صفحه PDF 195 (چاپی 194)
37893,program_type,در جدول ذکر نشده,روزانه,214,ضوابط سهمیه بومی کاردانی و کارشناسی؛ صفحه PDF 195 (چاپی 194)
37894,program_type,در جدول ذکر نشده,روزانه,214,ضوابط سهمیه بومی کاردانی و کارشناسی؛ صفحه PDF 195 (چاپی 194)
37895,program_type,در جدول ذکر نشده,روزانه,214,ضوابط سهمیه بومی کاردانی و کارشناسی؛ صفحه PDF 195 (چاپی 194)
37896,program_type,در جدول ذکر نشده,روزانه,214,ضوابط سهمیه بومی کاردانی و کارشناسی؛ صفحه PDF 195 (چاپی 194)
37897,program_type,در جدول ذکر نشده,روزانه,214,ضوابط سهمیه بومی کاردانی و کارشناسی؛ صفحه PDF 195 (چاپی 194)
37898,program_type,در جدول ذکر نشده,روزانه,214,ضوابط سهمیه بومی کاردانی و کارشناسی؛ صفحه PDF 195 (چاپی 194)
37899,program_type,در جدول ذکر نشده,روزانه,214,ضوابط سهمیه بومی کاردانی و کارشناسی؛ صفحه PDF 195 (چاپی 194)
37901,program_type,در جدول ذکر نشده,روزانه,214,ضوابط سهمیه بومی کاردانی و کارشناسی؛ صفحه PDF 195 (چاپی 194)
37902,program_type,در جدول ذکر نشده,روزانه,214,ضوابط سهمیه بومی کاردانی و کارشناسی؛ صفحه PDF 195 (چاپی 194)
37903,program_type,در جدول ذکر نشده,روزانه,214,ضوابط سهمیه بومی کاردانی و کارشناسی؛ صفحه PDF 195 (چاپی 194)
37904,program_type,در جدول ذکر نشده,روزانه,214,ضوابط سهمیه بومی کاردانی و کارشناسی؛ صفحه PDF 195 (چاپی 194)
37909,program_type,در جدول ذکر نشده,روزانه,214,ضوابط سهمیه بومی کاردانی و کارشناسی؛ صفحه PDF 195 (چاپی 194)
37910,program_type,در جدول ذکر نشده,روزانه,215,ضوابط سهمیه بومی کاردانی و کارشناسی؛ صفحه PDF 195 (چاپی 194)
37912,program_type,در جدول ذکر نشده,روزانه,215,ضوابط سهمیه بومی کاردانی و کارشناسی؛ صفحه PDF 195 (چاپی 194)
19447,program_type,در جدول ذکر نشده,روزانه,215,ضوابط سهمیه بومی کاردانی و کارشناسی؛ صفحه PDF 195 (چاپی 194)
19448,program_type,در جدول ذکر نشده,روزانه,215,ضوابط سهمیه بومی کاردانی و کارشناسی؛ صفحه PDF 195 (چاپی 194)
19449,program_type,در جدول ذکر نشده,روزانه,215,ضوابط سهمیه بومی کاردانی و کارشناسی؛ صفحه PDF 195 (چاپی 194)
19450,program_type,در جدول ذکر نشده,روزانه,215,ضوابط سهمیه بومی کاردانی و کارشناسی؛ صفحه PDF 195 (چاپی 194)
19451,program_type,در جدول ذکر نشده,روزانه,215,ضوابط سهمیه بومی کاردانی و کارشناسی؛ صفحه PDF 195 (چاپی 194)
19452,program_type,در جدول ذکر نشده,روزانه,215,ضوابط سهمیه بومی کاردانی و کارشناسی؛ صفحه PDF 195 (چاپی 194)
37913,program_type,در جدول ذکر نشده,روزانه,215,ضوابط سهمیه بومی کاردانی و کارشناسی؛ صفحه PDF 195 (چاپی 194)
37914,program_type,در جدول ذکر نشده,روزانه,215,ضوابط سهمیه بومی کاردانی و کارشناسی؛ صفحه PDF 195 (چاپی 194)
37915,program_type,در جدول ذکر نشده,روزانه,215,ضوابط سهمیه بومی کاردانی و کارشناسی؛ صفحه PDF 195 (چاپی 194)
37916,program_type,در جدول ذکر نشده,روزانه,216,ضوابط سهمیه بومی کاردانی و کارشناسی؛ صفحه PDF 195 (چاپی 194)
37917,program_type,در جدول ذکر نشده,روزانه,216,ضوابط سهمیه بومی کاردانی و کارشناسی؛ صفحه PDF 195 (چاپی 194)
37918,program_type,در جدول ذکر نشده,روزانه,216,ضوابط سهمیه بومی کاردانی و کارشناسی؛ صفحه PDF 195 (چاپی 194)
37919,program_type,در جدول ذکر نشده,روزانه,216,ضوابط سهمیه بومی کاردانی و کارشناسی؛ صفحه PDF 195 (چاپی 194)
37920,program_type,در جدول ذکر نشده,روزانه,216,ضوابط سهمیه بومی کاردانی و کارشناسی؛ صفحه PDF 195 (چاپی 194)
37921,program_type,در جدول ذکر نشده,روزانه,216,ضوابط سهمیه بومی کاردانی و کارشناسی؛ صفحه PDF 195 (چاپی 194)
37922,program_type,در جدول ذکر نشده,روزانه,216,ضوابط سهمیه بومی کاردانی و کارشناسی؛ صفحه PDF 195 (چاپی 194)
37923,program_type,در جدول ذکر نشده,روزانه,216,ضوابط سهمیه بومی کاردانی و کارشناسی؛ صفحه PDF 195 (چاپی 194)
37924,program_type,در جدول ذکر نشده,روزانه,216,ضوابط سهمیه بومی کاردانی و کارشناسی؛ صفحه PDF 195 (چاپی 194)
37925,program_type,در جدول ذکر نشده,روزانه,216,ضوابط سهمیه بومی کاردانی و کارشناسی؛ صفحه PDF 195 (چاپی 194)
37926,program_type,در جدول ذکر نشده,روزانه,216,ضوابط سهمیه بومی کاردانی و کارشناسی؛ صفحه PDF 195 (چاپی 194)
37927,program_type,در جدول ذکر نشده,روزانه,216,ضوابط سهمیه بومی کاردانی و کارشناسی؛ صفحه PDF 195 (چاپی 194)
