code,major,university,intake,capacity,admission_category,source_page
35701,مهندسی بهداشت حرفه ای و ایمنی کار,دانشگاه علوم پزشکی و خدمات بهداشتی درمانی تبریز,نیمسال اول,16,عادی,48
35702,مهندسی بهداشت حرفه ای و ایمنی کار,دانشگاه علوم پزشکی و خدمات بهداشتی درمانی تبریز,نیمسال اول,4,عادی,48
35703,مهندسی بهداشت حرفه ای و ایمنی کار,دانشگاه علوم پزشکی و خدمات بهداشتی درمانی ارومیه,نیمسال اول,20,عادی,51
35704,مهندسی بهداشت حرفه ای و ایمنی کار,دانشگاه علوم پزشکی و خدمات بهداشتی درمانی ارومیه,نیمسال اول,1,شرایط خاص,51
35705,مهندسی بهداشت حرفه ای و ایمنی کار,دانشگاه علوم پزشکی و خدمات بهداشتی درمانی ارومیه,نیمسال اول,4,عادی,52
35706,مهندسی بهداشت حرفه ای و ایمنی کار,دانشگاه علوم پزشکی و خدمات بهداشتی درمانی اردبیل,نیمسال اول,20,عادی,54
35707,مهندسی بهداشت حرفه ای و ایمنی کار,دانشگاه علوم پزشکی و خدمات بهداشتی درمانی اردبیل,نیمسال اول,4,عادی,55
35708,مهندسی بهداشت حرفه ای و ایمنی کار,دانشگاه علوم پزشکی و خدمات بهداشتی درمانی اصفهان,نیمسال اول,16,عادی,56
35709,مهندسی بهداشت حرفه ای و ایمنی کار,دانشگاه علوم پزشکی و خدمات بهداشتی درمانی اصفهان,نیمسال اول,4,عادی,57
11016,کتابداری و اطلاع‌رسانی پزشکی,دانشگاه علوم پزشکی و خدمات بهداشتی درمانی اصفهان,نیمسال اول,25,عادی,57
11017,کتابداری و اطلاع‌رسانی پزشکی,دانشگاه علوم پزشکی و خدمات بهداشتی درمانی اصفهان,نیمسال اول,5,عادی,57
35710,مهندسی بهداشت حرفه ای و ایمنی کار,دانشگاه علوم پزشکی و خدمات بهداشتی درمانی کاشان,نیمسال اول,20,عادی,58
35711,مهندسی بهداشت حرفه ای و ایمنی کار,دانشگاه علوم پزشکی و خدمات بهداشتی درمانی کاشان,نیمسال اول,8,عادی,58
35713,مهندسی بهداشت حرفه ای و ایمنی کار,دانشگاه علوم پزشکی و خدمات بهداشتی درمانی البرز - کرج,نیمسال اول,28,عادی,59
35714,مهندسی بهداشت حرفه ای و ایمنی کار,دانشگاه علوم پزشکی و خدمات بهداشتی درمانی البرز - کرج,نیمسال اول,8,عادی,59
35715,مهندسی بهداشت حرفه ای و ایمنی کار,دانشگاه علوم پزشکی و خدمات بهداشتی درمانی ایالم,نیمسال اول,16,عادی,60
35716,مهندسی بهداشت حرفه ای و ایمنی کار,دانشگاه علوم پزشکی و خدمات بهداشتی درمانی ایالم,نیمسال اول,4,عادی,60
35717,مهندسی بهداشت حرفه ای و ایمنی کار,دانشگاه علوم پزشکی و خدمات بهداشتی درمانی بوشهر,نیمسال اول,16,عادی,62
35718,مهندسی بهداشت حرفه ای و ایمنی کار,دانشگاه علوم پزشکی و خدمات بهداشتی درمانی بوشهر,نیمسال اول,4,عادی,62
11852,کتابداری و اطلاع‌رسانی پزشکی,دانشگاه علوم پزشکی و خدمات بهداشتی درمانی بوشهر,نیمسال اول,25,عادی,62
11853,کتابداری و اطلاع‌رسانی پزشکی,دانشگاه علوم پزشکی و خدمات بهداشتی درمانی بوشهر,نیمسال اول,5,عادی,62
35719,مهندسی بهداشت حرفه ای و ایمنی کار,دانشگاه علوم پزشکی بقیه )اله(عج - تهران,نیمسال اول,12,شرایط خاص,69
35720,مهندسی بهداشت حرفه ای و ایمنی کار,دانشگاه علوم پزشکی بقیه )اله(عج - تهران,نیمسال اول,1,عادی,69
35721,مهندسی بهداشت حرفه ای و ایمنی کار,دانشگاه علوم پزشکی بقیه )اله(عج - تهران,نیمسال اول,8,عادی,69
12025,بهداشت عمومی,دانشگاه علوم پزشکی بقیه )اله(عج - تهران,نیمسال اول,15,شرایط خاص,69
35722,مهندسی بهداشت حرفه ای و ایمنی کار,دانشگاه علوم پزشکی و خدمات بهداشتی درمانی ایران,نیمسال اول,16,عادی,70
35723,مهندسی بهداشت حرفه ای و ایمنی کار,دانشگاه علوم پزشکی و خدمات بهداشتی درمانی ایران,نیمسال اول,8,عادی,70
35724,مهندسی بهداشت حرفه ای و ایمنی کار,دانشگاه علوم پزشکی و خدمات بهداشتی درمانی شهید بهشتی - تهران,نیمسال اول,24,عادی,73
35725,مهندسی بهداشت حرفه ای و ایمنی کار,دانشگاه علوم پزشکی و خدمات بهداشتی درمانی شهید بهشتی - تهران,نیمسال اول,8,عادی,73
35728,مهندسی بهداشت حرفه ای و ایمنی کار,دانشگاه علوم پزشکی و خدمات بهداشتی درمانی شهرکرد,نیمسال اول,24,عادی,75
35729,مهندسی بهداشت حرفه ای و ایمنی کار,دانشگاه علوم پزشکی و خدمات بهداشتی درمانی بیرجند,نیمسال اول,20,عادی,76
35730,مهندسی بهداشت حرفه ای و ایمنی کار,دانشگاه علوم پزشکی و خدمات بهداشتی درمانی بیرجند,نیمسال اول,4,عادی,76
35731,مهندسی بهداشت حرفه ای و ایمنی کار,دانشگاه علوم پزشکی و خدمات بهداشتی درمانی تربت حیدریه,نیمسال اول,16,عادی,79
35732,مهندسی بهداشت حرفه ای و ایمنی کار,دانشگاه علوم پزشکی و خدمات بهداشتی درمانی تربت حیدریه,نیمسال اول,4,عادی,79
35733,مهندسی بهداشت حرفه ای و ایمنی کار,دانشگاه علوم پزشکی و خدمات بهداشتی درمانی سبزوار,نیمسال دوم,20,عادی,79
35734,مهندسی بهداشت حرفه ای و ایمنی کار,دانشگاه علوم پزشکی و خدمات بهداشتی درمانی سبزوار,نیمسال دوم,4,عادی,80
35735,مهندسی بهداشت حرفه ای و ایمنی کار,دانشگاه علوم پزشکی و خدمات بهداشتی درمانی گناباد,نیمسال اول,24,عادی,80
35736,مهندسی بهداشت حرفه ای و ایمنی کار,دانشگاه علوم پزشکی و خدمات بهداشتی درمانی گناباد,نیمسال اول,4,عادی,81
35738,مهندسی بهداشت حرفه ای و ایمنی کار,دانشگاه علوم پزشکی و خدمات بهداشتی درمانی مشهد,نیمسال اول,24,عادی,82
35740,مهندسی بهداشت حرفه ای و ایمنی کار,دانشگاه علوم پزشکی و خدمات بهداشتی درمانی مشهد,نیمسال اول,8,عادی,82
35741,مهندسی بهداشت حرفه ای و ایمنی کار,دانشگاه علوم پزشکی و خدمات بهداشتی درمانی نیشابور,نیمسال اول,20,عادی,83
35742,مهندسی بهداشت حرفه ای و ایمنی کار,دانشگاه علوم پزشکی و خدمات بهداشتی درمانی نیشابور,نیمسال اول,4,عادی,83
35743,مهندسی بهداشت حرفه ای و ایمنی کار,دانشگاه علوم پزشکی و خدمات بهداشتی درمانی بجنورد,نیمسال اول,16,عادی,85
35744,مهندسی بهداشت حرفه ای و ایمنی کار,دانشگاه علوم پزشکی و خدمات بهداشتی درمانی بجنورد,نیمسال اول,8,عادی,85
35745,مهندسی بهداشت حرفه ای و ایمنی کار,دانشکده علوم پزشکی و خدمات بهداشتی درمانی اسفراین,نیمسال دوم,16,عادی,86
35746,مهندسی بهداشت حرفه ای و ایمنی کار,دانشگاه علوم پزشکی و خدمات بهداشتی درمانی جندی شاپور اهواز,نیمسال اول,20,عادی,87
35747,مهندسی بهداشت حرفه ای و ایمنی کار,دانشگاه علوم پزشکی و خدمات بهداشتی درمانی جندی شاپور اهواز,نیمسال اول,4,عادی,87
13761,کتابداری و اطلاع‌رسانی پزشکی,دانشگاه علوم پزشکی و خدمات بهداشتی درمانی جندی شاپور اهواز,نیمسال اول,20,عادی,87
13762,کتابداری و اطلاع‌رسانی پزشکی,دانشگاه علوم پزشکی و خدمات بهداشتی درمانی جندی شاپور اهواز,نیمسال اول,5,عادی,87
35748,مهندسی بهداشت حرفه ای و ایمنی کار,دانشکده علوم پزشکی و خدمات بهداشتی درمانی بهبهان,نیمسال اول,16,عادی,90
35749,مهندسی بهداشت حرفه ای و ایمنی کار,دانشکده علوم پزشکی و خدمات بهداشتی درمانی شوشتر,نیمسال اول,16,عادی,90
35750,مهندسی بهداشت حرفه ای و ایمنی کار,دانشگاه علوم پزشکی و خدمات بهداشتی درمانی آبادان,نیمسال اول,20,عادی,91
13763,کتابداری و اطلاع‌رسانی پزشکی,دانشگاه علوم پزشکی و خدمات بهداشتی درمانی آبادان,نیمسال اول,25,عادی,91
35751,مهندسی بهداشت حرفه ای و ایمنی کار,دانشگاه علوم پزشکی و خدمات بهداشتی درمانی زنجان,نیمسال اول,20,عادی,92
35752,مهندسی بهداشت حرفه ای و ایمنی کار,دانشگاه علوم پزشکی و خدمات بهداشتی درمانی زنجان,نیمسال اول,4,عادی,92
35753,مهندسی بهداشت حرفه ای و ایمنی کار,دانشگاه علوم)پزشکی و خدمات بهداشتی درمانی سمنان (محل تحصیل دانشکده بهداشت دامغان,نیمسال اول,20,عادی,95
35754,مهندسی بهداشت حرفه ای و ایمنی کار,دانشگاه علوم پزشکی و خدمات بهداشتی درمانی شاهرود,نیمسال اول,15,عادی,97
35755,مهندسی بهداشت حرفه ای و ایمنی کار,دانشگاه علوم پزشکی و خدمات بهداشتی درمانی شاهرود,نیمسال اول,4,عادی,97
35756,مهندسی بهداشت حرفه ای و ایمنی کار,دانشگاه علوم پزشکی و خدمات بهداشتی درمانی ایرانشهر,نیمسال اول,20,عادی,98
14734,مهندسی بهداشت محیط,دانشگاه علوم پزشکی و خدمات بهداشتی درمانی ایرانشهر,نیمسال اول,25,عادی,98
35757,مهندسی بهداشت حرفه ای و ایمنی کار,دانشگاه علوم پزشکی و خدمات بهداشتی درمانی زابل,نیمسال اول,24,عادی,98
35758,مهندسی بهداشت حرفه ای و ایمنی کار,دانشگاه علوم پزشکی و خدمات بهداشتی درمانی زابل,نیمسال اول,4,عادی,98
14736,مدیریت خدمات بهداشتی درمانی,دانشگاه علوم پزشکی و خدمات بهداشتی درمانی زابل,نیمسال اول,20,عادی,99
14737,مهندسی بهداشت محیط,دانشگاه علوم پزشکی و خدمات بهداشتی درمانی زابل,نیمسال اول,35,عادی,99
14738,فناوری اطلاعات سلامت,دانشگاه علوم پزشکی و خدمات بهداشتی درمانی زابل,نیمسال اول,5,عادی,99
14739,مدیریت خدمات بهداشتی درمانی,دانشگاه علوم پزشکی و خدمات بهداشتی درمانی زابل,نیمسال اول,5,عادی,99
14740,مهندسی بهداشت محیط,دانشگاه علوم پزشکی و خدمات بهداشتی درمانی زابل,نیمسال اول,5,عادی,99
35759,مهندسی بهداشت حرفه ای و ایمنی کار,دانشگاه علوم پزشکی و خدمات بهداشتی درمانی زاهدان,نیمسال اول,20,عادی,100
35760,مهندسی بهداشت حرفه ای و ایمنی کار,دانشگاه علوم پزشکی و خدمات بهداشتی درمانی زاهدان,نیمسال اول,4,عادی,100
14741,علوم و صنایع غذایی / علوم و مهندسی صنایع غذایی,دانشگاه علوم پزشکی و خدمات بهداشتی درمانی زاهدان,نیمسال اول,25,عادی,101
14742,کتابداری و اطلاع‌رسانی پزشکی,دانشگاه علوم پزشکی و خدمات بهداشتی درمانی زاهدان,نیمسال اول,21,عادی,101
14743,علوم و صنایع غذایی / علوم و مهندسی صنایع غذایی,دانشگاه علوم پزشکی و خدمات بهداشتی درمانی زاهدان,نیمسال اول,5,عادی,101
14744,کتابداری و اطلاع‌رسانی پزشکی,دانشگاه علوم پزشکی و خدمات بهداشتی درمانی زاهدان,نیمسال اول,5,عادی,101
35761,مهندسی بهداشت حرفه ای و ایمنی کار,دانشگاه علوم پزشکی و خدمات بهداشتی درمانی شیراز,نیمسال اول,24,عادی,103
35762,مهندسی بهداشت حرفه ای و ایمنی کار,دانشگاه علوم پزشکی و خدمات بهداشتی درمانی شیراز,نیمسال اول,4,عادی,104
35763,مهندسی بهداشت حرفه ای و ایمنی کار,دانشکده علوم پزشکی و خدمات بهداشتی درمانی الرستان (محل تحصیل دانشکده بهداشت شهرستان اوز),نیمسال اول,12,عادی,107
35764,مهندسی بهداشت حرفه ای و ایمنی کار,دانشکده علوم پزشکی و خدمات بهداشتی درمانی الرستان (محل تحصیل دانشکده بهداشت شهرستان اوز),نیمسال اول,4,عادی,107
35765,مهندسی بهداشت حرفه ای و ایمنی کار,دانشگاه علوم پزشکی و خدمات بهداشتی درمانی قزوین,نیمسال اول,24,عادی,108
35766,مهندسی بهداشت حرفه ای و ایمنی کار,دانشگاه علوم پزشکی و خدمات بهداشتی درمانی قزوین,نیمسال اول,8,عادی,108
35767,مهندسی بهداشت حرفه ای و ایمنی کار,دانشگاه علوم پزشکی و خدمات بهداشتی درمانی قم,نیمسال اول,20,عادی,109
35768,مهندسی بهداشت حرفه ای و ایمنی کار,دانشگاه علوم پزشکی و خدمات بهداشتی درمانی قم,نیمسال اول,4,عادی,110
35769,مهندسی بهداشت حرفه ای و ایمنی کار,دانشگاه علوم پزشکی و خدمات بهداشتی درمانی کردستان - سنندج,نیمسال اول,20,عادی,111
35770,مهندسی بهداشت حرفه ای و ایمنی کار,دانشگاه علوم پزشکی و خدمات بهداشتی درمانی کردستان - سنندج,نیمسال اول,8,عادی,111
35771,مهندسی بهداشت حرفه ای و ایمنی کار,دانشگاه علوم پزشکی و خدمات بهداشتی درمانی بم,نیمسال اول,16,عادی,112
35772,مهندسی بهداشت حرفه ای و ایمنی کار,دانشگاه علوم پزشکی و خدمات بهداشتی درمانی بم,نیمسال اول,4,عادی,112
35773,مهندسی بهداشت حرفه ای و ایمنی کار,دانشگاه علوم پزشکی و خدمات بهداشتی درمانی کرمان,نیمسال اول,20,عادی,115
35774,مهندسی بهداشت حرفه ای و ایمنی کار,دانشگاه علوم پزشکی و خدمات بهداشتی درمانی کرمان,نیمسال اول,8,عادی,116
16249,کتابداری و اطلاع‌رسانی پزشکی,دانشگاه علوم پزشکی و خدمات بهداشتی درمانی کرمان,نیمسال اول,30,عادی,116
35775,مهندسی بهداشت حرفه ای و ایمنی کار,دانشکده علوم پزشکی و خدمات بهداشتی درمانی سیرجان,نیمسال اول,17,عادی,117
35776,مهندسی بهداشت حرفه ای و ایمنی کار,دانشگاه علوم پزشکی و خدمات بهداشتی درمانی کرمانشاه,نیمسال اول,20,عادی,117
35777,مهندسی بهداشت حرفه ای و ایمنی کار,دانشگاه علوم پزشکی و خدمات بهداشتی درمانی کرمانشاه,نیمسال اول,8,عادی,118
35778,مهندسی بهداشت حرفه ای و ایمنی کار,دانشگاه علوم پزشکی و خدمات بهداشتی درمانی یاسوج,نیمسال اول,20,عادی,119
35779,مهندسی بهداشت حرفه ای و ایمنی کار,دانشگاه علوم پزشکی و خدمات بهداشتی درمانی یاسوج,نیمسال اول,8,عادی,119
16775,علوم و صنایع غذایی / علوم و مهندسی صنایع غذایی,دانشگاه علوم پزشکی و خدمات بهداشتی درمانی یاسوج,نیمسال اول,20,عادی,119
16776,علوم و صنایع غذایی / علوم و مهندسی صنایع غذایی,دانشگاه علوم پزشکی و خدمات بهداشتی درمانی یاسوج,نیمسال اول,5,عادی,119
35781,مهندسی بهداشت حرفه ای و ایمنی کار,دانشگاه علوم پزشکی و خدمات بهداشتی درمانی گلستان - گرگان,نیمسال دوم,20,عادی,119
35782,مهندسی بهداشت حرفه ای و ایمنی کار,دانشگاه علوم پزشکی و خدمات بهداشتی درمانی گلستان - گرگان,نیمسال دوم,8,عادی,120
16943,کتابداری و اطلاع‌رسانی پزشکی,دانشگاه علوم پزشکی و خدمات بهداشتی درمانی گلستان - گرگان,نیمسال اول,15,عادی,120
35783,مهندسی بهداشت حرفه ای و ایمنی کار,دانشگاه علوم پزشکی و خدمات بهداشتی درمانی گیالن - رشت,نیمسال اول,20,عادی,121
35784,مهندسی بهداشت حرفه ای و ایمنی کار,دانشگاه علوم پزشکی و خدمات بهداشتی درمانی گیالن - رشت,نیمسال اول,8,عادی,121
35786,مهندسی بهداشت حرفه ای و ایمنی کار,دانشگاه علوم پزشکی و خدمات بهداشتی درمانی لرستان - خرم آباد,نیمسال اول,20,عادی,123
35787,مهندسی بهداشت حرفه ای و ایمنی کار,دانشگاه علوم پزشکی و خدمات بهداشتی درمانی مازندران - ساری,نیمسال اول,24,عادی,126
35788,مهندسی بهداشت حرفه ای و ایمنی کار,دانشگاه علوم پزشکی و خدمات بهداشتی درمانی مازندران - ساری,نیمسال اول,12,عادی,126
35789,مهندسی بهداشت حرفه ای و ایمنی کار,دانشگاه علوم پزشکی و خدمات بهداشتی درمانی اراک,نیمسال اول,20,عادی,128
35790,مهندسی بهداشت حرفه ای و ایمنی کار,دانشگاه علوم پزشکی و خدمات بهداشتی درمانی اراک,نیمسال اول,4,عادی,128
35791,مهندسی بهداشت حرفه ای و ایمنی کار,دانشکده علوم پزشکی و خدمات بهداشتی درمانی ساوه,نیمسال اول,16,عادی,130
35792,مهندسی بهداشت حرفه ای و ایمنی کار,دانشکده علوم پزشکی و خدمات بهداشتی درمانی ساوه,نیمسال اول,8,عادی,130
35793,مهندسی بهداشت حرفه ای و ایمنی کار,دانشگاه علوم پزشکی و خدمات بهداشتی درمانی هرمزگان - بندرعباس,نیمسال اول,20,عادی,132
35794,مهندسی بهداشت حرفه ای و ایمنی کار,دانشگاه علوم پزشکی و خدمات بهداشتی درمانی هرمزگان - بندرعباس,نیمسال اول,4,عادی,132
18574,فناوری اطلاعات سلامت,دانشگاه علوم پزشکی و خدمات بهداشتی درمانی هرمزگان - بندرعباس,نیمسال دوم,13,عادی,132
18575,فناوری اطلاعات سلامت,دانشگاه علوم پزشکی و خدمات بهداشتی درمانی هرمزگان - بندرعباس,نیمسال دوم,5,عادی,132
35795,مهندسی بهداشت حرفه ای و ایمنی کار,دانشگاه علوم پزشکی و خدمات بهداشتی درمانی همدان,نیمسال اول,32,عادی,134
35796,مهندسی بهداشت حرفه ای و ایمنی کار,دانشگاه علوم پزشکی و خدمات بهداشتی درمانی همدان,نیمسال اول,12,عادی,135
18796,کتابداری و اطلاع‌رسانی پزشکی,دانشگاه علوم پزشکی و خدمات بهداشتی درمانی همدان,نیمسال اول,25,عادی,135
18797,کتابداری و اطلاع‌رسانی پزشکی,دانشگاه علوم پزشکی و خدمات بهداشتی درمانی همدان,نیمسال اول,5,عادی,135
35799,مهندسی بهداشت حرفه ای و ایمنی کار,دانشگاه علوم پزشکی و خدمات بهداشتی درمانی یزد,نیمسال اول,20,عادی,137
35797,مهندسی بهداشت حرفه ای و ایمنی کار,دانشگاه علوم پزشکی و خدمات بهداشتی درمانی یزد (محل تحصیل دانشکده علوم پزشکی ابرکوه),نیمسال اول,20,عادی,138
35798,مهندسی بهداشت حرفه ای و ایمنی کار,دانشگاه علوم پزشکی و خدمات بهداشتی درمانی یزد (محل تحصیل دانشکده علوم پزشکی ابرکوه),نیمسال اول,8,عادی,138
38614,پزشکی,دانشگاه علوم پزشکی و خدمات بهداشتی درمانی البرز - کرج,نیمسال دوم,26,تعهد خدمت,149
38615,دندانپزشکی,دانشگاه علوم پزشکی و خدمات بهداشتی درمانی البرز - کرج,نیمسال اول,8,تعهد خدمت,149
38618,دندانپزشکی,دانشگاه علوم پزشکی و خدمات بهداشتی درمانی ایالم,نیمسال اول,9,تعهد خدمت,149
38622,پزشکی,دانشگاه علوم پزشکی و خدمات بهداشتی درمانی اصفهان,نیمسال دوم,8,تعهد خدمت,149
38627,پزشکی,دانشگاه علوم پزشکی و خدمات بهداشتی درمانی تربت حیدریه,نیمسال اول,1,تعهد خدمت,150
38628,پزشکی,دانشگاه علوم پزشکی و خدمات بهداشتی درمانی تهران,نیمسال اول,6,تعهد خدمت,150
38629,پزشکی,دانشگاه علوم پزشکی و خدمات بهداشتی درمانی جندی شاپور اهواز,نیمسال اول,30,تعهد خدمت,150
38630,پزشکی,دانشگاه علوم پزشکی و خدمات بهداشتی درمانی جهرم,نیمسال اول,7,تعهد خدمت,150
38631,پزشکی,دانشگاه علوم پزشکی و خدمات بهداشتی درمانی دزفول,نیمسال دوم,7,تعهد خدمت,150
38632,پزشکی,دانشگاه علوم پزشکی و خدمات بهداشتی درمانی رفسنجان,نیمسال اول,5,تعهد خدمت,150
38633,پزشکی,دانشگاه علوم پزشکی و خدمات بهداشتی درمانی زنجان,نیمسال اول,7,تعهد خدمت,150
38634,پزشکی,دانشگاه علوم پزشکی و خدمات بهداشتی درمانی سبزوار,نیمسال دوم,2,تعهد خدمت,150
38635,پزشکی,دانشگاه علوم پزشکی و خدمات بهداشتی درمانی سمنان,نیمسال اول,1,تعهد خدمت,150
38636,پزشکی,دانشگاه علوم پزشکی و خدمات بهداشتی درمانی شاهرود,نیمسال دوم,1,تعهد خدمت,150
38637,پزشکی,دانشگاه علوم پزشکی و خدمات بهداشتی درمانی شهرکرد,نیمسال اول,10,تعهد خدمت,150
38638,پزشکی,دانشگاه علوم پزشکی و خدمات بهداشتی درمانی شهید بهشتی - تهران,نیمسال اول,5,تعهد خدمت,150
38639,پزشکی,دانشگاه علوم پزشکی و خدمات بهداشتی درمانی شیراز,نیمسال اول,14,تعهد خدمت,150
38640,پزشکی,دانشگاه علوم پزشکی و خدمات بهداشتی درمانی فسا,نیمسال دوم,5,تعهد خدمت,150
38641,پزشکی,دانشگاه علوم پزشکی و خدمات بهداشتی درمانی قزوین,نیمسال دوم,7,تعهد خدمت,151
38642,پزشکی,دانشگاه علوم پزشکی و خدمات بهداشتی درمانی قم,نیمسال دوم,3,تعهد خدمت,151
38643,پزشکی,دانشگاه علوم پزشکی و خدمات بهداشتی درمانی کاشان,نیمسال اول,5,تعهد خدمت,151
38644,پزشکی,دانشگاه علوم پزشکی و خدمات بهداشتی درمانی کرمان,نیمسال اول,3,تعهد خدمت,151
38645,پزشکی,دانشگاه علوم پزشکی و خدمات بهداشتی درمانی کرمانشاه,نیمسال اول,12,تعهد خدمت,151
38646,پزشکی,دانشگاه علوم پزشکی و خدمات بهداشتی درمانی گیالن - رشت,نیمسال دوم,3,تعهد خدمت,151
38647,پزشکی,دانشگاه علوم پزشکی و خدمات بهداشتی درمانی لرستان,نیمسال اول,8,تعهد خدمت,151
38648,پزشکی,دانشگاه علوم پزشکی و خدمات بهداشتی درمانی همدان,نیمسال اول,7,تعهد خدمت,151
38649,پزشکی,دانشگاه علوم پزشکی و خدمات بهداشتی درمانی یاسوج,نیمسال دوم,6,تعهد خدمت,151
38650,پزشکی,دانشگاه علوم پزشکی و خدمات بهداشتی درمانی یزد,نیمسال اول,5,تعهد خدمت,151
38651,پزشکی,دانشگاه علوم پزشکی و خدمات بهداشتی درمانی آبادان,نیمسال دوم,7,تعهد خدمت,151
38652,دندانپزشکی,دانشگاه علوم پزشکی و خدمات بهداشتی درمانی ایالم,نیمسال اول,5,تعهد خدمت,151
38653,دندانپزشکی,دانشگاه علوم پزشکی و خدمات بهداشتی درمانی بوشهر,نیمسال اول,12,تعهد خدمت,151
38654,دندانپزشکی,دانشگاه علوم پزشکی و خدمات بهداشتی درمانی تهران,نیمسال اول,1,تعهد خدمت,151
38655,دندانپزشکی,دانشگاه علوم پزشکی و خدمات بهداشتی درمانی شهید بهشتی - تهران,نیمسال اول,2,تعهد خدمت,152
38656,دندانپزشکی,دانشگاه علوم پزشکی و خدمات بهداشتی درمانی کرمان,نیمسال اول,1,تعهد خدمت,152
38657,دندانپزشکی,دانشگاه علوم پزشکی و خدمات بهداشتی درمانی کرمانشاه,نیمسال اول,4,تعهد خدمت,152
38658,دندانپزشکی,دانشگاه علوم پزشکی و خدمات بهداشتی درمانی گیالن - رشت ( محل تحصیل دانش کده دندانپزشکی ),نیمسال اول,1,تعهد خدمت,152
38659,پزشکی,دانشگاه علوم پزشکی و خدمات بهداشتی درمانی ایران,نیمسال اول,40,تعهد خدمت,152
38660,پزشکی,دانشگاه علوم پزشکی و خدمات بهداشتی درمانی ایران,نیمسال دوم,40,تعهد خدمت,152
38661,پزشکی,دانشگاه علوم پزشکی و خدمات بهداشتی درمانی تهران,نیمسال دوم,10,تعهد خدمت,152
38662,پزشکی,دانشگاه علوم پزشکی و خدمات بهداشتی درمانی شهید بهشتی - تهران,نیمسال اول,9,تعهد خدمت,152
38663,پزشکی,دانشگاه علوم پزشکی و خدمات بهداشتی درمانی شهید بهشتی - تهران,نیمسال دوم,9,تعهد خدمت,152
38664,دندانپزشکی,دانشگاه علوم پزشکی و خدمات بهداشتی درمانی تهران,نیمسال اول,7,تعهد خدمت,152
38665,دندانپزشکی,دانشگاه علوم پزشکی و خدمات بهداشتی درمانی شهید بهشتی - تهران,نیمسال دوم,6,تعهد خدمت,152
38666,پزشکی,دانشگاه علوم پزشکی و خدمات بهداشتی درمانی شهرکرد,نیمسال دوم,10,تعهد خدمت,152
38667,پزشکی,دانشگاه علوم پزشکی و خدمات بهداشتی درمانی شهرکرد,نیمسال اول,10,تعهد خدمت,152
38668,پزشکی,دانشگاه علوم پزشکی و خدمات بهداشتی درمانی بیرجند,نیمسال دوم,21,تعهد خدمت,153
38669,دندانپزشکی,دانشگاه علوم پزشکی و خدمات بهداشتی درمانی بیرجند,نیمسال اول,12,تعهد خدمت,153
38670,پزشکی,دانشگاه علوم پزشکی و خدمات بهداشتی درمانی تربت حیدریه,نیمسال اول,4,تعهد خدمت,153
38671,پزشکی,دانشگاه علوم پزشکی و خدمات بهداشتی درمانی سبزوار,نیمسال دوم,23,تعهد خدمت,153
38672,پزشکی,دانشگاه علوم پزشکی و خدمات بهداشتی درمانی گناباد,نیمسال اول,13,تعهد خدمت,153
38673,پزشکی,دانشگاه علوم پزشکی و خدمات بهداشتی درمانی گناباد,نیمسال دوم,12,تعهد خدمت,153
38674,پزشکی,دانشگاه علوم پزشکی و خدمات بهداشتی درمانی مشهد,نیمسال دوم,15,تعهد خدمت,153
38675,پزشکی,دانشگاه علوم پزشکی و خدمات بهداشتی درمانی نیشابور,نیمسال اول,8,تعهد خدمت,153
38676,دندانپزشکی,دانشگاه علوم پزشکی و خدمات بهداشتی درمانی مشهد,نیمسال اول,1,تعهد خدمت,153
38677,پزشکی,دانشگاه علوم پزشکی و خدمات بهداشتی درمانی بجنورد,نیمسال اول,10,تعهد خدمت,153
38678,پزشکی,دانشگاه علوم پزشکی و خدمات بهداشتی درمانی بجنورد,نیمسال دوم,11,تعهد خدمت,153
38679,پزشکی,دانشگاه علوم پزشکی و خدمات بهداشتی درمانی جندی شاپور اهواز,نیمسال دوم,45,تعهد خدمت,153
38680,پزشکی,دانشگاه علوم پزشکی و خدمات بهداشتی درمانی جندی شاپور اهواز ( محل تحصیل دانش کده علوم پزشکی بهبهان ),نیمسال اول,7,تعهد خدمت,153
38681,پزشکی,دانشگاه علوم پزشکی و خدمات بهداشتی درمانی دزفول,نیمسال اول,17,تعهد خدمت,154
38682,پزشکی,دانشگاه علوم پزشکی و خدمات بهداشتی درمانی آبادان,نیمسال اول,20,تعهد خدمت,154
38683,دندانپزشکی,دانشگاه علوم پزشکی و خدمات بهداشتی درمانی جندی شاپور اهواز,نیمسال اول,5,تعهد خدمت,154
38684,پزشکی,دانشگاه علوم پزشکی و خدمات بهداشتی درمانی زنجان,نیمسال دوم,16,تعهد خدمت,154
38685,پزشکی,دانشگاه علوم پزشکی و خدمات بهداشتی درمانی زنجان,نیمسال اول,15,تعهد خدمت,154
38686,دندانپزشکی,دانشگاه علوم پزشکی و خدمات بهداشتی درمانی زنجان,نیمسال اول,10,تعهد خدمت,154
38687,پزشکی,دانشگاه علوم پزشکی و خدمات بهداشتی درمانی سمنان,نیمسال اول,25,تعهد خدمت,154
38688,پزشکی,دانشگاه علوم پزشکی و خدمات بهداشتی درمانی شاهرود,نیمسال اول,6,تعهد خدمت,154
38689,پزشکی,دانشگاه علوم پزشکی و خدمات بهداشتی درمانی شاهرود,نیمسال دوم,7,تعهد خدمت,154
38690,دندانپزشکی,دانشگاه علوم پزشکی و خدمات بهداشتی درمانی سمنان,نیمسال اول,11,تعهد خدمت,154
38691,پزشکی,دانشگاه علوم پزشکی و خدمات بهداشتی درمانی اراک,نیمسال اول,2,تعهد خدمت,154
38695,پزشکی,دانشگاه علوم پزشکی و خدمات بهداشتی درمانی اردبیل,نیمسال دوم,2,تعهد خدمت,155
38708,پزشکی,دانشگاه علوم پزشکی و خدمات بهداشتی درمانی البرز - کرج,نیمسال اول,2,تعهد خدمت,155
38712,پزشکی,دانشگاه علوم پزشکی و خدمات بهداشتی درمانی ایران,نیمسال اول,5,تعهد خدمت,155
38713,پزشکی,دانشگاه علوم پزشکی و خدمات بهداشتی درمانی ایرانشهر,نیمسال دوم,5,تعهد خدمت,155
38717,پزشکی,دانشگاه علوم پزشکی و خدمات بهداشتی درمانی بابل,نیمسال دوم,5,تعهد خدمت,155
38721,پزشکی,دانشگاه علوم پزشکی و خدمات بهداشتی درمانی بجنورد,نیمسال دوم,3,تعهد خدمت,155
38724,پزشکی,دانشگاه علوم پزشکی و خدمات بهداشتی درمانی بیرجند,نیمسال اول,8,تعهد خدمت,155
38729,پزشکی,دانشگاه علوم پزشکی و خدمات بهداشتی درمانی تبریز,نیمسال دوم,5,تعهد خدمت,155
38732,پزشکی,دانشگاه علوم پزشکی و خدمات بهداشتی درمانی تربت حیدریه,نیمسال دوم,2,تعهد خدمت,155
38737,پزشکی,دانشگاه علوم پزشکی و خدمات بهداشتی درمانی تهران,نیمسال دوم,6,تعهد خدمت,155
38741,پزشکی,دانشگاه علوم پزشکی و خدمات بهداشتی درمانی جندی شاپور اهواز,نیمسال اول,4,تعهد خدمت,156
38745,پزشکی,دانشگاه علوم پزشکی و خدمات بهداشتی درمانی جهرم,نیمسال اول,5,تعهد خدمت,156
38749,پزشکی,دانشگاه علوم پزشکی و خدمات بهداشتی درمانی جیرفت,نیمسال اول,2,تعهد خدمت,156
38833,دندانپزشکی,دانشگاه علوم پزشکی و خدمات بهداشتی درمانی جندی شاپور اهواز,نیمسال اول,1,تعهد خدمت,158
38692,پزشکی,دانشگاه علوم پزشکی و خدمات بهداشتی درمانی اراک,نیمسال اول,4,تعهد خدمت,158
38698,پزشکی,دانشگاه علوم پزشکی و خدمات بهداشتی درمانی اردبیل,نیمسال دوم,2,تعهد خدمت,158
38700,پزشکی,دانشگاه علوم پزشکی و خدمات بهداشتی درمانی ارومیه,نیمسال دوم,1,تعهد خدمت,158
38705,پزشکی,دانشگاه علوم پزشکی و خدمات بهداشتی درمانی البرز - کرج,نیمسال اول,2,تعهد خدمت,159
38709,پزشکی,دانشگاه علوم پزشکی و خدمات بهداشتی درمانی ایران,نیمسال دوم,5,تعهد خدمت,159
38714,پزشکی,دانشگاه علوم پزشکی و خدمات بهداشتی درمانی بابل,نیمسال اول,5,تعهد خدمت,159
38718,پزشکی,دانشگاه علوم پزشکی و خدمات بهداشتی درمانی بجنورد,نیمسال دوم,3,تعهد خدمت,159
38725,پزشکی,دانشگاه علوم پزشکی و خدمات بهداشتی درمانی بیرجند,نیمسال دوم,7,تعهد خدمت,159
38726,پزشکی,دانشگاه علوم پزشکی و خدمات بهداشتی درمانی تبریز,نیمسال اول,5,تعهد خدمت,159
38730,پزشکی,دانشگاه علوم پزشکی و خدمات بهداشتی درمانی تربت حیدریه,نیمسال دوم,2,تعهد خدمت,159
38734,پزشکی,دانشگاه علوم پزشکی و خدمات بهداشتی درمانی تهران,نیمسال دوم,8,تعهد خدمت,159
38738,پزشکی,دانشگاه علوم پزشکی و خدمات بهداشتی درمانی جندی شاپور اهواز,نیمسال اول,6,تعهد خدمت,159
38742,پزشکی,دانشگاه علوم پزشکی و خدمات بهداشتی درمانی جهرم,نیمسال اول,5,تعهد خدمت,159
38746,پزشکی,دانشگاه علوم پزشکی و خدمات بهداشتی درمانی جیرفت,نیمسال اول,5,تعهد خدمت,159
38750,پزشکی,دانشگاه علوم پزشکی و خدمات بهداشتی درمانی دزفول,نیمسال اول,1,تعهد خدمت,159
38693,پزشکی,دانشگاه علوم پزشکی و خدمات بهداشتی درمانی اراک,نیمسال اول,1,تعهد خدمت,161
38697,پزشکی,دانشگاه علوم پزشکی و خدمات بهداشتی درمانی اردبیل,نیمسال دوم,1,تعهد خدمت,161
38699,پزشکی,دانشگاه علوم پزشکی و خدمات بهداشتی درمانی ارومیه,نیمسال دوم,1,تعهد خدمت,161
38706,پزشکی,دانشگاه علوم پزشکی و خدمات بهداشتی درمانی البرز - کرج,نیمسال اول,2,تعهد خدمت,162
38710,پزشکی,دانشگاه علوم پزشکی و خدمات بهداشتی درمانی ایران,نیمسال دوم,5,تعهد خدمت,162
38715,پزشکی,دانشگاه علوم پزشکی و خدمات بهداشتی درمانی بابل,نیمسال اول,4,تعهد خدمت,162
38719,پزشکی,دانشگاه علوم پزشکی و خدمات بهداشتی درمانی بجنورد,نیمسال دوم,3,تعهد خدمت,162
38722,پزشکی,دانشگاه علوم پزشکی و خدمات بهداشتی درمانی بیرجند,نیمسال دوم,7,تعهد خدمت,162
38727,پزشکی,دانشگاه علوم پزشکی و خدمات بهداشتی درمانی تبریز,نیمسال اول,5,تعهد خدمت,162
38731,پزشکی,دانشگاه علوم پزشکی و خدمات بهداشتی درمانی تربت حیدریه,نیمسال دوم,2,تعهد خدمت,162
38735,پزشکی,دانشگاه علوم پزشکی و خدمات بهداشتی درمانی تهران,نیمسال دوم,8,تعهد خدمت,162
38739,پزشکی,دانشگاه علوم پزشکی و خدمات بهداشتی درمانی جندی شاپور اهواز,نیمسال اول,5,تعهد خدمت,162
38743,پزشکی,دانشگاه علوم پزشکی و خدمات بهداشتی درمانی جهرم,نیمسال اول,5,تعهد خدمت,162
38747,پزشکی,دانشگاه علوم پزشکی و خدمات بهداشتی درمانی جیرفت,نیمسال اول,5,تعهد خدمت,162
38694,پزشکی,دانشگاه علوم پزشکی و خدمات بهداشتی درمانی اراک,نیمسال اول,2,تعهد خدمت,165
38696,پزشکی,دانشگاه علوم پزشکی و خدمات بهداشتی درمانی اردبیل,نیمسال دوم,2,تعهد خدمت,165
38703,پزشکی,دانشگاه علوم پزشکی و خدمات بهداشتی درمانی اصفهان,نیمسال دوم,2,تعهد خدمت,165
38707,پزشکی,دانشگاه علوم پزشکی و خدمات بهداشتی درمانی البرز - کرج,نیمسال اول,2,تعهد خدمت,165
38711,پزشکی,دانشگاه علوم پزشکی و خدمات بهداشتی درمانی ایران,نیمسال اول,5,تعهد خدمت,165
38716,پزشکی,دانشگاه علوم پزشکی و خدمات بهداشتی درمانی بابل,نیمسال اول,4,تعهد خدمت,165
38720,پزشکی,دانشگاه علوم پزشکی و خدمات بهداشتی درمانی بجنورد,نیمسال دوم,2,تعهد خدمت,165
38723,پزشکی,دانشگاه علوم پزشکی و خدمات بهداشتی درمانی بیرجند,نیمسال دوم,5,تعهد خدمت,165
38728,پزشکی,دانشگاه علوم پزشکی و خدمات بهداشتی درمانی تبریز,نیمسال اول,5,تعهد خدمت,165
38733,پزشکی,دانشگاه علوم پزشکی و خدمات بهداشتی درمانی تربت حیدریه,نیمسال اول,2,تعهد خدمت,165
38736,پزشکی,دانشگاه علوم پزشکی و خدمات بهداشتی درمانی تهران,نیمسال دوم,6,تعهد خدمت,165
38740,پزشکی,دانشگاه علوم پزشکی و خدمات بهداشتی درمانی جندی شاپور اهواز,نیمسال اول,3,تعهد خدمت,166
38744,پزشکی,دانشگاه علوم پزشکی و خدمات بهداشتی درمانی جهرم,نیمسال اول,2,تعهد خدمت,166
38748,پزشکی,دانشگاه علوم پزشکی و خدمات بهداشتی درمانی جیرفت,نیمسال اول,6,تعهد خدمت,166
38885,دندانپزشکی,دانشگاه علوم پزشکی و خدمات بهداشتی درمانی ایالم,نیمسال اول,1,تعهد خدمت,169
38886,دندانپزشکی,دانشگاه علوم پزشکی و خدمات بهداشتی درمانی تبریز,نیمسال اول,1,تعهد خدمت,169
38887,دندانپزشکی,دانشگاه علوم پزشکی و خدمات بهداشتی درمانی تهران,نیمسال اول,1,تعهد خدمت,170
38888,دندانپزشکی,دانشگاه علوم پزشکی و خدمات بهداشتی درمانی زنجان,نیمسال اول,1,تعهد خدمت,170
38889,دندانپزشکی,دانشگاه علوم پزشکی و خدمات بهداشتی درمانی شهید بهشتی - تهران,نیمسال دوم,2,تعهد خدمت,170
38890,دندانپزشکی,دانشگاه علوم پزشکی و خدمات بهداشتی درمانی کردستان - سنندج,نیمسال اول,15,تعهد خدمت,170
38891,دندانپزشکی,دانشگاه علوم پزشکی و خدمات بهداشتی درمانی کرمانشاه,نیمسال اول,8,تعهد خدمت,170
38892,دندانپزشکی,دانشگاه علوم پزشکی و خدمات بهداشتی درمانی گیالن - رشت ( محل تحصیل دانش کده دندانپزشکی ),نیمسال اول,1,تعهد خدمت,170
38893,پزشکی,دانشگاه علوم پزشکی و خدمات بهداشتی درمانی بم,نیمسال اول,11,تعهد خدمت,170
38894,پزشکی,دانشگاه علوم پزشکی و خدمات بهداشتی درمانی جیرفت,نیمسال اول,4,تعهد خدمت,170
38895,پزشکی,دانشگاه علوم پزشکی و خدمات بهداشتی درمانی رفسنجان,نیمسال اول,24,تعهد خدمت,170
38896,پزشکی,دانشگاه علوم پزشکی و خدمات بهداشتی درمانی کرمان,نیمسال دوم,23,تعهد خدمت,170
38897,دندانپزشکی,دانشگاه علوم پزشکی و خدمات بهداشتی درمانی کرمان,نیمسال اول,2,تعهد خدمت,170
38898,پزشکی,دانشگاه علوم پزشکی و خدمات بهداشتی درمانی کرمانشاه,نیمسال اول,15,تعهد خدمت,170
38899,پزشکی,دانشگاه علوم پزشکی و خدمات بهداشتی درمانی یاسوج,نیمسال اول,13,تعهد خدمت,171
38900,دندانپزشکی,دانشگاه علوم پزشکی و خدمات بهداشتی درمانی یاسوج,نیمسال اول,7,تعهد خدمت,171
38901,پزشکی,دانشگاه علوم پزشکی و خدمات بهداشتی درمانی اردبیل,نیمسال دوم,3,تعهد خدمت,171
38902,پزشکی,دانشگاه علوم پزشکی و خدمات بهداشتی درمانی ایران,نیمسال دوم,5,تعهد خدمت,171
38903,پزشکی,دانشگاه علوم پزشکی و خدمات بهداشتی درمانی بابل,نیمسال دوم,10,تعهد خدمت,171
38904,پزشکی,دانشگاه علوم پزشکی و خدمات بهداشتی درمانی تهران,نیمسال اول,5,تعهد خدمت,171
38905,پزشکی,دانشگاه علوم پزشکی و خدمات بهداشتی درمانی شهید بهشتی - تهران,نیمسال اول,5,تعهد خدمت,171
38906,پزشکی,دانشگاه علوم پزشکی و خدمات بهداشتی درمانی گلستان - گرگان,نیمسال اول,27,تعهد خدمت,171
38907,پزشکی,دانشگاه علوم پزشکی و خدمات بهداشتی درمانی گلستان - گرگان,نیمسال دوم,28,تعهد خدمت,171
38908,پزشکی,دانشگاه علوم پزشکی و خدمات بهداشتی درمانی گیالن - رشت,نیمسال دوم,3,تعهد خدمت,171
38909,پزشکی,دانشگاه علوم پزشکی و خدمات بهداشتی درمانی مازندران - ساری,نیمسال دوم,15,تعهد خدمت,171
38910,پزشکی,دانشگاه علوم پزشکی و خدمات بهداشتی درمانی مشهد,نیمسال اول,10,تعهد خدمت,171
38911,دندانپزشکی,دانشگاه علوم پزشکی و خدمات بهداشتی درمانی اردبیل,نیمسال دوم,4,تعهد خدمت,171
38912,دندانپزشکی,دانشگاه علوم پزشکی و خدمات بهداشتی درمانی بابل,نیمسال دوم,1,تعهد خدمت,171
38913,دندانپزشکی,دانشگاه علوم پزشکی و خدمات بهداشتی درمانی تبریز,نیمسال اول,1,تعهد خدمت,172
38914,دندانپزشکی,دانشگاه علوم پزشکی و خدمات بهداشتی درمانی قزوین,نیمسال اول,1,تعهد خدمت,172
38915,دندانپزشکی,دانشگاه علوم پزشکی و خدمات بهداشتی درمانی گلستان - گرگان,نیمسال اول,7,تعهد خدمت,172
38916,دندانپزشکی,دانشگاه علوم پزشکی و خدمات بهداشتی درمانی گیالن - رشت ( محل تحصیل دانش کده دندانپزشکی ),نیمسال اول,1,تعهد خدمت,172
38917,پزشکی,دانشگاه علوم پزشکی و خدمات بهداشتی درمانی گیالن - رشت,نیمسال اول,15,تعهد خدمت,172
38918,پزشکی,دانشگاه علوم پزشکی و خدمات بهداشتی درمانی گیالن - رشت ( محل تحصیل دانش کده پزشکی ),نیمسال دوم,20,تعهد خدمت,172
38919,دندانپزشکی,دانشگاه علوم پزشکی و خدمات بهداشتی درمانی گیالن - رشت ( محل تحصیل دانش کده دندانپزشکی ),نیمسال دوم,7,تعهد خدمت,172
38920,پزشکی,دانشگاه علوم پزشکی و خدمات بهداشتی درمانی لرستان,نیمسال دوم,24,تعهد خدمت,172
38921,دندانپزشکی,دانشگاه علوم پزشکی و خدمات بهداشتی درمانی لرستان,نیمسال اول,12,تعهد خدمت,172
38922,پزشکی,دانشگاه علوم پزشکی و خدمات بهداشتی درمانی بابل,نیمسال اول,35,تعهد خدمت,172
38923,پزشکی,دانشگاه علوم پزشکی و خدمات بهداشتی درمانی بابل,نیمسال دوم,36,تعهد خدمت,172
38924,پزشکی,دانشگاه علوم پزشکی و خدمات بهداشتی درمانی مازندران - ساری,نیمسال اول,37,تعهد خدمت,172
38925,دندانپزشکی,دانشگاه علوم پزشکی و خدمات بهداشتی درمانی بابل,نیمسال دوم,13,تعهد خدمت,173
38926,دندانپزشکی,دانشگاه علوم پزشکی و خدمات بهداشتی درمانی مازندران - ساری,نیمسال اول,7,تعهد خدمت,173
38927,پزشکی,دانشگاه علوم پزشکی و خدمات بهداشتی درمانی اراک,نیمسال دوم,34,تعهد خدمت,173
38928,پزشکی,دانشگاه علوم پزشکی و خدمات بهداشتی درمانی اراک,نیمسال اول,33,تعهد خدمت,173
38929,پزشکی,دانشگاه علوم پزشکی و خدمات بهداشتی درمانی اصفهان,نیمسال اول,2,تعهد خدمت,173
38930,پزشکی,دانشگاه علوم پزشکی و خدمات بهداشتی درمانی اصفهان,نیمسال اول,2,تعهد خدمت,173
38931,پزشکی,دانشگاه علوم پزشکی و خدمات بهداشتی درمانی اصفهان,نیمسال اول,2,تعهد خدمت,173
38932,پزشکی,دانشگاه علوم پزشکی و خدمات بهداشتی درمانی البرز - کرج,نیمسال دوم,2,تعهد خدمت,173
38933,پزشکی,دانشگاه علوم پزشکی و خدمات بهداشتی درمانی البرز - کرج,نیمسال دوم,2,تعهد خدمت,173
38934,پزشکی,دانشگاه علوم پزشکی و خدمات بهداشتی درمانی البرز - کرج,نیمسال دوم,2,تعهد خدمت,173
38935,پزشکی,دانشگاه علوم پزشکی و خدمات بهداشتی درمانی ایران,نیمسال اول,2,تعهد خدمت,173
38936,پزشکی,دانشگاه علوم پزشکی و خدمات بهداشتی درمانی ایران,نیمسال دوم,2,تعهد خدمت,173
38937,پزشکی,دانشگاه علوم پزشکی و خدمات بهداشتی درمانی ایران,نیمسال دوم,2,تعهد خدمت,173
38938,پزشکی,دانشگاه علوم پزشکی و خدمات بهداشتی درمانی تبریز,نیمسال دوم,2,تعهد خدمت,174
38939,پزشکی,دانشگاه علوم پزشکی و خدمات بهداشتی درمانی تبریز,نیمسال دوم,2,تعهد خدمت,174
38940,پزشکی,دانشگاه علوم پزشکی و خدمات بهداشتی درمانی تبریز,نیمسال دوم,2,تعهد خدمت,174
38941,پزشکی,دانشگاه علوم پزشکی و خدمات بهداشتی درمانی تهران,نیمسال اول,8,تعهد خدمت,174
38942,پزشکی,دانشگاه علوم پزشکی و خدمات بهداشتی درمانی تهران,نیمسال اول,6,تعهد خدمت,174
38943,پزشکی,دانشگاه علوم پزشکی و خدمات بهداشتی درمانی تهران,نیمسال اول,5,تعهد خدمت,174
38944,پزشکی,دانشگاه علوم پزشکی و خدمات بهداشتی درمانی جندی شاپور اهواز,نیمسال دوم,5,تعهد خدمت,174
38945,پزشکی,دانشگاه علوم پزشکی و خدمات بهداشتی درمانی جندی شاپور اهواز,نیمسال دوم,4,تعهد خدمت,174
38946,پزشکی,دانشگاه علوم پزشکی و خدمات بهداشتی درمانی جندی شاپور اهواز,نیمسال دوم,4,تعهد خدمت,174
38947,پزشکی,دانشگاه علوم پزشکی و خدمات بهداشتی درمانی جهرم,نیمسال اول,3,تعهد خدمت,174
38948,پزشکی,دانشگاه علوم پزشکی و خدمات بهداشتی درمانی رفسنجان,نیمسال اول,5,تعهد خدمت,174
38949,پزشکی,دانشگاه علوم پزشکی و خدمات بهداشتی درمانی رفسنجان,نیمسال اول,2,تعهد خدمت,174
38950,پزشکی,دانشگاه علوم پزشکی و خدمات بهداشتی درمانی رفسنجان,نیمسال اول,1,تعهد خدمت,175
38954,پزشکی,دانشگاه علوم پزشکی و خدمات بهداشتی درمانی شیراز,نیمسال اول,9,تعهد خدمت,175
38955,پزشکی,دانشگاه علوم پزشکی و خدمات بهداشتی درمانی شیراز,نیمسال اول,5,تعهد خدمت,175
38956,پزشکی,دانشگاه علوم پزشکی و خدمات بهداشتی درمانی شیراز,نیمسال دوم,4,تعهد خدمت,175
38957,پزشکی,دانشگاه علوم پزشکی و خدمات بهداشتی درمانی فسا,نیمسال اول,3,تعهد خدمت,175
38958,پزشکی,دانشگاه علوم پزشکی و خدمات بهداشتی درمانی فسا,نیمسال اول,3,تعهد خدمت,175
38959,پزشکی,دانشگاه علوم پزشکی و خدمات بهداشتی درمانی فسا,نیمسال اول,3,تعهد خدمت,175
38960,پزشکی,دانشگاه علوم پزشکی و خدمات بهداشتی درمانی کرمان,نیمسال اول,5,تعهد خدمت,175
38961,پزشکی,دانشگاه علوم پزشکی و خدمات بهداشتی درمانی کرمان,نیمسال دوم,2,تعهد خدمت,175
38962,پزشکی,دانشگاه علوم پزشکی و خدمات بهداشتی درمانی کرمان,نیمسال دوم,2,تعهد خدمت,176
38963,پزشکی,دانشگاه علوم پزشکی و خدمات بهداشتی درمانی هرمزگان - بندرعباس,نیمسال دوم,20,تعهد خدمت,176
38964,پزشکی,دانشگاه علوم پزشکی و خدمات بهداشتی درمانی هرمزگان - بندرعباس,نیمسال اول,19,تعهد خدمت,176
38965,پزشکی,دانشگاه علوم پزشکی و خدمات بهداشتی درمانی هرمزگان - بندرعباس,نیمسال دوم,20,تعهد خدمت,176
38966,پزشکی,دانشگاه علوم پزشکی و خدمات بهداشتی درمانی هرمزگان - بندرعباس,نیمسال دوم,19,تعهد خدمت,176
38967,پزشکی,دانشگاه علوم پزشکی و خدمات بهداشتی درمانی یزد,نیمسال اول,2,تعهد خدمت,176
38968,دندانپزشکی,دانشگاه علوم پزشکی و خدمات بهداشتی درمانی اصفهان,نیمسال اول,10,تعهد خدمت,176
38969,دندانپزشکی,دانشگاه علوم پزشکی و خدمات بهداشتی درمانی اصفهان,نیمسال اول,2,تعهد خدمت,176
38970,دندانپزشکی,دانشگاه علوم پزشکی و خدمات بهداشتی درمانی اصفهان,نیمسال اول,2,تعهد خدمت,176
38971,دندانپزشکی,دانشگاه علوم پزشکی و خدمات بهداشتی درمانی تهران,نیمسال اول,2,تعهد خدمت,176
38972,دندانپزشکی,دانشگاه علوم پزشکی و خدمات بهداشتی درمانی شهرکرد,نیمسال اول,2,تعهد خدمت,176
38973,دندانپزشکی,دانشگاه علوم پزشکی و خدمات بهداشتی درمانی شهید بهشتی - تهران,نیمسال اول,3,تعهد خدمت,176
38974,دندانپزشکی,دانشگاه علوم پزشکی و خدمات بهداشتی درمانی شیراز,نیمسال اول,3,تعهد خدمت,177
38975,دندانپزشکی,دانشگاه علوم پزشکی و خدمات بهداشتی درمانی کرمان,نیمسال اول,3,تعهد خدمت,177
38976,دندانپزشکی,دانشگاه علوم پزشکی و خدمات بهداشتی درمانی هرمزگان - بندرعباس,نیمسال اول,4,تعهد خدمت,177
38977,دندانپزشکی,دانشگاه علوم پزشکی و خدمات بهداشتی درمانی هرمزگان - بندرعباس,نیمسال اول,4,تعهد خدمت,177
38978,دندانپزشکی,دانشگاه علوم پزشکی و خدمات بهداشتی درمانی هرمزگان - بندرعباس,نیمسال اول,6,تعهد خدمت,177
38979,دندانپزشکی,دانشگاه علوم پزشکی و خدمات بهداشتی درمانی همدان,نیمسال اول,1,تعهد خدمت,177
38980,دندانپزشکی,دانشگاه علوم پزشکی و خدمات بهداشتی درمانی همدان,نیمسال اول,1,تعهد خدمت,177
38981,دندانپزشکی,دانشگاه علوم پزشکی و خدمات بهداشتی درمانی یزد,نیمسال اول,1,تعهد خدمت,177
38982,پزشکی,دانشگاه علوم پزشکی و خدمات بهداشتی درمانی همدان,نیمسال اول,15,تعهد خدمت,177
38983,پزشکی,دانشگاه علوم پزشکی و خدمات بهداشتی درمانی یزد,نیمسال دوم,17,تعهد خدمت,177
38984,دندانپزشکی,دانشگاه علوم پزشکی و خدمات بهداشتی درمانی یزد,نیمسال اول,6,تعهد خدمت,177
38985,پزشکی,دانشگاه علوم پزشکی و خدمات بهداشتی درمانی تبریز,نیمسال اول,101,تعهد خدمت,178
38986,دندانپزشکی,دانشگاه علوم پزشکی و خدمات بهداشتی درمانی تبریز,نیمسال اول,8,تعهد خدمت,178
38987,پزشکی,دانشگاه علوم پزشکی و خدمات بهداشتی درمانی ارومیه,نیمسال اول,40,تعهد خدمت,178
38988,دندانپزشکی,دانشگاه علوم پزشکی و خدمات بهداشتی درمانی ارومیه,نیمسال اول,10,تعهد خدمت,178
38989,پزشکی,دانشگاه علوم پزشکی و خدمات بهداشتی درمانی اردبیل,نیمسال اول,35,تعهد خدمت,178
38990,پزشکی,دانشگاه علوم پزشکی و خدمات بهداشتی درمانی اصفهان,نیمسال اول,70,تعهد خدمت,178
38991,پزشکی,دانشگاه علوم پزشکی و خدمات بهداشتی درمانی کاشان,نیمسال اول,35,تعهد خدمت,178
38992,دندانپزشکی,دانشگاه علوم پزشکی و خدمات بهداشتی درمانی اصفهان,نیمسال اول,19,تعهد خدمت,178
38993,پزشکی,دانشگاه علوم پزشکی و خدمات بهداشتی درمانی البرز - کرج,نیمسال اول,45,تعهد خدمت,178
38994,دندانپزشکی,دانشگاه علوم پزشکی و خدمات بهداشتی درمانی البرز - کرج,نیمسال اول,15,تعهد خدمت,178
38995,پزشکی,دانشگاه علوم پزشکی و خدمات بهداشتی درمانی ایالم,نیمسال اول,20,تعهد خدمت,179
38996,پزشکی,دانشگاه علوم پزشکی و خدمات بهداشتی درمانی بوشهر,نیمسال اول,20,تعهد خدمت,179
38997,دندانپزشکی,دانشگاه علوم پزشکی و خدمات بهداشتی درمانی بوشهر,نیمسال اول,3,تعهد خدمت,179
38998,پزشکی,دانشگاه علوم پزشکی و خدمات بهداشتی درمانی ایران,نیمسال اول,88,تعهد خدمت,179
38999,پزشکی,دانشگاه علوم پزشکی و خدمات بهداشتی درمانی تهران,نیمسال اول,62,تعهد خدمت,179
39000,پزشکی,دانشگاه علوم پزشکی و خدمات بهداشتی درمانی شهید بهشتی - تهران,نیمسال اول,93,تعهد خدمت,179
39005,پزشکی,دانشگاه علوم پزشکی و خدمات بهداشتی درمانی بیرجند,نیمسال اول,40,تعهد خدمت,180
39012,دندانپزشکی,دانشگاه علوم پزشکی و خدمات بهداشتی درمانی بجنورد,نیمسال اول,5,تعهد خدمت,180
39013,پزشکی,دانشگاه علوم پزشکی و خدمات بهداشتی درمانی جندی شاپور اهواز,نیمسال اول,80,تعهد خدمت,180
39018,دندانپزشکی,دانشگاه علوم پزشکی و خدمات بهداشتی درمانی زنجان,نیمسال اول,10,تعهد خدمت,181
39019,پزشکی,دانشگاه علوم پزشکی و خدمات بهداشتی درمانی سمنان,نیمسال اول,50,تعهد خدمت,181
39021,دندانپزشکی,دانشگاه علوم پزشکی و خدمات بهداشتی درمانی سمنان,نیمسال اول,11,تعهد خدمت,181
39022,پزشکی,دانشگاه علوم پزشکی و خدمات بهداشتی درمانی ایرانشهر,نیمسال اول,20,تعهد خدمت,181
39023,پزشکی,دانشگاه علوم پزشکی و خدمات بهداشتی درمانی زابل,نیمسال اول,7,تعهد خدمت,182
39024,پزشکی,دانشگاه علوم پزشکی و خدمات بهداشتی درمانی زاهدان,نیمسال اول,30,تعهد خدمت,182
39030,پزشکی,دانشگاه علوم پزشکی و خدمات بهداشتی درمانی قزوین,نیمسال اول,55,تعهد خدمت,182
39035,پزشکی,دانشگاه علوم پزشکی و خدمات بهداشتی درمانی جیرفت,نیمسال اول,20,تعهد خدمت,183
39036,پزشکی,دانشگاه علوم پزشکی و خدمات بهداشتی درمانی رفسنجان,نیمسال اول,30,تعهد خدمت,183
39043,پزشکی,دانشگاه علوم پزشکی و خدمات بهداشتی درمانی گلستان - گرگان,نیمسال اول,17,تعهد خدمت,184
39047,پزشکی,دانشگاه علوم پزشکی و خدمات بهداشتی درمانی بابل,نیمسال اول,60,تعهد خدمت,184
39048,پزشکی,دانشگاه علوم پزشکی و خدمات بهداشتی درمانی مازندران - ساری,نیمسال اول,70,تعهد خدمت,184
39052,دندانپزشکی,دانشگاه علوم پزشکی و خدمات بهداشتی درمانی اراک,نیمسال اول,4,تعهد خدمت,185
39056,دندانپزشکی,دانشگاه علوم پزشکی و خدمات بهداشتی درمانی همدان,نیمسال اول,16,تعهد خدمت,185
39057,پزشکی,دانشگاه علوم پزشکی و خدمات بهداشتی درمانی یزد,نیمسال اول,60,تعهد خدمت,185
39058,دندانپزشکی,دانشگاه علوم پزشکی و خدمات بهداشتی درمانی یزد,نیمسال اول,20,تعهد خدمت,185
38011,پزشکی,دانشگاه علوم پزشکی و خدمات بهداشتی درمانی بوشهر,نیمسال اول,10,تعهد خدمت,188
38016,پزشکی,دانشگاه علوم پزشکی و خدمات بهداشتی درمانی شهرکرد,نیمسال دوم,5,تعهد خدمت,188
38017,دندانپزشکی,دانشگاه علوم پزشکی و خدمات بهداشتی درمانی شهرکرد,نیمسال اول,5,تعهد خدمت,188
38018,پزشکی,دانشگاه علوم پزشکی و خدمات بهداشتی درمانی بیرجند,نیمسال اول,45,تعهد خدمت,188
38019,پزشکی,دانشگاه علوم پزشکی و خدمات بهداشتی درمانی بیرجند,نیمسال دوم,5,تعهد خدمت,188
38020,دندانپزشکی,دانشگاه علوم پزشکی و خدمات بهداشتی درمانی بیرجند,نیمسال دوم,17,تعهد خدمت,188
38021,پزشکی,دانشگاه علوم پزشکی و خدمات بهداشتی درمانی مشهد,نیمسال دوم,20,تعهد خدمت,189
38022,دندانپزشکی,دانشگاه علوم پزشکی و خدمات بهداشتی درمانی مشهد,نیمسال اول,6,تعهد خدمت,189
38023,پزشکی,دانشگاه علوم پزشکی و خدمات بهداشتی درمانی بجنورد,نیمسال دوم,4,تعهد خدمت,189
38024,پزشکی,دانشگاه علوم پزشکی و خدمات بهداشتی درمانی جندی شاپور اهواز,نیمسال دوم,6,تعهد خدمت,189
38025,پزشکی,دانشگاه علوم پزشکی و خدمات بهداشتی درمانی جندی شاپور اهواز,نیمسال اول,34,تعهد خدمت,189
38026,پزشکی,دانشگاه علوم پزشکی و خدمات بهداشتی درمانی دزفول,نیمسال دوم,2,تعهد خدمت,189
38027,پزشکی,دانشگاه علوم پزشکی و خدمات بهداشتی درمانی آبادان,نیمسال دوم,13,تعهد خدمت,189
38028,داروسازی,دانشگاه علوم پزشکی و خدمات بهداشتی درمانی جندی شاپور اهواز,نیمسال اول,10,تعهد خدمت,189
38029,داروسازی,دانشگاه علوم پزشکی و خدمات بهداشتی درمانی جندی شاپور اهواز,نیمسال اول,5,تعهد خدمت,189
38030,دندانپزشکی,دانشگاه علوم پزشکی و خدمات بهداشتی درمانی جندی شاپور اهواز,نیمسال اول,8,تعهد خدمت,189
38031,دندانپزشکی,دانشگاه علوم پزشکی و خدمات بهداشتی درمانی جندی شاپور اهواز,نیمسال اول,6,تعهد خدمت,189
38032,پزشکی,دانشگاه علوم پزشکی و خدمات بهداشتی درمانی زنجان,نیمسال دوم,6,تعهد خدمت,189
38033,پزشکی,دانشگاه علوم پزشکی و خدمات بهداشتی درمانی زنجان,نیمسال دوم,9,تعهد خدمت,189
38034,دندانپزشکی,دانشگاه علوم پزشکی و خدمات بهداشتی درمانی زنجان,نیمسال اول,4,تعهد خدمت,190
38035,پزشکی,دانشگاه علوم پزشکی و خدمات بهداشتی درمانی سمنان,نیمسال دوم,1,تعهد خدمت,190
38036,داروسازی,دانشگاه علوم پزشکی و خدمات بهداشتی درمانی سمنان,نیمسال اول,5,تعهد خدمت,190
38037,دندانپزشکی,دانشگاه علوم پزشکی و خدمات بهداشتی درمانی سمنان,نیمسال اول,5,تعهد خدمت,190
38038,پزشکی,دانشگاه علوم پزشکی و خدمات بهداشتی درمانی ایرانشهر,نیمسال دوم,15,تعهد خدمت,190
38039,پزشکی,دانشگاه علوم پزشکی و خدمات بهداشتی درمانی ایرانشهر,نیمسال دوم,2,تعهد خدمت,190
38046,داروسازی,دانشگاه علوم پزشکی و خدمات بهداشتی درمانی زابل,نیمسال اول,1,تعهد خدمت,190
38040,پزشکی,دانشگاه علوم پزشکی و خدمات بهداشتی درمانی زابل,نیمسال اول,2,تعهد خدمت,190
38045,داروسازی,دانشگاه علوم پزشکی و خدمات بهداشتی درمانی زابل,نیمسال اول,1,تعهد خدمت,190
38049,دندانپزشکی,دانشگاه علوم پزشکی و خدمات بهداشتی درمانی زاهدان,نیمسال اول,2,تعهد خدمت,191
38041,پزشکی,دانشگاه علوم پزشکی و خدمات بهداشتی درمانی زاهدان,نیمسال دوم,2,تعهد خدمت,191
38042,پزشکی,دانشگاه علوم پزشکی و خدمات بهداشتی درمانی زاهدان,نیمسال اول,2,تعهد خدمت,191
38047,داروسازی,دانشگاه علوم پزشکی و خدمات بهداشتی درمانی زابل,نیمسال اول,2,تعهد خدمت,191
38048,دندانپزشکی,دانشگاه علوم پزشکی و خدمات بهداشتی درمانی زاهدان,نیمسال اول,3,تعهد خدمت,191
38043,پزشکی,دانشگاه علوم پزشکی و خدمات بهداشتی درمانی زاهدان,نیمسال اول,7,تعهد خدمت,191
38044,داروسازی,دانشگاه علوم پزشکی و خدمات بهداشتی درمانی زابل,نیمسال اول,2,تعهد خدمت,191
38050,دندانپزشکی,دانشگاه علوم پزشکی و خدمات بهداشتی درمانی زاهدان,نیمسال اول,2,تعهد خدمت,191
38063,پزشکی,دانشگاه علوم پزشکی و خدمات بهداشتی درمانی کرمان,نیمسال اول,6,تعهد خدمت,192
38069,پزشکی,دانشگاه علوم پزشکی و خدمات بهداشتی درمانی کرمانشاه,نیمسال دوم,30,تعهد خدمت,193
38072,دندانپزشکی,دانشگاه علوم پزشکی و خدمات بهداشتی درمانی یاسوج,نیمسال اول,7,تعهد خدمت,193
38073,پزشکی,دانشگاه علوم پزشکی و خدمات بهداشتی درمانی گلستان - گرگان,نیمسال دوم,3,تعهد خدمت,193
38074,داروسازی,دانشگاه علوم پزشکی و خدمات بهداشتی درمانی گیالن - رشت محل تحصیل دانشکده داروسازی )(,نیمسال اول,5,تعهد خدمت,193
38075,پزشکی,دانشگاه علوم پزشکی و خدمات بهداشتی درمانی لرستان,نیمسال اول,5,تعهد خدمت,193
38076,داروسازی,دانشگاه علوم پزشکی و خدمات بهداشتی درمانی لرستان,نیمسال اول,5,تعهد خدمت,193
38077,پزشکی,دانشگاه علوم پزشکی و خدمات بهداشتی درمانی اراک,نیمسال دوم,18,تعهد خدمت,193
38078,پزشکی,دانشگاه علوم پزشکی و خدمات بهداشتی درمانی اراک ( محل تحصیل دانشکده علوم پزشکی و خدمات بهداشتی درمانی خمین ),نیمسال اول,5,تعهد خدمت,193
38079,پزشکی,دانشگاه علوم پزشکی و خدمات بهداشتی درمانی اراک,نیمسال دوم,4,تعهد خدمت,194
38080,داروسازی,دانشگاه علوم پزشکی و خدمات بهداشتی درمانی زنجان,نیمسال اول,4,تعهد خدمت,194
38081,داروسازی,دانشگاه علوم پزشکی و خدمات بهداشتی درمانی زنجان,نیمسال دوم,4,تعهد خدمت,194
38082,دندانپزشکی,دانشگاه علوم پزشکی و خدمات بهداشتی درمانی اراک,نیمسال اول,10,تعهد خدمت,194
38083,پزشکی,دانشگاه علوم پزشکی و خدمات بهداشتی درمانی هرمزگان - بندرعباس,نیمسال اول,8,تعهد خدمت,194
38084,پزشکی,دانشگاه علوم پزشکی و خدمات بهداشتی درمانی هرمزگان - بندرعباس,نیمسال دوم,5,تعهد خدمت,194
38085,داروسازی,دانشگاه علوم پزشکی و خدمات بهداشتی درمانی هرمزگان - بندرعباس,نیمسال اول,4,تعهد خدمت,194
38086,پزشکی,دانشگاه علوم پزشکی و خدمات بهداشتی درمانی همدان,نیمسال دوم,25,تعهد خدمت,194
38087,دندانپزشکی,دانشگاه علوم پزشکی و خدمات بهداشتی درمانی همدان,نیمسال اول,13,تعهد خدمت,194
37651,پرستاری,دانشگاه علوم پزشکی و خدمات بهداشتی درمانی تبریز,نیمسال دوم,8,تعهد خدمت,195
37678,مهندسی بهداشت حرفه ای و ایمنی کار,دانشگاه علوم پزشکی و خدمات بهداشتی درمانی اصفهان,نیمسال اول,5,تعهد خدمت,197
37679,پرستاری,دانشگاه علوم پزشکی و خدمات بهداشتی درمانی بوشهر,نیمسال اول,17,تعهد خدمت,197
37680,فوریت‌های پزشکی پیش‌بیمارستانی,دانشگاه علوم پزشکی و خدمات بهداشتی درمانی بوشهر,نیمسال دوم,15,تعهد خدمت,197
37681,پرستاری,دانشگاه علوم پزشکی و خدمات بهداشتی درمانی تهران,نیمسال اول,23,تعهد خدمت,197
37682,پرستاری,دانشگاه علوم پزشکی و خدمات بهداشتی درمانی تهران,نیمسال دوم,23,تعهد خدمت,197
37683,اتاق عمل,دانشگاه علوم پزشکی و خدمات بهداشتی درمانی تهران,نیمسال اول,6,تعهد خدمت,197
37684,فناوری اطلاعات سلامت,دانشگاه علوم پزشکی و خدمات بهداشتی درمانی تهران,نیمسال اول,10,تعهد خدمت,198
37685,فوریت‌های پزشکی پیش‌بیمارستانی,دانشگاه علوم پزشکی و خدمات بهداشتی درمانی ایران,نیمسال دوم,21,تعهد خدمت,198
37686,فوریت‌های پزشکی پیش‌بیمارستانی,دانشگاه علوم پزشکی و خدمات بهداشتی درمانی تهران,نیمسال اول,42,تعهد خدمت,198
37687,فوریت‌های پزشکی پیش‌بیمارستانی,دانشگاه علوم پزشکی و خدمات بهداشتی درمانی شهید بهشتی - تهران,نیمسال دوم,21,تعهد خدمت,198
37688,هوشبری,دانشگاه علوم پزشکی و خدمات بهداشتی درمانی تهران,نیمسال اول,6,تعهد خدمت,198
37689,پرستاری,دانشگاه علوم پزشکی و خدمات بهداشتی درمانی شهرکرد,نیمسال اول,10,تعهد خدمت,198
37690,اتاق عمل,دانشگاه علوم پزشکی و خدمات بهداشتی درمانی شهرکرد,نیمسال اول,4,تعهد خدمت,198
37691,تکنولوژی پرتوشناسی,دانشگاه علوم پزشکی و خدمات بهداشتی درمانی شهرکرد,نیمسال اول,4,تعهد خدمت,198
37692,فناوری اطلاعات سلامت,دانشگاه علوم پزشکی و خدمات بهداشتی درمانی شهرکرد,نیمسال اول,6,تعهد خدمت,198
37693,فوریت‌های پزشکی پیش‌بیمارستانی,دانشگاه علوم پزشکی و خدمات بهداشتی درمانی شهرکرد ( محل تحصیل دانشکده علوم پزشکی بروجن ),نیمسال اول,8,تعهد خدمت,198
37694,مامایی,دانشگاه علوم پزشکی و خدمات بهداشتی درمانی شهرکرد,نیمسال اول,8,تعهد خدمت,198
37695,هوشبری,دانشگاه علوم پزشکی و خدمات بهداشتی درمانی شهرکرد,نیمسال اول,4,تعهد خدمت,198
37696,بهداشت عمومی,دانشگاه علوم پزشکی و خدمات بهداشتی درمانی بیرجند,نیمسال اول,6,تعهد خدمت,198
37697,بهداشت عمومی,دانشگاه علوم پزشکی و خدمات بهداشتی درمانی بیرجند ( محل تحصیل دانشکده علوم پزشکی شهرستان فردوس ),نیمسال اول,2,تعهد خدمت,198
37698,بهداشت عمومی,دانشگاه علوم پزشکی و خدمات بهداشتی درمانی بیرجند ( محل تحصیل دانشکده علوم پزشکی قائنات ),نیمسال اول,2,تعهد خدمت,199
37699,پرستاری,دانشگاه علوم پزشکی و خدمات بهداشتی درمانی بیرجند,نیمسال اول,11,تعهد خدمت,199
37700,پرستاری,دانشگاه علوم پزشکی و خدمات بهداشتی درمانی بیرجند ( محل تحصیل دانشکده پرستاری طبس ),نیمسال اول,5,تعهد خدمت,199
37701,پرستاری,دانشگاه علوم پزشکی و خدمات بهداشتی درمانی بیرجند ( محل تحصیل دانشکده علوم پزشکی شهرستان فردوس ),نیمسال اول,6,تعهد خدمت,199
37702,پرستاری,دانشگاه علوم پزشکی و خدمات بهداشتی درمانی بیرجند ( محل تحصیل دانشکده علوم پزشکی قائنات ),نیمسال دوم,5,تعهد خدمت,199
37703,اتاق عمل,دانشگاه علوم پزشکی و خدمات بهداشتی درمانی بیرجند,نیمسال اول,3,تعهد خدمت,199
37704,اتاق عمل,دانشگاه علوم پزشکی و خدمات بهداشتی درمانی بیرجند ( محل تحصیل دانشکده علوم پزشکی شهرستان فردوس ),نیمسال اول,2,تعهد خدمت,199
37705,تکنولوژی پرتوشناسی,دانشگاه علوم پزشکی و خدمات بهداشتی درمانی بیرجند,نیمسال اول,3,تعهد خدمت,199
37706,علوم آزمایشگاهی,دانشگاه علوم پزشکی و خدمات بهداشتی درمانی بیرجند ( محل تحصیل دانشکده علوم پزشکی قائنات ),نیمسال اول,5,تعهد خدمت,199
37707,علوم آزمایشگاهی,دانشگاه علوم پزشکی و خدمات بهداشتی درمانی بیرجند,نیمسال اول,5,تعهد خدمت,199
37708,فناوری اطلاعات سلامت,دانشگاه علوم پزشکی و خدمات بهداشتی درمانی بیرجند ( محل تحصیل دانشکده علوم پزشکی شهرستان فردوس ),نیمسال اول,10,تعهد خدمت,199
37709,فوریت‌های پزشکی پیش‌بیمارستانی,دانشگاه علوم پزشکی و خدمات بهداشتی درمانی بیرجند,نیمسال دوم,5,تعهد خدمت,199
37710,فوریت‌های پزشکی پیش‌بیمارستانی,دانشگاه علوم پزشکی و خدمات بهداشتی درمانی بیرجند ( محل تحصیل دانشکده علوم پزشکی قائنات ),نیمسال اول,10,تعهد خدمت,199
37711,مامایی,دانشگاه علوم پزشکی و خدمات بهداشتی درمانی بیرجند,نیمسال اول,4,تعهد خدمت,200
37712,مامایی,دانشگاه علوم پزشکی و خدمات بهداشتی درمانی بیرجند ( محل تحصیل دانشکده علوم پزشکی قائنات ),نیمسال اول,4,تعهد خدمت,200
37713,مدیریت خدمات بهداشتی درمانی,دانشگاه علوم پزشکی و خدمات بهداشتی درمانی بیرجند ( محل تحصیل دانشکده علوم پزشکی شهرستان فردوس ),نیمسال اول,10,تعهد خدمت,200
37714,مهندسی بهداشت محیط,دانشگاه علوم پزشکی و خدمات بهداشتی درمانی بیرجند,نیمسال اول,1,تعهد خدمت,200
37715,فوریت‌های پزشکی پیش‌بیمارستانی,دانشگاه علوم پزشکی و خدمات بهداشتی درمانی بیرجند ( محل تحصیل دانشکده پرستاری طبس ),نیمسال اول,10,تعهد خدمت,200
37716,فوریت‌های پزشکی پیش‌بیمارستانی,دانشگاه علوم پزشکی و خدمات بهداشتی درمانی بیرجند ( محل تحصیل دانشکده علوم پزشکی شهرستان فردوس ),نیمسال اول,10,تعهد خدمت,200
37717,فوریت‌های پزشکی پیش‌بیمارستانی,دانشگاه علوم پزشکی و خدمات بهداشتی درمانی بیرجند ( محل تحصیل دانشکده علوم پزشکی قائنات ),نیمسال دوم,10,تعهد خدمت,200
37718,مهندسی بهداشت حرفه ای و ایمنی کار,دانشگاه علوم پزشکی و خدمات بهداشتی درمانی بیرجند,نیمسال اول,1,تعهد خدمت,200
37719,بهداشت عمومی,دانشگاه علوم پزشکی و خدمات بهداشتی درمانی نیشابور,نیمسال اول,2,تعهد خدمت,200
37720,بهداشت عمومی,دانشکده علوم پزشکی و خدمات بهداشتی درمانی تربت جام,نیمسال اول,10,تعهد خدمت,200
37721,پرستاری,دانشکده علوم پزشکی و خدمات بهداشتی درمانی تربت جام,نیمسال اول,15,تعهد خدمت,200
37722,اتاق عمل,دانشگاه علوم پزشکی و خدمات بهداشتی درمانی سبزوار,نیمسال اول,2,تعهد خدمت,200
37723,اتاق عمل,دانشکده علوم پزشکی و خدمات بهداشتی درمانی تربت جام,نیمسال اول,11,تعهد خدمت,201
37724,تکنولوژی پرتوشناسی,دانشگاه علوم پزشکی و خدمات بهداشتی درمانی سبزوار,نیمسال اول,2,تعهد خدمت,201
37725,علوم آزمایشگاهی,دانشگاه علوم پزشکی و خدمات بهداشتی درمانی مشهد,نیمسال اول,5,تعهد خدمت,201
37726,علوم تغذیه,دانشگاه علوم پزشکی و خدمات بهداشتی درمانی نیشابور,نیمسال اول,4,تعهد خدمت,201
37727,فناوری اطلاعات سلامت,دانشگاه علوم پزشکی و خدمات بهداشتی درمانی مشهد,نیمسال اول,2,تعهد خدمت,201
37728,فناوری اطلاعات سلامت,دانشگاه علوم پزشکی و خدمات بهداشتی درمانی نیشابور,نیمسال اول,3,تعهد خدمت,201
37729,فوریت‌های پزشکی پیش‌بیمارستانی,دانشگاه علوم پزشکی و خدمات بهداشتی درمانی نیشابور,نیمسال اول,8,تعهد خدمت,201
37730,مهندسی بهداشت محیط,دانشگاه علوم پزشکی و خدمات بهداشتی درمانی نیشابور,نیمسال اول,1,تعهد خدمت,201
37736,مهندسی بهداشت حرفه ای و ایمنی کار,دانشگاه علوم پزشکی و خدمات بهداشتی درمانی نیشابور,نیمسال اول,1,تعهد خدمت,201
19434,بهداشت عمومی,دانشگاه علوم پزشکی و خدمات بهداشتی درمانی مشهد ( محل تحصیل مجتمع آموزش عالی سالمت خواف ),نیمسال دوم,20,تعهد خدمت,201
37737,پرستاری,دانشگاه علوم پزشکی و خدمات بهداشتی درمانی بجنورد,نیمسال اول,2,تعهد خدمت,202
37738,پرستاری,دانشگاه علوم پزشکی و خدمات بهداشتی درمانی بجنورد ( محل تحصیل دانشکده پرستاری و مامایی بجنورد ),نیمسال اول,4,تعهد خدمت,202
37739,اتاق عمل,دانشگاه علوم پزشکی و خدمات بهداشتی درمانی بجنورد,نیمسال دوم,1,تعهد خدمت,202
37740,تکنولوژی پرتوشناسی,دانشگاه علوم پزشکی و خدمات بهداشتی درمانی بجنورد,نیمسال اول,9,تعهد خدمت,202
37741,علوم آزمایشگاهی,دانشگاه علوم پزشکی و خدمات بهداشتی درمانی بجنورد,نیمسال اول,15,تعهد خدمت,202
37742,علوم تغذیه,دانشگاه علوم پزشکی و خدمات بهداشتی درمانی بجنورد,نیمسال اول,4,تعهد خدمت,202
37743,مامایی,دانشگاه علوم پزشکی و خدمات بهداشتی درمانی بجنورد,نیمسال اول,10,تعهد خدمت,202
37744,مامایی,دانشگاه علوم پزشکی و خدمات بهداشتی درمانی بجنورد ( محل تحصیل دانشکده پرستاری شیروان ),نیمسال اول,2,تعهد خدمت,202
37745,مهندسی بهداشت محیط,دانشگاه علوم پزشکی و خدمات بهداشتی درمانی بجنورد,نیمسال اول,1,تعهد خدمت,202
37746,هوشبری,دانشگاه علوم پزشکی و خدمات بهداشتی درمانی بجنورد,نیمسال دوم,1,تعهد خدمت,202
37747,مهندسی بهداشت حرفه ای و ایمنی کار,دانشگاه علوم پزشکی و خدمات بهداشتی درمانی بجنورد,نیمسال اول,1,تعهد خدمت,202
37748,بهداشت عمومی,دانشگاه علوم پزشکی و خدمات بهداشتی درمانی جندی شاپور اهواز,نیمسال اول,17,تعهد خدمت,202
37749,بهداشت عمومی,دانشگاه علوم پزشکی و خدمات بهداشتی درمانی دزفول,نیمسال اول,5,تعهد خدمت,202
37750,پرستاری,دانشگاه علوم پزشکی و خدمات بهداشتی درمانی جندی شاپور اهواز,نیمسال اول,28,تعهد خدمت,203
37751,پرستاری,دانشگاه علوم پزشکی و خدمات بهداشتی درمانی جندی شاپور اهواز,نیمسال دوم,28,تعهد خدمت,203
37752,پرستاری,دانشگاه علوم پزشکی و خدمات بهداشتی درمانی دزفول,نیمسال اول,5,تعهد خدمت,203
37753,پرستاری,دانشگاه علوم پزشکی و خدمات بهداشتی درمانی دزفول,نیمسال دوم,5,تعهد خدمت,203
37754,پرستاری,دانشکده علوم پزشکی و خدمات بهداشتی درمانی شوشتر,نیمسال اول,6,تعهد خدمت,203
37755,پرستاری,دانشکده علوم پزشکی و خدمات بهداشتی درمانی شوشتر,نیمسال دوم,6,تعهد خدمت,203
37756,پرستاری,دانشگاه علوم پزشکی و خدمات بهداشتی درمانی آبادان,نیمسال اول,10,تعهد خدمت,203
37757,پرستاری,دانشگاه علوم پزشکی و خدمات بهداشتی درمانی آبادان,نیمسال دوم,10,تعهد خدمت,203
37758,پرستاری,دانشگاه علوم پزشکی و خدمات بهداشتی درمانی آبادان ( محل تحصیل دانشکده پرستاری شادگان ),نیمسال اول,13,تعهد خدمت,203
37759,اتاق عمل,دانشگاه علوم پزشکی و خدمات بهداشتی درمانی دزفول,نیمسال اول,3,تعهد خدمت,203
37760,اتاق عمل,دانشکده علوم پزشکی و خدمات بهداشتی درمانی شوشتر,نیمسال اول,5,تعهد خدمت,203
37761,تکنولوژی پرتوشناسی,دانشگاه علوم پزشکی و خدمات بهداشتی درمانی جندی شاپور اهواز,نیمسال اول,14,تعهد خدمت,203
37762,علوم تغذیه,دانشگاه علوم پزشکی و خدمات بهداشتی درمانی جندی شاپور اهواز,نیمسال اول,20,تعهد خدمت,203
37763,فوریت‌های پزشکی پیش‌بیمارستانی,دانشگاه علوم پزشکی و خدمات بهداشتی درمانی جندی شاپور اهواز ( محل تحصیل دانشکده پرستاری و مامایی اهواز ),نیمسال دوم,20,تعهد خدمت,203
37764,فوریت‌های پزشکی پیش‌بیمارستانی,دانشگاه علوم پزشکی و خدمات بهداشتی درمانی دزفول,نیمسال دوم,6,تعهد خدمت,204
37765,فوریت‌های پزشکی پیش‌بیمارستانی,دانشکده علوم پزشکی و خدمات بهداشتی درمانی شوشتر,نیمسال دوم,6,تعهد خدمت,204
37766,فوریت‌های پزشکی پیش‌بیمارستانی,دانشگاه علوم پزشکی و خدمات بهداشتی درمانی آبادان,نیمسال اول,6,تعهد خدمت,204
37767,مامایی,دانشگاه علوم پزشکی و خدمات بهداشتی درمانی جندی شاپور اهواز,نیمسال اول,20,تعهد خدمت,204
37768,مامایی,دانشکده علوم پزشکی و خدمات بهداشتی درمانی شوشتر,نیمسال اول,6,تعهد خدمت,204
37769,هوشبری,دانشگاه علوم پزشکی و خدمات بهداشتی درمانی دزفول,نیمسال اول,3,تعهد خدمت,204
37772,فوریت‌های پزشکی پیش‌بیمارستانی,دانشگاه علوم پزشکی و خدمات بهداشتی درمانی دزفول,نیمسال اول,3,تعهد خدمت,204
37773,فوریت‌های پزشکی پیش‌بیمارستانی,دانشکده علوم پزشکی و خدمات بهداشتی درمانی شوشتر,نیمسال اول,6,تعهد خدمت,204
37774,فوریت‌های پزشکی پیش‌بیمارستانی,دانشگاه علوم پزشکی و خدمات بهداشتی درمانی آبادان,نیمسال دوم,6,تعهد خدمت,204
37775,بهداشت عمومی,دانشگاه علوم پزشکی و خدمات بهداشتی درمانی زنجان,نیمسال اول,8,تعهد خدمت,204
37776,پرستاری,دانشگاه علوم پزشکی و خدمات بهداشتی درمانی زنجان,نیمسال اول,5,تعهد خدمت,204
37777,مامایی,دانشگاه علوم پزشکی و خدمات بهداشتی درمانی زنجان,نیمسال اول,9,تعهد خدمت,205
37778,مهندسی بهداشت محیط,دانشگاه علوم پزشکی و خدمات بهداشتی درمانی زنجان,نیمسال اول,2,تعهد خدمت,205
37779,هوشبری,دانشگاه علوم پزشکی و خدمات بهداشتی درمانی زنجان,نیمسال اول,11,تعهد خدمت,205
37780,مهندسی بهداشت حرفه ای و ایمنی کار,دانشگاه علوم پزشکی و خدمات بهداشتی درمانی زنجان,نیمسال اول,1,تعهد خدمت,205
37781,پرستاری,دانشگاه علوم پزشکی و خدمات بهداشتی درمانی سمنان,نیمسال اول,28,تعهد خدمت,205
37782,پرستاری,دانشگاه علوم پزشکی و خدمات بهداشتی درمانی شاهرود,نیمسال اول,3,تعهد خدمت,205
37783,علوم آزمایشگاهی,دانشگاه علوم پزشکی و خدمات بهداشتی درمانی سمنان,نیمسال اول,10,تعهد خدمت,205
37784,علوم تغذیه,دانشگاه علوم پزشکی و خدمات بهداشتی درمانی سمنان ( محل تحصیل شهرستان آرادان ),نیمسال اول,10,تعهد خدمت,205
37785,علوم تغذیه,دانشگاه علوم پزشکی و خدمات بهداشتی درمانی سمنان ( محل تحصیل شهرستان آرادان ),نیمسال اول,4,تعهد خدمت,205
37786,فناوری اطلاعات سلامت,دانشگاه علوم پزشکی و خدمات بهداشتی درمانی سمنان ( محل تحصیل دانشکده پیراپزشکی سرخه ),نیمسال اول,25,تعهد خدمت,205
37787,فناوری اطلاعات سلامت,دانشگاه علوم پزشکی و خدمات بهداشتی درمانی شاهرود,نیمسال اول,1,تعهد خدمت,206
37788,مهندسی بهداشت حرفه ای و ایمنی کار,دانشگاه علوم پزشکی و خدمات بهداشتی درمانی سمنان ( محل تحصیل دانشکده بهداشت دامغان ),نیمسال اول,3,تعهد خدمت,206
37789,مهندسی بهداشت حرفه ای و ایمنی کار,دانشگاه علوم پزشکی و خدمات بهداشتی درمانی شاهرود,نیمسال اول,1,تعهد خدمت,206
37790,بهداشت عمومی,دانشگاه علوم پزشکی و خدمات بهداشتی درمانی ایرانشهر,نیمسال اول,10,تعهد خدمت,206
37792,پرستاری,دانشگاه علوم پزشکی و خدمات بهداشتی درمانی ایرانشهر,نیمسال اول,30,تعهد خدمت,206
37795,اتاق عمل,دانشگاه علوم پزشکی و خدمات بهداشتی درمانی ایرانشهر,نیمسال اول,10,تعهد خدمت,206
37798,تکنولوژی پرتوشناسی,دانشگاه علوم پزشکی و خدمات بهداشتی درمانی ایرانشهر,نیمسال دوم,15,تعهد خدمت,206
37801,علوم آزمایشگاهی,دانشگاه علوم پزشکی و خدمات بهداشتی درمانی ایرانشهر,نیمسال اول,15,تعهد خدمت,206
37791,بینایی‌سنجی,دانشگاه علوم پزشکی و خدمات بهداشتی درمانی زاهدان,نیمسال اول,3,تعهد خدمت,207
37793,پرستاری,دانشگاه علوم پزشکی و خدمات بهداشتی درمانی زاهدان ( محل تحصیل مجتمع آموزش عالی سالمت سراوان ),نیمسال اول,14,تعهد خدمت,207
37796,اتاق عمل,دانشگاه علوم پزشکی و خدمات بهداشتی درمانی زاهدان,نیمسال اول,4,تعهد خدمت,207
37799,تکنولوژی پرتوشناسی,دانشگاه علوم پزشکی و خدمات بهداشتی درمانی زاهدان,نیمسال دوم,5,تعهد خدمت,207
37800,شنوایی‌شناسی,دانشگاه علوم پزشکی و خدمات بهداشتی درمانی زاهدان,نیمسال اول,3,تعهد خدمت,207
37803,علوم آزمایشگاهی,دانشگاه علوم پزشکی و خدمات بهداشتی درمانی زاهدان,نیمسال اول,5,تعهد خدمت,207
37807,فیزیوتراپی,دانشگاه علوم پزشکی و خدمات بهداشتی درمانی زاهدان,نیمسال اول,7,تعهد خدمت,207
19438,کتابداری و اطلاع‌رسانی پزشکی,دانشگاه علوم پزشکی و خدمات بهداشتی درمانی زاهدان,نیمسال اول,4,تعهد خدمت,208
37794,پرستاری,دانشکده علوم پزشکی و خدمات بهداشتی درمانی چابهار,نیمسال اول,40,تعهد خدمت,208
37797,اتاق عمل,دانشکده علوم پزشکی و خدمات بهداشتی درمانی چابهار,نیمسال دوم,15,تعهد خدمت,208
37802,علوم آزمایشگاهی,دانشگاه علوم پزشکی و خدمات بهداشتی درمانی زاهدان,نیمسال دوم,20,تعهد خدمت,208
37813,مامایی,دانشکده علوم پزشکی و خدمات بهداشتی درمانی چابهار,نیمسال دوم,20,تعهد خدمت,208
19440,علوم آزمایشگاهی,دانشکده علوم پزشکی و خدمات بهداشتی درمانی چابهار,نیمسال دوم,20,تعهد خدمت,208
19441,هوشبری,دانشکده علوم پزشکی و خدمات بهداشتی درمانی چابهار,نیمسال دوم,15,تعهد خدمت,208
19442,بهداشت عمومی,دانشکده علوم پزشکی و خدمات بهداشتی درمانی چابهار ( محل تحصیل مجتمع آموزش عالی سالمت شهرستان نیکشهر ),نیمسال دوم,20,تعهد خدمت,208
19443,بهداشت عمومی,دانشکده علوم پزشکی و خدمات بهداشتی درمانی چابهار ( محل تحصیل مجتمع آموزش عالی سالمت شهرستان نیکشهر ),نیمسال دوم,20,تعهد خدمت,209
19444,مامایی,دانشکده علوم پزشکی و خدمات بهداشتی درمانی چابهار ( محل تحصیل مجتمع آموزش عالی سالمت شهرستان نیکشهر ),نیمسال دوم,30,تعهد خدمت,209
37830,پرستاری,دانشکده علوم پزشکی و خدمات بهداشتی درمانی گراش,نیمسال اول,10,تعهد خدمت,209
37831,اتاق عمل,دانشکده علوم پزشکی و خدمات بهداشتی درمانی گراش,نیمسال اول,5,تعهد خدمت,209
37840,علوم آزمایشگاهی,دانشگاه علوم پزشکی و خدمات بهداشتی درمانی قزوین,نیمسال اول,15,تعهد خدمت,210
37842,مدیریت خدمات بهداشتی درمانی,دانشگاه علوم پزشکی و خدمات بهداشتی درمانی قزوین,نیمسال اول,2,تعهد خدمت,210
37846,پرستاری,دانشگاه علوم پزشکی و خدمات بهداشتی درمانی قم,نیمسال دوم,5,تعهد خدمت,210
37849,پرستاری,دانشگاه علوم پزشکی و خدمات بهداشتی درمانی بم,نیمسال اول,10,تعهد خدمت,210
37850,پرستاری,دانشگاه علوم پزشکی و خدمات بهداشتی درمانی جیرفت,نیمسال اول,26,تعهد خدمت,210
37851,پرستاری,دانشگاه علوم پزشکی و خدمات بهداشتی درمانی جیرفت ( محل تحصیل دانشکده پرستاری کهنوج ),نیمسال اول,5,تعهد خدمت,210
37852,پرستاری,دانشگاه علوم پزشکی و خدمات بهداشتی درمانی رفسنجان,نیمسال اول,20,تعهد خدمت,210
37853,پرستاری,دانشکده علوم پزشکی و خدمات بهداشتی درمانی سیرجان,نیمسال اول,10,تعهد خدمت,211
37854,اتاق عمل,دانشگاه علوم پزشکی و خدمات بهداشتی درمانی بم,نیمسال دوم,5,تعهد خدمت,211
37855,اتاق عمل,دانشگاه علوم پزشکی و خدمات بهداشتی درمانی رفسنجان,نیمسال اول,6,تعهد خدمت,211
37856,تکنولوژی پرتوشناسی,دانشگاه علوم پزشکی و خدمات بهداشتی درمانی رفسنجان,نیمسال اول,8,تعهد خدمت,211
37857,علوم آزمایشگاهی,دانشکده علوم پزشکی و خدمات بهداشتی درمانی سیرجان,نیمسال اول,7,تعهد خدمت,211
37858,فناوری اطلاعات سلامت,دانشکده علوم پزشکی و خدمات بهداشتی درمانی سیرجان,نیمسال اول,5,تعهد خدمت,211
37859,فوریت‌های پزشکی پیش‌بیمارستانی,دانشگاه علوم پزشکی و خدمات بهداشتی درمانی بم,نیمسال دوم,10,تعهد خدمت,211
37860,فوریت‌های پزشکی پیش‌بیمارستانی,دانشکده علوم پزشکی و خدمات بهداشتی درمانی سیرجان,نیمسال دوم,6,تعهد خدمت,211
37861,مامایی,دانشگاه علوم پزشکی و خدمات بهداشتی درمانی بم,نیمسال اول,5,تعهد خدمت,211
37862,مامایی,دانشگاه علوم پزشکی و خدمات بهداشتی درمانی جیرفت,نیمسال اول,8,تعهد خدمت,211
37863,مامایی,دانشگاه علوم پزشکی و خدمات بهداشتی درمانی رفسنجان,نیمسال اول,9,تعهد خدمت,211
37864,مهندسی بهداشت محیط,دانشکده علوم پزشکی و خدمات بهداشتی درمانی سیرجان,نیمسال اول,6,تعهد خدمت,211
37865,هوشبری,دانشگاه علوم پزشکی و خدمات بهداشتی درمانی رفسنجان,نیمسال اول,6,تعهد خدمت,211
37866,هوشبری,دانشکده علوم پزشکی و خدمات بهداشتی درمانی سیرجان,نیمسال اول,5,تعهد خدمت,212
37867,فوریت‌های پزشکی پیش‌بیمارستانی,دانشکده علوم پزشکی و خدمات بهداشتی درمانی سیرجان,نیمسال دوم,5,تعهد خدمت,212
37868,مهندسی بهداشت حرفه ای و ایمنی کار,دانشکده علوم پزشکی و خدمات بهداشتی درمانی سیرجان,نیمسال اول,3,تعهد خدمت,212
37869,بهداشت عمومی,دانشگاه علوم پزشکی و خدمات بهداشتی درمانی کرمانشاه,نیمسال اول,5,تعهد خدمت,212
37870,پرستاری,دانشگاه علوم پزشکی و خدمات بهداشتی درمانی کرمانشاه,نیمسال اول,7,تعهد خدمت,212
37871,علوم آزمایشگاهی,دانشگاه علوم پزشکی و خدمات بهداشتی درمانی کرمانشاه,نیمسال اول,8,تعهد خدمت,212
37872,علوم تغذیه,دانشگاه علوم پزشکی و خدمات بهداشتی درمانی کرمانشاه,نیمسال اول,8,تعهد خدمت,212
37873,فناوری اطلاعات سلامت,دانشگاه علوم پزشکی و خدمات بهداشتی درمانی کرمانشاه,نیمسال اول,5,تعهد خدمت,212
19446,هوشبری,دانشگاه علوم پزشکی و خدمات بهداشتی درمانی کرمانشاه ( محل تحصیل مجتمع آموزش عالی سالمت اسالم آباد غرب ),نیمسال دوم,15,تعهد خدمت,212
37876,پرستاری,دانشگاه علوم پزشکی و خدمات بهداشتی درمانی لرستان ( محل تحصیل دانشکده پرستاری الیگودرز ),نیمسال اول,10,تعهد خدمت,212
37877,پرستاری,دانشگاه علوم پزشکی و خدمات بهداشتی درمانی لرستان ( محل تحصیل دانشکده پرستاری الیگودرز ),نیمسال دوم,10,تعهد خدمت,212
37878,پرستاری,دانشگاه علوم پزشکی و خدمات بهداشتی درمانی لرستان ( محل تحصیل دانشکده علوم پزشکی بروجرد ),نیمسال اول,20,تعهد خدمت,212
37879,پرستاری,دانشگاه علوم پزشکی و خدمات بهداشتی درمانی لرستان ( محل تحصیل دانشکده پرستاری دورود ),نیمسال اول,10,تعهد خدمت,213
37880,علوم آزمایشگاهی,دانشگاه علوم پزشکی و خدمات بهداشتی درمانی لرستان,نیمسال اول,10,تعهد خدمت,213
37881,فناوری اطلاعات سلامت,دانشگاه علوم پزشکی و خدمات بهداشتی درمانی لرستان,نیمسال اول,14,تعهد خدمت,213
37883,پرستاری,دانشکده علوم پزشکی و خدمات بهداشتی درمانی خمین,نیمسال اول,10,تعهد خدمت,213
37884,اتاق عمل,دانشکده علوم پزشکی و خدمات بهداشتی درمانی خمین,نیمسال دوم,5,تعهد خدمت,213
37885,علوم آزمایشگاهی,دانشکده علوم پزشکی و خدمات بهداشتی درمانی خمین,نیمسال اول,5,تعهد خدمت,213
37886,فناوری اطلاعات سلامت,دانشکده علوم پزشکی و خدمات بهداشتی درمانی خمین,نیمسال اول,3,تعهد خدمت,213
37887,فوریت‌های پزشکی پیش‌بیمارستانی,دانشکده علوم پزشکی و خدمات بهداشتی درمانی خمین,نیمسال دوم,2,تعهد خدمت,213
37888,هوشبری,دانشکده علوم پزشکی و خدمات بهداشتی درمانی خمین,نیمسال اول,5,تعهد خدمت,213
37889,بهداشت عمومی,دانشگاه علوم پزشکی و خدمات بهداشتی درمانی هرمزگان - بندرعباس,نیمسال اول,1,تعهد خدمت,213
37890,پرستاری,دانشگاه علوم پزشکی و خدمات بهداشتی درمانی هرمزگان - بندرعباس,نیمسال اول,70,تعهد خدمت,213
37891,پرستاری,دانشگاه علوم پزشکی و خدمات بهداشتی درمانی هرمزگان - بندرعباس,نیمسال دوم,70,تعهد خدمت,213
37892,پرستاری,دانشکده علوم پزشکی و خدمات بهداشتی درمانی شرق استان هرمزگان - میناب,نیمسال اول,28,تعهد خدمت,214
37893,پرستاری,دانشکده علوم پزشکی و خدمات بهداشتی درمانی غرب استان هرمزگان - بندرلنگه,نیمسال اول,17,تعهد خدمت,214
37894,پرستاری,دانشکده علوم پزشکی و خدمات بهداشتی درمانی غرب استان هرمزگان - بندرلنگه,نیمسال دوم,17,تعهد خدمت,214
37895,اتاق عمل,دانشگاه علوم پزشکی و خدمات بهداشتی درمانی هرمزگان - بندرعباس,نیمسال اول,17,تعهد خدمت,214
37896,تکنولوژی پرتوشناسی,دانشگاه علوم پزشکی و خدمات بهداشتی درمانی هرمزگان - بندرعباس,نیمسال اول,21,تعهد خدمت,214
37897,علوم آزمایشگاهی,دانشگاه علوم پزشکی و خدمات بهداشتی درمانی هرمزگان - بندرعباس,نیمسال اول,21,تعهد خدمت,214
37898,علوم آزمایشگاهی,دانشگاه علوم پزشکی و خدمات بهداشتی درمانی هرمزگان - بندرعباس,نیمسال دوم,21,تعهد خدمت,214
37899,فناوری اطلاعات سلامت,دانشگاه علوم پزشکی و خدمات بهداشتی درمانی هرمزگان - بندرعباس,نیمسال اول,42,تعهد خدمت,214
37901,فوریت‌های پزشکی پیش‌بیمارستانی,دانشگاه علوم پزشکی و خدمات بهداشتی درمانی هرمزگان - بندرعباس,نیمسال اول,28,تعهد خدمت,214
37902,مامایی,دانشگاه علوم پزشکی و خدمات بهداشتی درمانی هرمزگان - بندرعباس,نیمسال اول,35,تعهد خدمت,214
37903,مهندسی بهداشت محیط,دانشگاه علوم پزشکی و خدمات بهداشتی درمانی هرمزگان - بندرعباس,نیمسال اول,24,تعهد خدمت,214
37904,هوشبری,دانشگاه علوم پزشکی و خدمات بهداشتی درمانی هرمزگان - بندرعباس,نیمسال اول,28,تعهد خدمت,214
37909,فوریت‌های پزشکی پیش‌بیمارستانی,دانشکده علوم پزشکی و خدمات بهداشتی درمانی شرق استان هرمزگان - میناب,نیمسال دوم,10,تعهد خدمت,214
37910,فوریت‌های پزشکی پیش‌بیمارستانی,دانشکده علوم پزشکی و خدمات بهداشتی درمانی غرب استان هرمزگان - بندرلنگه,نیمسال اول,14,تعهد خدمت,215
37912,مهندسی بهداشت حرفه ای و ایمنی کار,دانشگاه علوم پزشکی و خدمات بهداشتی درمانی هرمزگان - بندرعباس,نیمسال اول,12,تعهد خدمت,215
19448,بهداشت عمومی,دانشکده علوم پزشکی و خدمات بهداشتی درمانی شرق استان هرمزگان - میناب,نیمسال دوم,7,تعهد خدمت,215
19449,بهداشت عمومی,دانشکده علوم پزشکی و خدمات بهداشتی درمانی شرق استان هرمزگان - میناب,نیمسال دوم,7,تعهد خدمت,215
19450,بهداشت عمومی,دانشکده علوم پزشکی و خدمات بهداشتی درمانی غرب استان هرمزگان ( محل تحصیل مجتمع آموزش عالی سالمت بستک ),نیمسال دوم,2,تعهد خدمت,215
19451,بهداشت عمومی,دانشکده علوم پزشکی و خدمات بهداشتی درمانی غرب استان هرمزگان ( محل تحصیل مجتمع آموزش عالی سالمت بستک ),نیمسال دوم,2,تعهد خدمت,215
37913,بهداشت عمومی,دانشگاه علوم پزشکی و خدمات بهداشتی درمانی یزد ( محل تحصیل دانشکده بهداشت ),نیمسال اول,10,تعهد خدمت,215
37914,پرستاری,دانشگاه علوم پزشکی و خدمات بهداشتی درمانی یزد ( محل تحصیل دانشکده پرستاری و مامایی یزد ),نیمسال اول,12,تعهد خدمت,215
37915,پرستاری,دانشگاه علوم پزشکی و خدمات بهداشتی درمانی یزد ( محل تحصیل دانشکده پرستاری و مامایی یزد ),نیمسال دوم,13,تعهد خدمت,215
37916,پرستاری,دانشگاه علوم پزشکی و خدمات بهداشتی درمانی یزد ( محل تحصیل دانشکده علوم پزشکی میبد ),نیمسال اول,10,تعهد خدمت,216
37917,اتاق عمل,دانشگاه علوم پزشکی و خدمات بهداشتی درمانی یزد ( محل تحصیل دانشکده پیراپزشکی یزد ),نیمسال اول,7,تعهد خدمت,216
37918,اتاق عمل,دانشگاه علوم پزشکی و خدمات بهداشتی درمانی یزد ( محل تحصیل دانشکده علوم پزشکی ابرکوه ),نیمسال دوم,2,تعهد خدمت,216
37919,تکنولوژی پرتوشناسی,دانشگاه علوم پزشکی و خدمات بهداشتی درمانی یزد ( محل تحصیل دانشکده پیراپزشکی یزد ),نیمسال اول,12,تعهد خدمت,216
37920,علوم آزمایشگاهی,دانشگاه علوم پزشکی و خدمات بهداشتی درمانی یزد,نیمسال اول,10,تعهد خدمت,216
37921,فوریت‌های پزشکی پیش‌بیمارستانی,دانشگاه علوم پزشکی و خدمات بهداشتی درمانی یزد ( محل تحصیل دانشکده پیراپزشکی یزد ),نیمسال اول,10,تعهد خدمت,216
37922,مامایی,دانشگاه علوم پزشکی و خدمات بهداشتی درمانی یزد ( محل تحصیل دانشکده پرستاری و مامایی یزد ),نیمسال اول,18,تعهد خدمت,216
37923,مهندسی بهداشت محیط,دانشگاه علوم پزشکی و خدمات بهداشتی درمانی یزد ( محل تحصیل دانشکده بهداشت ),نیمسال اول,10,تعهد خدمت,216
37924,هوشبری,دانشگاه علوم پزشکی و خدمات بهداشتی درمانی یزد ( محل تحصیل دانشکده پیراپزشکی یزد ),نیمسال اول,17,تعهد خدمت,216
37925,فوریت‌های پزشکی پیش‌بیمارستانی,دانشگاه علوم پزشکی و خدمات بهداشتی درمانی یزد ( محل تحصیل دانشکده علوم پزشکی میبد ),نیمسال دوم,5,تعهد خدمت,216
37926,فوریت‌های پزشکی پیش‌بیمارستانی,دانشگاه علوم پزشکی و خدمات بهداشتی درمانی یزد ( محل تحصیل دانشکده علوم پزشکی ابرکوه ),نیمسال دوم,10,تعهد خدمت,216
37927,مهندسی بهداشت حرفه ای و ایمنی کار,دانشگاه علوم پزشکی و خدمات بهداشتی درمانی یزد,نیمسال اول,9,تعهد خدمت,216
37356,پرستاری,دانشگاه علوم پزشکی و خدمات بهداشتی درمانی یزد,نیمسال اول,25,شرایط خاص,217
37357,پرستاری,دانشگاه علوم پزشکی و خدمات بهداشتی درمانی یزد,نیمسال اول,1,سهمیه بهیاران,217
37359,علوم آزمایشگاهی,دانشگاه علوم پزشکی و خدمات بهداشتی درمانی یزد,نیمسال دوم,40,شرایط خاص,217
37360,علوم تغذیه,دانشگاه علوم پزشکی و خدمات بهداشتی درمانی یزد,نیمسال اول,40,شرایط خاص,217
37361,علوم تغذیه,دانشگاه علوم پزشکی و خدمات بهداشتی درمانی یزد,نیمسال دوم,40,شرایط خاص,217
37365,فناوری اطلاعات سلامت,دانشگاه علوم پزشکی و خدمات بهداشتی درمانی یزد,نیمسال دوم,40,شرایط خاص,217
35803,شیمی کاربردی,دانشگاه تبریز,نیمسال اول,43,عادی,218
35804,شیمی محض,دانشگاه تبریز,نیمسال اول,43,عادی,218
35812,شیمی کاربردی,دانشگاه تبریز,نیمسال اول,5,عادی,219
35813,شیمی محض,دانشگاه تبریز,نیمسال اول,5,عادی,219
10019,زیست‌شناسی گیاهی,دانشگاه تبریز,نیمسال اول,3,عادی,219
35819,شیمی کاربردی,دانشگاه شهید مدنی آذربایجان - آذرشهر,نیمسال اول,40,عادی,219
10044,زیست‌شناسی گیاهی,دانشگاه شهید مدنی آذربایجان - آذرشهر,نیمسال اول,40,عادی,219
10045,شیمی محض,دانشگاه شهید مدنی آذربایجان - آذرشهر,نیمسال اول,50,عادی,219
35825,شیمی کاربردی,دانشگاه مراغه,نیمسال اول,24,عادی,220
35829,شیمی کاربردی,دانشگاه مراغه,نیمسال اول,4,عادی,220
10069,شیمی محض,دانشگاه مراغه,نیمسال اول,40,عادی,220
10008,علوم و صنایع غذایی / علوم و مهندسی صنایع غذایی,دانشگاه بناب,نیمسال اول,20,عادی,220
10035,علوم و صنایع غذایی / علوم و مهندسی صنایع غذایی,دانشگاه تبریز (محل تحصیل دانشکده کشاورزی اهر),نیمسال اول,20,عادی,221
10039,علوم و صنایع غذایی / علوم و مهندسی صنایع غذایی,دانشگاه تبریز (محل تحصیل دانشکده کشاورزی اهر),نیمسال اول,3,عادی,221
35835,شیمی کاربردی,دانشگاه ارومیه,نیمسال دوم,40,عادی,222
35843,شیمی کاربردی,دانشگاه ارومیه,نیمسال دوم,8,عادی,222
10469,زیست‌شناسی جانوری,دانشگاه ارومیه,نیمسال اول,30,عادی,222
10470,زیست‌شناسی گیاهی,دانشگاه ارومیه,نیمسال اول,30,عادی,222
10471,شیمی محض,دانشگاه ارومیه,نیمسال اول,50,عادی,222
10475,علوم و صنایع غذایی / علوم و مهندسی صنایع غذایی,دانشگاه ارومیه,نیمسال اول,20,عادی,222
10482,زیست‌شناسی جانوری,دانشگاه ارومیه,نیمسال اول,5,عادی,223
10483,زیست‌شناسی گیاهی,دانشگاه ارومیه,نیمسال اول,5,عادی,223
10487,علوم و صنایع غذایی / علوم و مهندسی صنایع غذایی,دانشگاه ارومیه,نیمسال اول,6,عادی,223
35850,شیمی کاربردی,دانشگاه صنعتی ارومیه,نیمسال اول,16,عادی,223
35857,شیمی کاربردی,دانشگاه محقق اردبیلی - اردبیل,نیمسال اول,36,عادی,224
10828,زیست‌شناسی گیاهی,دانشگاه محقق اردبیلی - اردبیل,نیمسال اول,35,عادی,225
10832,علوم و صنایع غذایی / علوم و مهندسی صنایع غذایی,دانشگاه محقق اردبیلی - اردبیل,نیمسال اول,20,عادی,225
10843,علوم و صنایع غذایی / علوم و مهندسی صنایع غذایی,دانشگاه محقق اردبیلی - اردبیل,نیمسال اول,4,عادی,225
35874,شیمی کاربردی,دانشگاه اصفهان,نیمسال اول,16,عادی,226
35875,شیمی محض,دانشگاه اصفهان,نیمسال اول,16,عادی,226
35886,شیمی کاربردی,دانشگاه اصفهان,نیمسال اول,8,عادی,226
35887,شیمی محض,دانشگاه اصفهان,نیمسال اول,8,عادی,227
10984,زیست‌شناسی گیاهی,دانشگاه اصفهان,نیمسال اول,40,عادی,227
35895,شیمی کاربردی,دانشگاه صنعتی اصفهان,نیمسال اول,21,عادی,227
35896,شیمی محض,دانشگاه صنعتی اصفهان,نیمسال اول,21,عادی,227
35897,شیمی کاربردی,دانشگاه صنعتی اصفهان,نیمسال اول,6,عادی,227
35898,شیمی محض,دانشگاه صنعتی اصفهان,نیمسال اول,6,عادی,227
35900,شیمی کاربردی,دانشگاه کاشان,نیمسال اول,18,عادی,227
11621,زیست‌شناسی گیاهی,دانشگاه)خوارزمی (محل تحصیل کرج,نیمسال اول,30,عادی,229
11622,زیست‌شناسی گیاهی,دانشگاه)خوارزمی (محل تحصیل کرج,نیمسال اول,5,عادی,229
11747,بهداشت مواد غذایی,دانشگاه ایالم,نیمسال اول,20,عادی,230
11748,شیمی محض,دانشگاه ایالم,نیمسال اول,35,عادی,230
11749,علوم آزمایشگاهی دامپزشکی,دانشگاه ایالم,نیمسال اول,25,عادی,230
11752,علوم و صنایع غذایی / علوم و مهندسی صنایع غذایی,دانشگاه ایالم,نیمسال اول,20,عادی,230
11758,کاردانی دامپزشکی,دانشگاه ایالم,نیمسال اول,30,عادی,230
11845,شیمی محض,دانشگاه خلیج فارس - بوشهر,نیمسال اول,55,عادی,230
35988,شیمی کاربردی,دانشگاه تهران,نیمسال اول,16,عادی,232
35989,شیمی محض,دانشگاه تهران,نیمسال اول,16,عادی,232
12527,زیست‌شناسی جانوری,دانشگاه شهرکرد,نیمسال اول,25,عادی,238
12528,زیست‌شناسی گیاهی,دانشگاه شهرکرد,نیمسال اول,30,عادی,238
12679,شیمی کاربردی,دانشگاه بیرجند,نیمسال اول,90,عادی,239
12680,شیمی محض,دانشگاه بیرجند,نیمسال اول,90,عادی,239
12851,زیست‌شناسی جانوری,دانشگاه حکیم سبزواری - سبزوار,نیمسال اول,26,عادی,241
12852,زیست‌شناسی گیاهی,دانشگاه حکیم سبزواری - سبزوار,نیمسال اول,27,عادی,241
12853,شیمی کاربردی,دانشگاه حکیم سبزواری - سبزوار,نیمسال اول,40,عادی,241
12854,شیمی محض,دانشگاه حکیم سبزواری - سبزوار,نیمسال اول,23,عادی,241
12856,زیست‌شناسی جانوری,دانشگاه حکیم سبزواری - سبزوار,نیمسال اول,1,عادی,241
12857,زیست‌شناسی گیاهی,دانشگاه حکیم سبزواری - سبزوار,نیمسال اول,2,عادی,241
12858,شیمی کاربردی,دانشگاه حکیم سبزواری - سبزوار,نیمسال اول,1,عادی,241
12859,شیمی محض,دانشگاه حکیم سبزواری - سبزوار,نیمسال اول,2,عادی,242
34101,دکتری عمومی دامپزشکی,دانشگاه فردوسی مشهد,نیمسال اول,20,عادی,242
12893,زیست‌شناسی گیاهی,دانشگاه فردوسی مشهد,نیمسال اول,25,عادی,243
12904,زیست‌شناسی گیاهی,دانشگاه فردوسی مشهد,نیمسال اول,5,عادی,243
12982,شیمی کاربردی,مجتمع آموزش عالی گناباد,نیمسال اول,22,عادی,245
12948,شیمی محض,دانشکده کشاورزی و دامپروری تربت جام,نیمسال اول,23,عادی,246
12950,علوم و صنایع غذایی / علوم و مهندسی صنایع غذایی,دانشکده کشاورزی و دامپروری تربت جام,نیمسال اول,20,عادی,246
12951,علوم و صنایع غذایی / علوم و مهندسی صنایع غذایی,دانشکده کشاورزی و دامپروری تربت جام,نیمسال اول,2,شرایط خاص,246
12952,علوم و صنایع غذایی / علوم و مهندسی صنایع غذایی,دانشکده کشاورزی و دامپروری تربت جام,نیمسال اول,3,شرایط خاص,246
12953,علوم و صنایع غذایی / علوم و مهندسی صنایع غذایی,دانشکده کشاورزی و دامپروری تربت جام,نیمسال اول,3,شرایط خاص,246
12954,علوم و صنایع غذایی / علوم و مهندسی صنایع غذایی,دانشکده کشاورزی و دامپروری تربت جام,نیمسال اول,4,شرایط خاص,246
12955,علوم و صنایع غذایی / علوم و مهندسی صنایع غذایی,دانشکده کشاورزی و دامپروری تربت جام,نیمسال اول,4,شرایط خاص,246
12956,علوم و صنایع غذایی / علوم و مهندسی صنایع غذایی,دانشکده کشاورزی و دامپروری تربت جام,نیمسال اول,1,شرایط خاص,246
12957,علوم و صنایع غذایی / علوم و مهندسی صنایع غذایی,دانشکده کشاورزی و دامپروری تربت جام,نیمسال اول,1,شرایط خاص,247
12958,علوم و صنایع غذایی / علوم و مهندسی صنایع غذایی,دانشکده کشاورزی و دامپروری تربت جام,نیمسال اول,2,شرایط خاص,247
12959,علوم و صنایع غذایی / علوم و مهندسی صنایع غذایی,دانشکده کشاورزی و دامپروری تربت جام,نیمسال اول,4,شرایط خاص,247
12961,شیمی محض,دانشکده کشاورزی و دامپروری تربت جام,نیمسال اول,3,عادی,247
12962,علوم و صنایع غذایی / علوم و مهندسی صنایع غذایی,دانشکده کشاورزی و دامپروری تربت جام,نیمسال اول,4,عادی,247
13590,زیست‌شناسی سلولی و مولکولی,دانشگاه کوثر (ویژه خواهران - بجنورد),نیمسال اول,41,عادی,248
13591,شیمی کاربردی,دانشگاه کوثر (ویژه خواهران - بجنورد),نیمسال اول,46,عادی,248
13706,زیست‌شناسی جانوری,دانشگاه شهید چمران اهواز,نیمسال اول,30,عادی,250
13707,زیست‌شناسی گیاهی,دانشگاه شهید چمران اهواز,نیمسال اول,30,عادی,250
13726,زیست‌شناسی گیاهی,دانشگاه صنعتی خاتم االنبیاء(ص) بهبهان,نیمسال اول,35,عادی,250
13732,زیست‌شناسی گیاهی,دانشگاه صنعتی خاتم االنبیاء(ص) بهبهان,نیمسال اول,2,عادی,251
13758,شیمی محض,دانشگاه علوم و فنون دریایی خرمشهر,نیمسال اول,25,عادی,251
14137,زیست‌شناسی جانوری,دانشگاه زنجان,نیمسال اول,40,عادی,252
14138,زیست‌شناسی گیاهی,دانشگاه زنجان,نیمسال اول,40,عادی,252
14141,علوم و صنایع غذایی / علوم و مهندسی صنایع غذایی,دانشگاه زنجان,نیمسال اول,20,عادی,252
14281,زیست‌شناسی جانوری,دانشگاه دامغان,نیمسال اول,25,عادی,253
14282,زیست‌شناسی گیاهی,دانشگاه دامغان,نیمسال اول,25,عادی,253
14283,شیمی کاربردی,دانشگاه دامغان,نیمسال اول,60,عادی,253
14284,شیمی محض,دانشگاه دامغان,نیمسال اول,60,عادی,253
14317,زیست‌شناسی جانوری,دانشگاه سمنان,نیمسال اول,10,عادی,254
14318,زیست‌شناسی سلولی و مولکولی,دانشگاه سمنان,نیمسال اول,20,عادی,254
14319,زیست‌شناسی جانوری,دانشگاه سمنان,نیمسال اول,5,عادی,254
14320,زیست‌شناسی سلولی و مولکولی,دانشگاه سمنان,نیمسال اول,8,عادی,254
14334,شیمی کاربردی,دانشگاه صنعتی شاهرود,نیمسال اول,40,عادی,255
14335,شیمی محض,دانشگاه صنعتی شاهرود,نیمسال اول,40,عادی,255
14341,شیمی کاربردی,دانشگاه صنعتی شاهرود,نیمسال اول,10,عادی,255
14342,شیمی محض,دانشگاه صنعتی شاهرود,نیمسال اول,10,عادی,255
14306,علوم و صنایع غذایی / علوم و مهندسی صنایع غذایی,دانشگاه سمنان (محل تحصیل آموزشکده دامپزشکی شهمیرزاد),نیمسال اول,20,عادی,256
34137,زیست‌فناوری,دانشگاه زابل,نیمسال اول,10,عادی,256
14568,زیست‌شناسی جانوری,دانشگاه زابل,نیمسال اول,35,عادی,256
14572,شیمی محض,دانشگاه زابل,نیمسال اول,35,عادی,257
14573,علوم آزمایشگاهی دامپزشکی,دانشگاه زابل,نیمسال اول,35,عادی,257
14577,علوم و صنایع غذایی / علوم و مهندسی صنایع غذایی,دانشگاه زابل,نیمسال اول,20,عادی,257
14588,کاردانی دامپزشکی,دانشگاه زابل,نیمسال اول,35,عادی,257
14589,زیست‌شناسی جانوری,دانشگاه زابل,نیمسال اول,10,عادی,257
14590,زیست‌شناسی سلولی و مولکولی,دانشگاه زابل,نیمسال اول,10,عادی,257
14591,زیست‌شناسی گیاهی,دانشگاه زابل,نیمسال اول,10,عادی,257
14592,شیمی کاربردی,دانشگاه زابل,نیمسال اول,10,عادی,257
14593,شیمی محض,دانشگاه زابل,نیمسال اول,10,عادی,257
14594,علوم آزمایشگاهی دامپزشکی,دانشگاه زابل,نیمسال اول,5,عادی,257
14598,علوم و صنایع غذایی / علوم و مهندسی صنایع غذایی,دانشگاه زابل,نیمسال اول,10,عادی,258
14609,کاردانی دامپزشکی,دانشگاه زابل,نیمسال اول,10,عادی,258
14635,علوم و صنایع غذایی / علوم و مهندسی صنایع غذایی,دانشگاه زابل,نیمسال اول,15,عادی,258
14532,شیمی کاربردی,دانشگاه دریانوردی و علوم دریایی چابهار,نیمسال اول,30,عادی,258
14536,شیمی کاربردی,دانشگاه دریانوردی و علوم دریایی چابهار,نیمسال اول,5,عادی,259
14674,زیست‌شناسی جانوری,دانشگاه سیستان و بلوچستان - زاهدان,نیمسال اول,50,عادی,260
14675,زیست‌شناسی سلولی و مولکولی,دانشگاه سیستان و بلوچستان - زاهدان,نیمسال اول,50,عادی,260
14676,زیست‌شناسی گیاهی,دانشگاه سیستان و بلوچستان - زاهدان,نیمسال اول,50,عادی,260
14677,شیمی کاربردی,دانشگاه سیستان و بلوچستان - زاهدان,نیمسال اول,40,عادی,260
14927,زیست‌شناسی گیاهی,دانشگاه شیراز,نیمسال اول,25,عادی,262
14916,علوم و صنایع غذایی / علوم و مهندسی صنایع غذایی,دانشگاه جهرم,نیمسال اول,20,عادی,263
14950,شیمی محض,دانشگاه شیراز (محل تحصیل مرکز آموزش)عالی استهبان,نیمسال اول,30,عادی,264
14959,علوم و صنایع غذایی / علوم و مهندسی صنایع غذایی,دانشگاه فسا,نیمسال اول,20,عادی,265
14961,علوم و صنایع غذایی / علوم و مهندسی صنایع غذایی,دانشگاه فسا,نیمسال اول,7,عادی,265
15732,زیست‌شناسی جانوری,دانشگاه قم,نیمسال اول,50,عادی,267
15733,زیست‌شناسی گیاهی,دانشگاه قم,نیمسال اول,30,عادی,267
15927,علوم و صنایع غذایی / علوم و مهندسی صنایع غذایی,دانشگاه کردستان - سنندج,نیمسال اول,20,عادی,268
15938,علوم و صنایع غذایی / علوم و مهندسی صنایع غذایی,دانشگاه کردستان - سنندج,نیمسال اول,1,عادی,268
16113,زیست‌شناسی گیاهی,دانشگاه جیرفت,نیمسال اول,17,عادی,270
16114,شیمی کاربردی,دانشگاه جیرفت,نیمسال اول,28,عادی,270
16115,شیمی محض,دانشگاه جیرفت,نیمسال اول,28,عادی,270
16119,علوم و صنایع غذایی / علوم و مهندسی صنایع غذایی,دانشگاه جیرفت,نیمسال اول,17,عادی,270
16127,زیست‌شناسی گیاهی,دانشگاه جیرفت,نیمسال اول,2,عادی,270
16128,شیمی کاربردی,دانشگاه جیرفت,نیمسال اول,2,عادی,270
16129,شیمی محض,دانشگاه جیرفت,نیمسال اول,2,عادی,270
16133,علوم و صنایع غذایی / علوم و مهندسی صنایع غذایی,دانشگاه جیرفت,نیمسال اول,2,عادی,270
16158,زیست‌شناسی جانوری,دانشگاه شهید باهنر کرمان,نیمسال اول,28,عادی,271
16159,زیست‌شناسی گیاهی,دانشگاه شهید باهنر کرمان,نیمسال اول,28,عادی,271
16164,علوم و صنایع غذایی / علوم و مهندسی صنایع غذایی,دانشگاه شهید باهنر کرمان,نیمسال اول,20,عادی,271
16172,زیست‌شناسی جانوری,دانشگاه شهید باهنر کرمان,نیمسال اول,7,عادی,272
16173,زیست‌شناسی گیاهی,دانشگاه شهید باهنر کرمان,نیمسال اول,7,عادی,272
16174,شیمی کاربردی,دانشگاه شهید باهنر کرمان,نیمسال اول,5,عادی,272
16175,شیمی محض,دانشگاه شهید باهنر کرمان,نیمسال اول,5,عادی,272
16178,علوم و صنایع غذایی / علوم و مهندسی صنایع غذایی,دانشگاه شهید باهنر کرمان,نیمسال اول,5,عادی,272
16212,شیمی کاربردی,دانشگاه ولی عصر(عج) رفسنجان,نیمسال اول,45,عادی,272
16217,شیمی کاربردی,دانشگاه ولی عصر(عج) رفسنجان,نیمسال اول,4,عادی,273
16510,زیست‌شناسی جانوری,دانشگاه رازی - کرمانشاه,نیمسال اول,35,عادی,275
16511,زیست‌شناسی گیاهی,دانشگاه رازی - کرمانشاه,نیمسال اول,35,عادی,275
16512,علوم آزمایشگاهی دامپزشکی,دانشگاه رازی - کرمانشاه,نیمسال اول,30,عادی,275
16764,زیست‌شناسی گیاهی,دانشگاه یاسوج,نیمسال اول,30,عادی,277
16765,شیمی محض,دانشگاه یاسوج,نیمسال اول,30,عادی,277
16774,شیمی کاربردی,دانشگاه یاسوج (محل تحصیل دانشکده نفت و گاز گچساران),نیمسال اول,35,عادی,277
16928,زیست‌شناسی جانوری,دانشگاه گنبد,نیمسال اول,16,عادی,278
16931,شیمی محض,دانشگاه گنبد,نیمسال اول,18,عادی,278
16913,زیست‌شناسی جانوری,دانشگاه گلستان - گرگان,نیمسال اول,25,عادی,278
16914,زیست‌شناسی گیاهی,دانشگاه گلستان - گرگان,نیمسال اول,25,عادی,278
16916,زیست‌شناسی جانوری,دانشگاه گلستان - گرگان,نیمسال اول,10,عادی,278
16917,زیست‌شناسی گیاهی,دانشگاه گلستان - گرگان,نیمسال اول,10,عادی,278
16881,علوم و صنایع غذایی / علوم و مهندسی صنایع غذایی,دانشگاه علوم کشاورزی و منابع طبیعی گرگان,نیمسال اول,20,عادی,279
16896,علوم و صنایع غذایی / علوم و مهندسی صنایع غذایی,دانشگاه علوم کشاورزی و منابع طبیعی گرگان,نیمسال اول,20,عادی,280
34158,زیست‌شناسی سلولی و مولکولی,دانشگاه گیالن - رشت,نیمسال اول,40,عادی,281
17157,زیست‌شناسی گیاهی,دانشگاه گیالن - رشت,نیمسال اول,40,عادی,281
17160,علوم و صنایع غذایی / علوم و مهندسی صنایع غذایی,دانشگاه گیالن - رشت,نیمسال اول,20,عادی,281
17168,زیست‌شناسی گیاهی,دانشگاه گیالن - رشت,نیمسال اول,20,عادی,282
17171,علوم و صنایع غذایی / علوم و مهندسی صنایع غذایی,دانشگاه گیالن - رشت,نیمسال اول,20,عادی,282
17443,زیست‌شناسی جانوری,دانشگاه لرستان - خرم آباد,نیمسال اول,20,عادی,284
17444,زیست‌شناسی گیاهی,دانشگاه لرستان - خرم آباد,نیمسال اول,25,عادی,284
17445,شیمی محض,دانشگاه لرستان - خرم آباد,نیمسال اول,30,عادی,284
17446,علوم آزمایشگاهی دامپزشکی,دانشگاه لرستان - خرم آباد,نیمسال اول,25,عادی,284
17457,زیست‌شناسی جانوری,دانشگاه لرستان - خرم آباد,نیمسال اول,5,عادی,284
17458,زیست‌شناسی گیاهی,دانشگاه لرستان - خرم آباد,نیمسال اول,5,عادی,284
17460,علوم آزمایشگاهی دامپزشکی,دانشگاه لرستان - خرم آباد,نیمسال اول,5,عادی,284
17426,شیمی محض,دانشگاه آیت اله العظمی بروجردی - بروجرد,نیمسال اول,33,عادی,284
17642,بهداشت مواد غذایی,دانشگاه تخصصی فنّاوری های نوین آمل,نیمسال اول,21,عادی,285
17643,بهداشت و بازرسی گوشت,دانشگاه تخصصی فنّاوری های نوین آمل,نیمسال اول,20,عادی,285
17644,زیست‌شناسی جانوری,دانشگاه تخصصی فنّاوری های نوین آمل,نیمسال اول,20,عادی,285
17647,بهداشت مواد غذایی,دانشگاه تخصصی فنّاوری های نوین آمل,نیمسال اول,6,عادی,285
17648,بهداشت و بازرسی گوشت,دانشگاه تخصصی فنّاوری های نوین آمل,نیمسال اول,6,عادی,285
36475,شیمی کاربردی,دانشگاه مازندران - بابلسر,نیمسال اول,28,عادی,286
36476,شیمی کاربردی,دانشگاه مازندران - بابلسر,نیمسال اول,1,شرایط خاص,286
36477,شیمی کاربردی,دانشگاه مازندران - بابلسر,نیمسال اول,1,شرایط خاص,286
36478,شیمی محض,دانشگاه مازندران - بابلسر,نیمسال اول,1,شرایط خاص,286
36479,شیمی محض,دانشگاه مازندران - بابلسر,نیمسال اول,28,عادی,286
17698,زیست‌شناسی گیاهی,دانشگاه مازندران - بابلسر,نیمسال اول,30,عادی,287
17702,زیست‌شناسی گیاهی,دانشگاه مازندران - بابلسر,نیمسال اول,10,عادی,287
17665,علوم و صنایع غذایی / علوم و مهندسی صنایع غذایی,دانشگاه علوم کشاورزی و منابع طبیعی ساری,نیمسال اول,20,عادی,288
17679,علوم و صنایع غذایی / علوم و مهندسی صنایع غذایی,دانشگاه علوم کشاورزی و منابع طبیعی ساری,نیمسال اول,20,عادی,289
18364,زیست‌شناسی جانوری,دانشگاه اراک,نیمسال اول,35,عادی,290
18365,زیست‌شناسی گیاهی,دانشگاه اراک,نیمسال دوم,30,عادی,290
18555,شیمی محض,دانشگاه هرمزگان - بندرعباس,نیمسال اول,3,عادی,291
18566,علوم و صنایع غذایی / علوم و مهندسی صنایع غذایی,دانشگاه هرمزگان (محل تحصیل مجتمع آموزش عالی)میناب,نیمسال اول,20,عادی,291
18731,زیست‌شناسی گیاهی,دانشگاه بوعلی سینا - همدان,نیمسال اول,35,عادی,294
18741,علوم و صنایع غذایی / علوم و مهندسی صنایع غذایی,دانشگاه بوعلی سینا - همدان,نیمسال اول,5,عادی,294
18784,شیمی کاربردی,دانشگاه مالیر,نیمسال دوم,17,عادی,295
18748,علوم و صنایع غذایی / علوم و مهندسی صنایع غذایی,دانشگاه بوعلی سینا (محل تحصیل دانشکده کشاورزی و منابع طبیعی تویسرکان),نیمسال اول,8,عادی,296
18749,علوم و صنایع غذایی / علوم و مهندسی صنایع غذایی,دانشگاه بوعلی سینا ))(محل تحصیل دانشکده صنایع غذایی بهار (ویژه خواهران,نیمسال اول,20,بومی,296
18750,علوم و صنایع غذایی / علوم و مهندسی صنایع غذایی,دانشگاه بوعلی سینا ))(محل تحصیل دانشکده صنایع غذایی بهار (ویژه خواهران,نیمسال اول,8,عادی,296
18751,شیمی کاربردی,دانشگاه بوعلی سینا (محل تحصیل مجتمع آموزش عالی فاطمیه نهاوند (ویژه خواهران),نیمسال اول,15,عادی,296
18989,شیمی محض,دانشگاه یزد,نیمسال اول,45,عادی,298
18991,علوم و صنایع غذایی / علوم و مهندسی صنایع غذایی,دانشگاه یزد,نیمسال اول,20,عادی,298
18969,بهداشت مواد غذایی,دانشگاه اردکان,نیمسال اول,20,عادی,298
18970,علوم آزمایشگاهی دامپزشکی,دانشگاه اردکان,نیمسال اول,22,عادی,298
18972,علوم و صنایع غذایی / علوم و مهندسی صنایع غذایی,دانشگاه اردکان,نیمسال اول,19,عادی,298
18976,کاردانی دامپزشکی,دانشگاه اردکان,نیمسال اول,40,عادی,298
19183,علوم آزمایشگاهی دامپزشکی,دانشگاه اردکان,نیمسال اول,1,بومی,300
19185,علوم و صنایع غذایی / علوم و مهندسی صنایع غذایی,دانشگاه اردکان,نیمسال اول,1,بومی,300
36792,دکتری عمومی دامپزشکی,دانشگاه اردکان,نیمسال اول,3,بومی,301
36793,زیست‌شناسی سلولی و مولکولی,دانشگاه اردکان,نیمسال اول,1,بومی,301
36794,زیست‌فناوری,دانشگاه اردکان,نیمسال اول,1,بومی,301
19197,زیست‌شناسی گیاهی,دانشگاه اردکان,نیمسال اول,1,بومی,301
36795,دکتری عمومی دامپزشکی,دانشگاه اردکان,نیمسال اول,1,بومی,301
36796,دکتری عمومی دامپزشکی,دانشگاه اردکان,نیمسال اول,3,بومی,301
19202,علوم آزمایشگاهی دامپزشکی,دانشگاه اردکان,نیمسال اول,5,بومی,301
19209,زیست‌شناسی سلولی و مولکولی,دانشگاه اردکان,نیمسال اول,1,بومی,301
36797,دکتری عمومی دامپزشکی,دانشگاه اردکان,نیمسال اول,3,بومی,302
36798,بهداشت مواد غذایی,دانشگاه اردکان,نیمسال اول,1,بومی,302
36799,میکروبیولوژی,دانشگاه اردکان,نیمسال اول,2,بومی,302
36800,دکتری عمومی دامپزشکی,دانشگاه اردکان,نیمسال اول,3,بومی,302
19223,علوم آزمایشگاهی دامپزشکی,دانشگاه اردکان,نیمسال اول,4,بومی,302
36801,دکتری عمومی دامپزشکی,دانشگاه اردکان,نیمسال اول,1,بومی,302
36802,دکتری عمومی دامپزشکی,دانشگاه اردکان,نیمسال اول,2,بومی,302
36803,زیست‌شناسی سلولی و مولکولی,دانشگاه اردکان,نیمسال اول,1,بومی,302
36804,زیست‌شناسی سلولی و مولکولی,دانشگاه اردکان,نیمسال اول,1,بومی,302
36805,زیست‌فناوری,دانشگاه اردکان,نیمسال اول,1,بومی,303
36806,زیست‌فناوری,دانشگاه اردکان,نیمسال اول,1,بومی,303
36807,دکتری عمومی دامپزشکی,دانشگاه اردکان,نیمسال اول,3,بومی,303
36808,زیست‌شناسی سلولی و مولکولی,دانشگاه اردکان,نیمسال اول,1,بومی,303
36809,زیست‌فناوری,دانشگاه اردکان,نیمسال اول,1,بومی,303
36810,علوم و صنایع غذایی / علوم و مهندسی صنایع غذایی,دانشگاه اردکان,نیمسال اول,1,بومی,303
36811,میکروبیولوژی,دانشگاه اردکان,نیمسال اول,1,بومی,303
36812,دکتری عمومی دامپزشکی,دانشگاه اردکان,نیمسال اول,1,بومی,303
36813,دکتری عمومی دامپزشکی,دانشگاه اردکان,نیمسال اول,1,بومی,303
36814,زیست‌شناسی سلولی و مولکولی,دانشگاه اردکان,نیمسال اول,1,بومی,303
36815,زیست‌فناوری,دانشگاه اردکان,نیمسال اول,2,بومی,303
36816,زیست‌فناوری,دانشگاه اردکان,نیمسال اول,2,بومی,303
19260,زیست‌شناسی گیاهی,دانشگاه اردکان,نیمسال اول,1,بومی,304
19285,زیست‌شناسی جانوری,دانشگاه اردکان,نیمسال اول,2,بومی,305
19295,زیست‌شناسی گیاهی,دانشگاه اردکان,نیمسال اول,1,بومی,305
19301,علوم و صنایع غذایی / علوم و مهندسی صنایع غذایی,دانشگاه اردکان,نیمسال اول,2,بومی,305
19311,شیمی محض,دانشگاه اردکان,نیمسال اول,2,بومی,306
19314,زیست‌شناسی جانوری,دانشگاه اردکان,نیمسال اول,1,بومی,306
19315,زیست‌شناسی گیاهی,دانشگاه اردکان,نیمسال اول,1,بومی,306
19316,شیمی کاربردی,دانشگاه اردکان,نیمسال اول,2,بومی,307
19317,شیمی محض,دانشگاه اردکان,نیمسال اول,2,بومی,307
19350,زیست‌شناسی جانوری,دانشگاه اردکان,نیمسال اول,2,بومی,308
19351,زیست‌شناسی سلولی و مولکولی,دانشگاه اردکان,نیمسال اول,2,بومی,308
19355,علوم آزمایشگاهی دامپزشکی,دانشگاه اردکان,نیمسال اول,2,بومی,308
19358,علوم و صنایع غذایی / علوم و مهندسی صنایع غذایی,دانشگاه اردکان,نیمسال اول,2,بومی,308
19384,زیست‌شناسی جانوری,دانشگاه اردکان,نیمسال اول,2,بومی,308
19386,زیست‌شناسی گیاهی,دانشگاه اردکان,نیمسال اول,1,بومی,308
19338,شیمی کاربردی,دانشگاه اردکان,نیمسال اول,2,شرایط خاص,309
19353,شیمی کاربردی,دانشگاه اردکان,نیمسال اول,2,شرایط خاص,309
19354,شیمی محض,دانشگاه اردکان,نیمسال اول,2,شرایط خاص,309
19387,شیمی کاربردی,دانشگاه اردکان,نیمسال اول,2,شرایط خاص,309
19388,شیمی محض,دانشگاه اردکان,نیمسال اول,2,شرایط خاص,309
19414,علوم و صنایع غذایی / علوم و مهندسی صنایع غذایی,مجتمع آموزش عالی میناب ),نیمسال اول,1,بومی,309
